treeid,dbh,scorch,intensity_-19.9,intensity_-19.7,intensity_-19.5,intensity_-19.3,intensity_-19.1,intensity_-18.9,intensity_-18.7,intensity_-18.5,intensity_-18.3,intensity_-18.1,intensity_-17.9,intensity_-17.7,intensity_-17.5,intensity_-17.3,intensity_-17.1,intensity_-16.9,intensity_-16.7,intensity_-16.5,intensity_-16.3,intensity_-16.1,intensity_-15.9,intensity_-15.7,intensity_-15.5,intensity_-15.3,intensity_-15.1,intensity_-14.9,intensity_-14.7,intensity_-14.5,intensity_-14.3,intensity_-14.1,intensity_-13.9,intensity_-13.7,intensity_-13.5,intensity_-13.3,intensity_-13.1,intensity_-12.9,intensity_-12.7,intensity_-12.5,intensity_-12.3,intensity_-12.1,intensity_-11.9,intensity_-11.7,intensity_-11.5,intensity_-11.3,intensity_-11.1,intensity_-10.9,intensity_-10.7,intensity_-10.5,intensity_-10.3,intensity_-10.1,intensity_-9.9,intensity_-9.7,intensity_-9.5,intensity_-9.3,intensity_-9.1,intensity_-8.9,intensity_-8.7,intensity_-8.5,intensity_-8.3,intensity_-8.1,intensity_-7.9,intensity_-7.7,intensity_-7.5,intensity_-7.3,intensity_-7.1,intensity_-6.9,intensity_-6.7,intensity_-6.5,intensity_-6.3,intensity_-6.1,intensity_-5.9,intensity_-5.7,intensity_-5.5,intensity_-5.3,intensity_-5.1,intensity_-4.9,intensity_-4.7,intensity_-4.5,intensity_-4.3,intensity_-4.1,intensity_-3.9,intensity_-3.7,intensity_-3.5,intensity_-3.3,intensity_-3.1,intensity_-2.9,intensity_-2.7,intensity_-2.5,intensity_-2.3,intensity_-2.1,intensity_-1.9,intensity_-1.7,intensity_-1.5,intensity_-1.3,intensity_-1.1,intensity_-0.9,intensity_-0.7,intensity_-0.5,intensity_-0.3,intensity_-0.1
A-04-6978,18.4,45,0.016589331108411338,0.017077252611599907,0.016125805680381914,0.019004542549194755,0.01902893862435418,0.021956467643485595,0.022005259793804452,0.022712745973427474,0.024810808437138725,0.026006216119950718,0.027689545305951278,0.026518533698298714,0.0302267371225313,0.030787846851198692,0.031934462383691825,0.0335446033442141,0.03215402706012668,0.0322272152856044,0.0345692385009101,0.036618508814302085,0.034935179628301526,0.039741206434708576,0.03893613595444744,0.04218081395065177,0.042254002176130054,0.0483774170411466,0.046230562427116484,0.04730398973413132,0.049036111070451166,0.04845060526662488,0.05252474981824943,0.05452522798132208,0.055647447438655774,0.05855058038262825,0.0631370425126008,0.06216119950622366,0.06455201487184707,0.06545466965274592,0.06830901044639963,0.0652838971266305,0.07060224151138528,0.07296866080185047,0.07289547257637218,0.07501793111524178,0.0772867661050693,0.08258071441466454,0.079775165771331,0.07816502481080803,0.07899449136622928,0.08031187942483842,0.0835809534962011,0.08265390264014355,0.08187322823504112,0.08097057345414299,0.08128772243121556,0.0851423023064045,0.08131211850637499,0.0792628481929823,0.08228796151275213,0.0827758830159407,0.08409327107454909,0.08182443608472299,0.07738435040570632,0.07782347975857672,0.07550585261843103,0.07733555825538747,0.06762592034193564,0.07050465721074757,0.06796746539416763,0.0667476616361962,0.0637957365419048,0.06096579182341167,0.055964596415728346,0.05379334572653971,0.05013393445262544,0.04476679791755079,0.044278876414362615,0.04552307624749306,0.04459602539143519,0.046254958502276323,0.05220760084117686,0.05025591482842169,0.05252474981824943,0.0549887534093517,0.05820903533039626,0.059111690111295107,0.05713560802338039,0.051475718586394006,0.041351347395231206,0.030690262550560978,0.024810808437138725,0.019614444428180118,0.012076057203917077,0.008245873403886812,0.004879215031885688,0.003195885845885069,0.0018541017121165614,9.514469312177092e-4,4.8792150318856877e-4,1.2198037579714219e-4
A-04-6982,4.3,100,0.02203478178458047,0.023456380609392112,0.02487797943420331,0.026773444533952615,0.02369331374686072,0.030327441595981722,0.021797848647111862,0.02487797943420331,0.032696772970667795,0.027484243946358435,0.027010377671421223,0.03459223807041665,0.03482917120788464,0.03553997062029108,0.042174098469412086,0.039330900819788794,0.035066104345353864,0.04170023219447412,0.0492820925934703,0.046438894943847016,0.04572809553144119,0.05354688906790476,0.058048618679808255,0.05899635122968319,0.05283608965549941,0.07652940340236013,0.06373501397905477,0.05733781926740244,0.0625503482917123,0.048808226318533085,0.05852248495474598,0.0604179500544943,0.06349808084158617,0.05283608965549941,0.05947021750462041,0.06634127849121002,0.06799981045348967,0.06776287731602106,0.07344927261526824,0.06634127849121002,0.07273847320286177,0.07676633653982874,0.08505899635122999,0.08103113301426294,0.09643178694972314,0.10045965028668857,0.09785338577453477,0.08884992655072692,0.09714258636212895,0.10614604558593603,0.09998578401175136,0.09335165616263123,0.10353978107378044,0.08505899635122999,0.09050845851300796,0.09903805146187694,0.09429938871250566,0.09619485381225368,0.10306591479884414,0.09477325498744288,0.11751883618442814,0.11112164147277678,0.1066199118608723,0.09666872008719174,0.08505899635122999,0.08695446145097807,0.07937260105198342,0.07558167085248503,0.06847367672842748,0.07510780457754848,0.0604179500544943,0.05188835710562498,0.05165142396815591,0.03553997062029108,0.029853575321044507,0.02653651139648377,0.018954650997488578,0.016111453347865148,0.01776998531014554,0.010661991186087324,0.008292659811401253,0.009003459223806912,0.009003459223807074,0.0061602615741837875,0.00592332843671518,0.006871060986589609,0.002843197649623236,0.002132398237217465,0.0023693313746860722,0.002132398237217465,9.477325498744288e-4,4.7386627493720596e-4,4.738662749372144e-4,4.738662749372144e-4,0,0,0,0,0,0
A-04-6988,4.3,100,0.018301526278229306,0.018301526278229306,0.01772600658394505,0.018992149911370035,0.019107253850226824,0.0212942286885058,0.02601349018163411,0.02417182715992507,0.02589838624277732,0.025783282303920536,0.024747346854209443,0.027855153203342718,0.03027233591933473,0.03245931075761424,0.03245931075761424,0.03234420681875746,0.02969681622505133,0.031308271369045806,0.03510670135132037,0.03303483045189819,0.034300973779322855,0.0346462855958929,0.03844471557816688,0.04431501645986342,0.039480651027878316,0.045235847970717724,0.04385460070443587,0.04822855038099378,0.05409885126269041,0.05133635673012749,0.06319206243237667,0.06042956789981321,0.06791132392550436,0.06457330969865813,0.075508183890053,0.08391077142659853,0.0827597320380299,0.07999723750546701,0.07124933815235183,0.06618476484265316,0.06802642786436115,0.07067381845806789,0.079306613872327,0.07435714450148444,0.07769515872833196,0.08667326595916065,0.08529201869287999,0.09726282833398507,0.09588158106770449,0.11107530099680052,0.1164851861230685,0.11475862704021773,0.11360758765164883,0.11188102856879803,0.11049978130251657,0.11671539400078208,0.10796749464766724,0.11026957342480201,0.12051382398305714,0.12811068394760516,0.1299523469693126,0.1373189990561482,0.1270747484978929,0.13916066207785682,0.12500287759847187,0.11637008218421172,0.07965192568889737,0.06445820575980075,0.05881811275581872,0.05329312369069289,0.045811367665001254,0.03338014226846855,0.03717857225074222,0.031078063491332786,0.02658900987591805,0.02463224291535243,0.021409332627362585,0.017035382950804485,0.01565413568452318,0.012661433274246691,0.011395289946822021,0.0064458205759800186,0.004949469370841888,0.00241718271599255,0.0017265590828518214,0.0016114551439950335,5.755196942839303e-4,0.0010359354497110928,6.906236331407286e-4,3.453118165703643e-4,2.302078777135762e-4,0,2.302078777135762e-4,2.302078777135762e-4,0,0,0,0,0,0
A-04-6993,10.8,100,0.023129567485147193,0.02441902072473728,0.022646022520300506,0.024821974862109183,0.026175900763678775,0.027416999506784234,0.02896434339429234,0.029560715517602226,0.031301477391049375,0.03436392883507583,0.034267219842106574,0.03547608225422228,0.03723296229316311,0.040359886399169737,0.04152039431480081,0.04371246482210397,0.04003752308927221,0.040134232082240755,0.040504949888623624,0.04245524791350363,0.04066613154357238,0.04356740133264969,0.04408318262848572,0.04524369054411719,0.04616242597732513,0.04974065871718762,0.048966986773433134,0.0495955952277333,0.054769526351588965,0.0517070749075625,0.05910531286971063,0.059637212331041016,0.06274801827155208,0.06680979597626141,0.07035579238513415,0.0803007004954727,0.08084871812229776,0.07951091038622306,0.07590044131537152,0.06866338500817215,0.07208043609308525,0.07198372710011663,0.07145182763878571,0.07219326325154937,0.07506229670963796,0.07754449419584819,0.07959150121369815,0.08481378683403724,0.08884332820775702,0.099642499089324,0.10015828038515914,0.1020763420790503,0.10070629801198493,0.09675734746574119,0.09242156094761952,0.09363042335973439,0.08570028593625618,0.08186416254847495,0.08815024709147735,0.09093868972209092,0.09372713235270365,0.09448468613096365,0.09105151688055424,0.08989100896492397,0.08362104258741718,0.08433024186919097,0.06547198824018668,0.05941155801411275,0.050917284798313575,0.04584006266742761,0.03974739611036409,0.03871583351869238,0.03425110167661139,0.03330012991241401,0.03230080365173169,0.030834050591697693,0.031785022355895656,0.032204094658762145,0.03778097991998956,0.043261156188247434,0.052658046671760196,0.06387628985619281,0.06374734453223495,0.05509188966148649,0.03660435383886361,0.017149728086548164,0.007349883465663367,0.004803213317473075,0.003610469070852245,0.00346540558139836,0.0023048976657672813,0.0017729982044363385,0.0010960352536515743,5.31899461330911e-4,2.256543169282653e-4,1.4506348945388225e-4,8.059082747438046e-5,3.223633098975219e-5,3.223633098975219e-5,0
A-04-7007,41.1,50,0.031199187268661745,0.031494247238465764,0.030609067329053167,0.033160201221820756,0.03496233672970068,0.03655112118249154,0.03585659540741439,0.03601093446854201,0.036528424261737386,0.037967409037550824,0.03764057337869099,0.03838503237942728,0.04126300193105343,0.041263001931054165,0.0431695432744032,0.04604297344187925,0.04523950244718215,0.04639250602149242,0.047935896632775796,0.04914337281689685,0.048199180913523994,0.05090919325156967,0.05278849829001371,0.05357381174810794,0.05370999327263288,0.0581449715879948,0.056406387458226015,0.05602053980540538,0.05700558616613621,0.05599784288465172,0.05882133982646863,0.060210391376622395,0.061672073073189976,0.06080959008453263,0.06178101829281047,0.0651038474912188,0.06177647890865909,0.0628613917207077,0.0640961042097343,0.0603238759803937,0.06533535608291059,0.0654125256134753,0.06507207180216297,0.06631132367533926,0.0664656627364681,0.07060558108202539,0.06807714411001312,0.06754149678021446,0.06584376710780425,0.06953428642242988,0.07052387216731043,0.0705601872405177,0.06927100214168107,0.0693027778307375,0.06987474023374221,0.07212173538840294,0.0685855551349062,0.0647497755274534,0.06874897296433612,0.06553962836969857,0.06594363355912194,0.06348782673352293,0.06212601148827308,0.06243015022637931,0.06011506430945548,0.06162667923168167,0.05463602763940241,0.05623843024464527,0.05646086006803649,0.055276080804669586,0.054268337523184614,0.053732690193387035,0.05297915242434861,0.05356473297980628,0.05449076734657582,0.054277416291486275,0.05508088728618385,0.05662427789746591,0.05731880367254356,0.059356987156266694,0.05930705393060755,0.05831292880157452,0.05731880367254356,0.055652849689188565,0.0533332243881139,0.04858956795049546,0.04640158478979408,0.04086353612578103,0.035611468663269516,0.028988507187207028,0.02187983160700562,0.01572442669847845,0.011048861023122754,0.006981572823978141,0.004366887553099461,0.002342322221828776,0.001434445391662609,7.626165373396149e-4,3.767688845189764e-4,1.6341782942991747e-4
A-04-7018,44.2,10,0.02158128218549968,0.023589296697790977,0.023131157464403713,0.025957974010833624,0.027142312667354947,0.03097801029156187,0.03033466583616757,0.031801686147331275,0.03335643524786807,0.034467666579912765,0.035013534602671564,0.03388280798409977,0.036675507779106185,0.038439831209809386,0.03940972171453261,0.04400573551329643,0.04405447372961418,0.0447514302229572,0.045618970473413956,0.04823133886804535,0.047514887088174425,0.05036119892113058,0.052603156871747055,0.054157905972283746,0.05666305029101609,0.05972381027577079,0.05903172760405821,0.060245309190370175,0.061619726890531266,0.058861143846946615,0.06219483784308071,0.06332556446165194,0.06575272763427588,0.06655690820351934,0.06811653112568733,0.072390872696754,0.0703584890763032,0.07101158117496105,0.0729367407195128,0.06918389806304606,0.07222516276127301,0.0747887929395873,0.074925259945277,0.07656286401355271,0.07913136801349882,0.0827526174859069,0.0801110061614856,0.07984781979336904,0.0765238734404992,0.08130996628290224,0.08149029768327719,0.08140256889390597,0.0810029155200997,0.07922397062450255,0.07919472769471189,0.08364452684452171,0.07854163559605405,0.07334126791494947,0.07524693217297415,0.07319505326599687,0.06888659494350717,0.06473409891323549,0.059129204036693715,0.05310516049982035,0.04685204734625303,0.04470269200663986,0.037206754336970314,0.03657315752483924,0.035783598420492016,0.033093248879752214,0.03472110530476476,0.034331199574223065,0.03541806179810857,0.03774287471646556,0.04061842947921281,0.04286038742982892,0.04508285009391871,0.04703237874662828,0.049625251854733,0.052505680439112024,0.05351456151688945,0.055595683353656375,0.05748185232515429,0.05699447016197679,0.056341378063318945,0.05577601475403304,0.051720995156395326,0.04749051798001555,0.041578572340672484,0.03524260421936499,0.027975736166388473,0.02101104505458163,0.014816417760595986,0.01019603485367329,0.006448066018838319,0.004084262527427373,0.002134733874717448,0.0011648433699942239,6.920826717120493e-4,2.3881725995697476e-4
A-04-7019,43.6,90,0.023268313684839892,0.026373954845485877,0.026593337885531036,0.029417894526119027,0.030946720086437028,0.034497983047175704,0.03612278868751367,0.0366986691676328,0.03897476820810689,0.03929013132817249,0.039365544248188174,0.03878966376806839,0.04331443896900879,0.04317046884897961,0.04465130436928763,0.04984794013036855,0.047050806369786737,0.04777065696993562,0.04950515413029725,0.0513904771306894,0.049422885490280136,0.05493488437142616,0.055222824611486046,0.05770459525200276,0.06099534085268725,0.06471799681346158,0.06174261433284213,0.06090621649266816,0.062270504772952484,0.06141353977277424,0.06327829561316212,0.06355938013322,0.06396386761330414,0.0647522754134687,0.06564351901365409,0.06779621509410186,0.06707636449395152,0.06577377769368059,0.06649362829383092,0.06375819601326194,0.0682898269342039,0.06811157821416745,0.06917421481438848,0.06847493137424242,0.06789219517412182,0.07242382609506376,0.0703122643346252,0.06930447349441496,0.06658275265384946,0.06977751817451397,0.07031226433462456,0.06923591629440132,0.06977751817451334,0.06885885169432289,0.0688382845343186,0.07208104009499247,0.06963354805448403,0.06554753893363353,0.06816642397417885,0.06706265305394928,0.06591774781371053,0.06386103181328333,0.06283952953307029,0.0606662662926188,0.05858212741218529,0.05893176913225749,0.051507024370713646,0.05281646689098554,0.05010160177042131,0.0473044680098395,0.046234975689616625,0.045556259409475865,0.04436336412922734,0.04310876736896678,0.04216953372877141,0.042114687968759626,0.04192272780872008,0.04217638944877246,0.04306763304895822,0.044383931289232015,0.047187920769815254,0.04911437809021509,0.0506774822505411,0.05110253689062951,0.05110939261063094,0.05052665641050973,0.049573711330310626,0.046166418489602776,0.04288938432892114,0.037123723807721866,0.03117981456648551,0.026401377725491112,0.01934684184402421,0.014794643763077339,0.010722346082230286,0.007123093081481503,0.004325959320899815,0.002413213440501957,0.001508258400313723,7.609849201582876e-4
A-04-7022,4.1,100,0.025688386676186725,0.02429143513488352,0.024136218296960513,0.029568807624251185,0.02832707292087056,0.029646416043212474,0.028792723434638293,0.03461335485673437,0.03787290845310913,0.04066681153571554,0.040201161021947804,0.038416167385838154,0.04594418402508239,0.04951417129730251,0.05129916493341216,0.05060068916276056,0.04664265979573481,0.04943656287834034,0.04796200291807673,0.05137677335237345,0.04881569552665091,0.05114394809548913,0.053472200664327785,0.05199764070406376,0.057663055288237876,0.05843913947785077,0.05836153105888896,0.06037934995188246,0.06728649923943773,0.06200912675007007,0.06488063825163777,0.07186539595815317,0.07916058734051429,0.08071275571974076,0.08296339986961816,0.09297488591562446,0.09514792164653972,0.09817464998602997,0.09087945860366965,0.08125601465246979,0.08389470089715288,0.08808555552106324,0.08575730295222457,0.08808555552106245,0.08948250706236645,0.09018098283301725,0.09095706702263094,0.09646726476888162,0.09475987955173411,0.1142395927110177,0.11198894856113932,0.11113525595256614,0.11462763480582314,0.10709961816657909,0.10477136559774042,0.10112376990655893,0.09677769844472764,0.08862881445379148,0.09243162698289543,0.09670009002576635,0.10112376990655893,0.09732095737745666,0.09817464998602997,0.08288579145065687,0.07124452860646349,0.06860584236177904,0.050057430230031535,0.0419085462390958,0.03368205382919951,0.029491199205289895,0.023204917269425265,0.018315586874864252,0.015832117468102855,0.013969515413032057,0.01164126284419338,0.009157793437432045,0.007683233477167631,0.008381709247819159,0.008226492409896655,0.008304100828857944,0.01070996181665791,0.010787570235619007,0.014279949088877213,0.014202340669915924,0.009778660789122439,0.004501288299754774,0.003104336758451513,0.0017073852171483625,0.001164126284419338,5.432589327290244e-4,0,1.5521683792257563e-4,7.76084189612892e-5,0,0,0,0,0,0,0
A-05-7217,46.3,80,0.027798477971230594,0.029024359557521372,0.02849852087708561,0.03111481026256459,0.031076098212471197,0.033253651030224554,0.03198583138966593,0.032776202412405454,0.03406660408218581,0.034266616341001664,0.036092534703740034,0.03423113029508272,0.03777328287862751,0.0381926634213066,0.0384733257844837,0.042350982802171894,0.04211225849326264,0.04328652401276145,0.04410592907307238,0.04582216329387947,0.044231743235875906,0.04782551188621213,0.049061071485026246,0.04959336217381083,0.050470835309261074,0.05481626293224443,0.05263548411031616,0.05383555766321133,0.05510982931211933,0.052938728502714874,0.056922843658159895,0.057303512150744425,0.05907458844251713,0.05949396898519608,0.061607001719460444,0.06660085618150814,0.06333291395279032,0.06506205219029519,0.06552982279559093,0.06328774989434859,0.06752349337540008,0.06864291682393461,0.06797835996399804,0.06891712717876221,0.07017526880679809,0.07356579919414377,0.0689945512789496,0.0694849039134653,0.06553304879976538,0.06934618573396459,0.06862356079888732,0.0690203593123452,0.0673815491917243,0.06854936270287558,0.06814288617689496,0.07221087744087502,0.06914617347514872,0.06559434287907934,0.06969136818063068,0.06964943012636284,0.06938167177988291,0.06865582084063242,0.06799771598904414,0.06541368664531075,0.06352647420325784,0.06380713656643439,0.05559695594246119,0.05511628132046774,0.0527709762856435,0.05079343572670601,0.04878686113019805,0.04849329475032358,0.04714482500540331,0.04658995228739843,0.04658995228739843,0.04712546898035661,0.04871911504253504,0.05155154670770117,0.05410331600969111,0.058000329052426,0.06158119368606485,0.0640490868795175,0.06605888748020064,0.06737187117920154,0.06660730818985704,0.06355873424500234,0.05922943664289017,0.05207093337978798,0.04445433752391292,0.03527958165177878,0.02705649701110723,0.019349573038347237,0.014371848597172136,0.00979414867362842,0.00621328403998957,0.0043002635645409916,0.00258402934373398,0.0014839619202467302,8.032750394379039e-4,4.097025301550755e-4
A-05-7222,12.5,95,0.02607245301001668,0.027996957450123358,0.025889166872863204,0.030517141835977344,0.029875640355941785,0.032991504687543076,0.03372464923615514,0.03207507400177742,0.031525215590318935,0.030792071041706868,0.03161685865889544,0.03143357252174243,0.03496183066193739,0.03601572595056786,0.037390371979215485,0.0396814486936282,0.040597879379393284,0.04004802096793352,0.04233909768234694,0.04174341773659964,0.043347171436688536,0.046783786508307196,0.05040368771707925,0.04902904168843207,0.049441435497026356,0.051457583005709545,0.05067861692280878,0.05219072755432115,0.052511478294339393,0.05182415528001558,0.057047810188876565,0.054619268871598604,0.056589594845993525,0.053473730514392734,0.055764807228805446,0.0579184193403534,0.055764807228804954,0.05356537358296877,0.05516912728305814,0.052282370622898124,0.054390161200157335,0.053931945857275274,0.05351955204868099,0.05535241342021067,0.0569103455860118,0.060117852986189074,0.056818702517435295,0.055764807228804954,0.057185274791741326,0.06071353293193691,0.06254639430346652,0.05961381610901881,0.06451672027786144,0.059797102246171824,0.06263803737204358,0.06845737222665127,0.062317286632025806,0.055077484214481144,0.05933888690328928,0.06167578515199025,0.05686452405172305,0.05787259780606514,0.062271465097737004,0.06094264060337818,0.060896819069089926,0.06492911408645573,0.0574143824631826,0.06250057276917827,0.06309625271492612,0.064333434140709,0.06130921287768367,0.06456254181215026,0.06162996361770145,0.06511240022360931,0.06777004921232807,0.07042769820104619,0.07638449765851987,0.07872139590722015,0.08472401689898215,0.08852720424490725,0.08852720424490725,0.08435744462467462,0.07950036199012116,0.06946544598099347,0.06419596953784423,0.05695616712030006,0.048158432536954385,0.042018346942329164,0.0386733749392866,0.03794023039067453,0.03445779378476721,0.028546815861581906,0.028271886655852885,0.02213180106122681,0.016037537000888995,0.01085970362631607,0.0060026209917613095,0.0028409351258717646,0.0019703259743949334,9.622522200533396e-4
A-05-7223,19.3,95,0.033206437305060545,0.03300877994014947,0.03103220629103817,0.03500511932575132,0.034748164751366925,0.039274518407830535,0.03937334709028607,0.04178476694220044,0.03959077019168825,0.03974889608361712,0.0415475781043079,0.03798974553590855,0.04399852942920444,0.04599486881480708,0.046311120598664796,0.04996778184951967,0.04876207192356212,0.050303799369867605,0.05156880650529938,0.05293264232318579,0.05063981689021733,0.05654977210105796,0.06040409071682388,0.06279574483224842,0.06491067863679692,0.06637334313713887,0.06382356312978545,0.06364567150136548,0.06550365073153014,0.0637840316568038,0.06833015104975851,0.06672912639397821,0.06927890640133105,0.06633381166415665,0.06819179089432076,0.07046485059079811,0.06809296221186462,0.06605709135328057,0.06819179089432076,0.06576060530591454,0.06757905306309582,0.06649193755608551,0.06621521724521001,0.06599779414380724,0.06773717895502529,0.07352853974691913,0.07062297648272697,0.07068227369219968,0.06809296221186523,0.07518886161217281,0.07586089665286978,0.07431916920656408,0.07420057478761677,0.07497143851077062,0.0780944248763656,0.07989310689705567,0.07447729509849293,0.07192751509113943,0.07554464486901274,0.07431916920656408,0.07360760269288355,0.07275767602376658,0.0745365923079656,0.07265884734131105,0.07321228796306206,0.07350877401042802,0.06666982918450548,0.06680818933994265,0.06520716468416353,0.06340848266347275,0.058447282804204255,0.05619398884421853,0.053822100465285155,0.049592232856188634,0.046291354862173686,0.04490775330779576,0.04301024260464985,0.04233820756395182,0.04245680198289884,0.03872107778607953,0.03605270335978002,0.03536090258259063,0.029905559311045597,0.02660468131703065,0.022651534018809157,0.01990409664654522,0.016879938963405474,0.013025620347639821,0.010594434759233603,0.00842020374521178,0.007135430873289795,0.005435577535054456,0.004486822183481395,0.0028067345817372603,0.0018777449666552094,0.0016405561287618905,6.918007771887614e-4,4.150804663132568e-4,1.3836015543775227e-4,5.92972094733224e-5
A-05-7224,20,75,0.03912397954406645,0.03928002960492597,0.03785328619135251,0.03985964411668992,0.04179912344451543,0.04549973917346987,0.044117581491571224,0.04460802453998608,0.045410567710121565,0.04788507581803688,0.04830864026894131,0.048264054537267155,0.04797424728138433,0.051830913071199136,0.05252199191214846,0.058385015627299156,0.057092029408748815,0.05811750123725323,0.059142973065759705,0.06126079532028182,0.057515593859653234,0.06438179653747172,0.06242002434380916,0.06701235470624714,0.06560790415851142,0.0709581919594094,0.06743591915715097,0.06750279775466218,0.07118112061778015,0.06975437720420735,0.07617472256528493,0.07827025195396926,0.0784263020148288,0.0767320442112118,0.07956323817252031,0.0805441242693516,0.07869381640487369,0.07860464494152539,0.07967470250170569,0.07361104299402131,0.07711102293044138,0.07552822945600976,0.07416836463994819,0.06991042726506626,0.07307601421393152,0.07858235207568831,0.07416836463994819,0.07147092787366148,0.06877349110737606,0.0712257063494543,0.07372250732320602,0.07283079268972369,0.07341040720148699,0.07728936585713868,0.077088730064605,0.07784668750306485,0.0769103871379084,0.07080214189854925,0.07521612933429071,0.07242952110465635,0.06696776897457239,0.06409198928159034,0.061082452393584674,0.05457293556915935,0.054037906789069556,0.050604805450159565,0.04400611716238585,0.04411758149157083,0.041888294907863735,0.04014945137257189,0.040238622835919835,0.03731825741126338,0.03783099332551577,0.03602527119271304,0.033060320036382075,0.032770512780499805,0.032770512780500104,0.03167816235448315,0.03399662040153922,0.03377369174316847,0.03549024241262324,0.03682781436284708,0.03439789198660657,0.029069897051545668,0.024522152420782387,0.02120051541105823,0.015850227610159973,0.01192668322283507,0.008003138835509889,0.005729266520128249,0.00441398743574083,0.0024522152420781954,0.0017834292669659919,0.0015605006085952428,6.019073776010222e-4,4.681501825785646e-4,3.121001217190486e-4,3.121001217190486e-4,1.337571950224494e-4,0
A-05-7228,17.5,20,0.053256523511075564,0.05441307676209168,0.04984193772236042,0.056395739478119315,0.0558449998347783,0.05931465958782666,0.06052628680317688,0.06383072466322179,0.06768590216661,0.06685979270159849,0.06438146430656394,0.06636412702259158,0.07506581338737818,0.07297300274268369,0.07247733706367677,0.07936158260543938,0.07737891988941176,0.07947173053410617,0.08360227785916516,0.08150946721446932,0.07434985185103621,0.07831517728309077,0.07688325421040416,0.07826010331875737,0.07644266249573203,0.08222542875081264,0.07914128674810228,0.08057320982078889,0.0799673962131145,0.07451507374403851,0.07908621278376889,0.0815645411788027,0.07699340213907237,0.07655281042440024,0.08250079857248313,0.07969202639144399,0.08073843171379119,0.07572670095938806,0.07451507374403851,0.07346866842169059,0.07792965953275208,0.07501073942304541,0.07704847610340715,0.07985724828444558,0.07853547314042787,0.07589192285239035,0.07291792877834959,0.07385418617202864,0.06884245541762611,0.06708008855893488,0.0688975293819596,0.06559309152191416,0.06223357969753346,0.05793781047947414,0.05914943769482436,0.06162776608985836,0.05342174540407787,0.052155044224393085,0.05369711522574837,0.05182460043838894,0.04505050282529413,0.04549109453996734,0.040975029464570704,0.038551775033870625,0.043122914073601,0.0408098075715684,0.032383491028451325,0.03387048806547175,0.029409496954409874,0.028583387489398364,0.02858338748939811,0.02593983720136152,0.02302091709165397,0.023626730699329284,0.01971647923160812,0.019441109409937443,0.018174408230253295,0.017238150836573426,0.01922081355260121,0.01608159758555746,0.018229482194587397,0.01674248515756637,0.017072928943571278,0.01591637569255516,0.01668741119323257,0.015806227763886956,0.015200414156211576,0.011455384581492985,0.01173075440316349,0.009472721865465354,0.008591538436119739,0.006553801755757889,0.00556247039774419,0.00247832839503454,0.001982662716027632,9.913313580137983e-4,4.95665679006908e-4,5.5073964334100894e-5,1.1014792866820179e-4,0
A-05-7230,11.8,80,0.04280209511063954,0.050185744941046356,0.044878746625440655,0.04649392002584295,0.04799372389764433,0.05295461362744891,0.05468515655645051,0.05849235100025298,0.06264565402985786,0.06576063130206074,0.058607720528854136,0.06276102355845797,0.06633747894506009,0.06899097810286373,0.07175984678926628,0.07072152103186533,0.07325965066106767,0.07418260688986719,0.07083689056046542,0.07452871547566883,0.07199058584646649,0.07383649830406754,0.07568241076166922,0.07141373820346596,0.07164447726066618,0.07925886614827321,0.07164447726066553,0.07164447726066553,0.08145088719167523,0.07429797641846862,0.07775906227647182,0.08018182237707333,0.07568241076166922,0.07187521631786639,0.07406723736126841,0.07845127944807247,0.08018182237707333,0.08018182237707333,0.07718221463347129,0.07372112877546809,0.08110477860587419,0.08214310436327588,0.08410438634947769,0.0859502988070786,0.08375827776367736,0.0813355176630744,0.07972034426267363,0.07960497473407281,0.0738364983040682,0.07314428113246756,0.07383649830406754,0.07106762961766565,0.06691432658806121,0.06945245621726415,0.06552989224486053,0.06829876093126247,0.06495304460186,0.05722328618565234,0.059299937700454775,0.054108308913449976,0.05653106901405171,0.056300329956852004,0.053069983156048536,0.051800918341447844,0.049839636355246034,0.05110870116984675,0.042686725582039425,0.04280209511063915,0.038994900666836016,0.035072336694432396,0.029765338378827225,0.029880707907427598,0.024342970534622265,0.018228385518816836,0.01707469023281577,0.017882276933016354,0.017882276933016517,0.016959320704215512,0.01545951683241428,0.01545951683241428,0.016036364475414813,0.015805625418214318,0.014998038718013853,0.01372897390341268,0.012806017674611828,0.011998430974411082,0.010844735688409823,0.010960105217010123,0.006345324073005861,0.005768476430005328,0.005653106901405222,0.0031149772722028216,0.002653499157802451,9.229562288008525e-4,5.768476430005328e-4,0,2.3073905720021311e-4,0,0,0
A-05-7232,16.2,25,0.06043243980628901,0.05859081918013799,0.055589659641224226,0.058113361980765506,0.06261510128913467,0.06813996316758772,0.06773071413955416,0.06554805265670734,0.06889025305231591,0.0693677102516884,0.07400586590273542,0.06957233476570518,0.075983902871562925,0.07953072778118847,0.07918968692449384,0.07557465384353072,0.08410067526089655,0.07782552349771392,0.08103130755064486,0.08219084646340662,0.07400586590273542,0.07816656435440925,0.07918968692449313,0.08021280949457774,0.08294113634813481,0.08860241456926572,0.08082668303662735,0.08048564217993273,0.08989836982470532,0.08416888343223548,0.08260009549144018,0.08048564217993273,0.07768910715503675,0.08287292817679588,0.07878043789646028,0.07939431143851063,0.07748448264101998,0.08123593206466091,0.0765295682422757,0.07516540481549716,0.0801446013232381,0.07557465384353072,0.07721164995566497,0.07523361298683542,0.07298274333265152,0.07373303321737905,0.06493417911465817,0.07475615578746293,0.06650296705545349,0.06609371802741992,0.06507059545733544,0.06766250596821524,0.06302435031716766,0.05824977832344336,0.06131914603369506,0.05995498260691599,0.060773480662983645,0.053611622672395866,0.056612782211309116,0.05593070049791985,0.05299774913034553,0.048154968965282215,0.041743400859422734,0.03642316349498683,0.035468249096241855,0.033694836641429464,0.03007980356046665,0.026260145965486526,0.022713321055862573,0.023054361912557206,0.020598867744355664,0.020053202373644434,0.020735284087033515,0.01623354477866454,0.016779210149375955,0.015892503921969767,0.01691562649205381,0.015551463065275137,0.015756087579292057,0.013982675124479963,0.014596548666530302,0.01282313621171798,0.01405088329581889,0.014119091467157816,0.011527180956278603,0.01200463815565109,0.010026601186822038,0.009344519473432952,0.0064797762771980315,0.006411568105859105,0.0038196575949798924,0.003001159538912719,0.0023872859968624327,8.184980560671198e-4,5.456653707114131e-4,5.456653707114034e-4,2.0462451401677994e-4,0,6.820817133892664e-5,0
A-05-7233,11.8,5,0.04385672517404612,0.047094789573432806,0.042428167350786535,0.04328530204474259,0.04780906848506222,0.05480900181903049,0.05457090884848735,0.05790421043609026,0.0575708802773309,0.05847563356539483,0.06085656327082621,0.058332777783068945,0.06404700907610313,0.0646184322054078,0.06552318549347173,0.07095170522185529,0.06957076599270508,0.07452309978000103,0.06985647755735684,0.07095170522185529,0.07033266349844312,0.07652308073256404,0.08180874467862166,0.07966590794373415,0.08309444671955535,0.08709440862468008,0.08476109751335656,0.08390396281940127,0.08580870658374713,0.08561823220731261,0.08704679003057145,0.09142770068856437,0.09161817506499889,0.08704679003057145,0.09052294740050128,0.09809430386377307,0.08880867801258988,0.088665822230264,0.09147531928267383,0.08718964581289733,0.08852296644793811,0.08795154331863538,0.08852296644793892,0.08690393424824479,0.0871420272187887,0.08809439910096047,0.08371348844296751,0.08542775783087735,0.07861829887334434,0.08142779592575339,0.07704688526775894,0.07438024399767648,0.073332634927286,0.06871363129874979,0.06685650612851331,0.06533271111703663,0.060285140141522676,0.053618536966314315,0.05123760726088342,0.0491423891201038,0.041285321092179854,0.03985676326892139,0.03238064399386655,0.030999704764716637,0.02842830068285074,0.026904505671374413,0.021095037190122075,0.02099980000190463,0.02119027437833933,0.01971409796097187,0.020571232654926986,0.01809506576127853,0.019571242178645813,0.01766649841430088,0.018428395920038924,0.01895220045523366,0.01685698231445421,0.015476043085303866,0.01704745669088872,0.016380796373367933,0.01785697279073539,0.01714269387910567,0.016380796373367933,0.014999857144217728,0.014571289797240079,0.013523680726850269,0.011237988209635938,0.010714183674441234,0.0072856448986200395,0.006809458957533762,0.0040475804992333555,0.003380920181712507,0.0023809297054313856,0.0015714136055847143,0.00099999047628118189,5.238045351948955e-4,4.7618594108627706e-4,1.9047437643451083e-4,1.9047437643451083e-4,0
A-05-7240,26.1,5,0.05315070493795626,0.05406349918370134,0.05300726584219538,0.0570105206056783,0.05931858605563371,0.0638825572843591,0.06350439966826471,0.0649909502970484,0.06463887251654789,0.06556470668008932,0.06561686635127476,0.06444327374960251,0.0679118918834326,0.07098931248337435,0.07065027462066904,0.074679609219743745,0.07602272075276864,0.07671383639597427,0.07878718332559659,0.07930878003745093,0.07606184050615772,0.08363803274584113,0.0844856274026044,0.08581569901783369,0.08462906649836509,0.08808464471440003,0.08620689655172367,0.08572441959325842,0.08315555578737661,0.0775353512171462,0.08307731628059846,0.0808083705840314,0.07843510554509422,0.07739191212138626,0.07345385694688607,0.07920446069508005,0.0752012059315974,0.07331041785112546,0.07475784872652189,0.06875948654019709,0.07231938409860225,0.07196730631810122,0.07312785900197712,0.07344081702908906,0.0731017791663844,0.07658343721801136,0.07411889275450034,0.07131531042828268,0.06767717336309936,0.07038947626474187,0.06771629311648783,0.06731205566480132,0.06666005977498282,0.06406511613350813,0.061626651505589124,0.06113113462932697,0.05611076627772958,0.04974728639310631,0.04888665181854711,0.04535283409573402,0.04296652913900008,0.03898935421111119,0.03602929287133755,0.034373223311200365,0.03066988665703462,0.03039604838331083,0.027188228605406966,0.027840224495224632,0.026249354524069173,0.026223274688476458,0.02694047016727592,0.027279508029981477,0.02755334630370475,0.02819230227572655,0.029509333973158736,0.029352854959602177,0.029887491589253128,0.02926157553502767,0.02820534219352291,0.025219201018156872,0.02417600759444821,0.02056395036485661,0.01833412442167971,0.01556966184885176,0.013952712042103336,0.013300716152285423,0.011657686509944077,0.009636499251508753,0.009180102128636214,0.007576192239684147,0.006467799226993696,0.004237973283816359,0.002725342819438876,0.001669109477933857,0.0010562333415050189,5.085567940579631e-4,2.0863868474173212e-4,1.1735926016722432e-4,5.215967118543303e-5,3.9119753389074775e-5
A-05-7257,21.2,0,0.0433577017453206,0.043668307228354485,0.04259530646878213,0.04584254560959166,0.047706178507794954,0.0496968772854212,0.04798854712873485,0.048793297698412674,0.0497109957164682,0.05233702389120921,0.052280550167021225,0.049485100819716285,0.05493481520385524,0.0544547885482584,0.05723611946451635,0.062276399348293446,0.05959389744936446,0.06169754367536556,0.06329292638367706,0.06438004557429565,0.06308114991797215,0.06716137649055301,0.06786729804290273,0.06932149644074379,0.07186281402920282,0.07477121082488372,0.07314759125447869,0.07448884220394317,0.0782584632934914,0.07477121082488372,0.07999503031227174,0.08151982086534644,0.07903497700107541,0.08081389931299743,0.08137863655487722,0.08492236274767288,0.08055976755415081,0.08103979420974863,0.08147746557220618,0.07714310724077882,0.08070095186462077,0.07799021310359851,0.07823022643139742,0.07755254174114098,0.07543477708409246,0.07705839665449618,0.07407940770358099,0.07254049871945792,0.06789553490499732,0.07064862895916128,0.06997094426890492,0.06982975995843559,0.07215930108118906,0.07035214190717438,0.07203223520176676,0.07470061866964808,0.07158044540826293,0.06669546826600219,0.06800848235337328,0.06606013886888801,0.06258700483132677,0.058662081000262815,0.051038128234885245,0.047197914990103146,0.040124581035558826,0.03899510655179891,0.03165352240736203,0.029747534216017484,0.029168678543090968,0.027008558592900786,0.028646296594351913,0.026556768799396956,0.02782742759362623,0.028618059732258175,0.032345325528664766,0.03141350907956284,0.034067774116398115,0.035366669772721314,0.035634919962614524,0.035380788203768616,0.035804341135178455,0.03466074822037127,0.032585338856463676,0.02971929735392376,0.025243754712026452,0.02096587010478707,0.016942117256393288,0.014005483598618702,0.010433520543729053,0.007525123748048154,0.005040279883777094,0.00262602817474096,0.0021318830880961937,0.0011435929148065674,9.035795870076583e-4,4.0943450036283783e-4,1.2706587942295193e-4,1.2706587942295193e-4,4.235529314098398e-5,5.647372418797864e-5
A-05-7265,12.7,15,0.029805879655576607,0.032013722593026726,0.03014554779979917,0.03331578381254859,0.03379698035019798,0.035042430212349325,0.033966814422309526,0.03586329489422117,0.03821266622509822,0.039543033123305336,0.040392203483863076,0.0390335309069707,0.044354998499798404,0.04608164489959992,0.04701573229621343,0.05174278063665151,0.050667164846611705,0.05015766263027618,0.05378078950199008,0.05451673714780678,0.051799391994022025,0.05785680723266671,0.058819200307965475,0.061508239783065494,0.0592154798095596,0.0620460476780854,0.06029109559959887,0.0642821962942202,0.06569748022848367,0.06487661554661119,0.06606545405139203,0.06816007427410051,0.06685801305457865,0.07104725349999742,0.07028300017549546,0.07594413591254705,0.07517988258804441,0.0741891838340604,0.0748968258011925,0.07311356804402125,0.07367968161772576,0.07781231070577407,0.07818028452868242,0.07885962081712791,0.0780670618139414,0.08163357732828316,0.07653855516493746,0.07492513147987709,0.0731418737227065,0.0797370968563716,0.07928420599740678,0.07959556846294531,0.08531331555736667,0.08449245087549494,0.08749285281613228,0.08998375254043418,0.08531331555736742,0.08027490475139079,0.08098254671852295,0.0746986860503957,0.07260406582768597,0.06617867676613305,0.05918717413087382,0.0565264403344601,0.048204570800994266,0.0476950685846592,0.03897691954960018,0.03985439558884282,0.037023827720317384,0.03886369683485915,0.03849572301195045,0.03886369683485915,0.04155273630995828,0.04078848298545669,0.04240190667051639,0.04274157481473911,0.044553138250595994,0.04353413381792632,0.043958718998205575,0.04443991553585496,0.04251512938525742,0.04424177578505737,0.04078848298545669,0.03597651760896284,0.02864534682948103,0.02400321552509873,0.023210656521911097,0.021568927158166547,0.019417695578086945,0.014435896129481547,0.011095826044621112,0.0081803411400394,0.005293161914143234,0.0037646552651393055,0.003453292799601468,0.0023776770095616244,0.001302061219521865,8.774760392429961e-4,5.944192523904166e-4,2.264454294820635e-4
A-05-7275,16.8,2.5,0.060497592699957366,0.061001739305790344,0.05841798795089529,0.0662952786670366,0.06673640694714046,0.07247107458849059,0.065980187038391,0.07121070807390688,0.06837488341609764,0.06919412165057623,0.06957223160495096,0.06623226034130748,0.07612613748077833,0.07763857729827861,0.07663028408661265,0.08274306168233753,0.0886037659751459,0.08066345693327505,0.08255400670515016,0.0855158680144189,0.0778906506011951,0.08564190466587637,0.08646114290035496,0.0857679413173354,0.08728038113483433,0.09112449900431079,0.08431851982556482,0.09206977389024679,0.0869022711804596,0.0846336114542112,0.08734339946056345,0.09219581054170503,0.09188071891305942,0.0914395906329564,0.09005318746691571,0.09301504877618445,0.08696528950618794,0.08532681303723078,0.0843815381512947,0.08488568475712768,0.08520077638577253,0.0852007763857733,0.0790249804643193,0.080789493584734,0.07593708250359231,0.08053742028181753,0.07410955105744776,0.07158881802828224,0.06011948274558263,0.062892289077664,0.06490887550099535,0.059048171208187554,0.054447833429961144,0.053187466915379185,0.051548990446422006,0.053439540218295195,0.04820901918277853,0.04197020493559504,0.04430188298757295,0.04215925991278279,0.038567215346222476,0.03863023367195194,0.030878979607269628,0.02905144816112536,0.028673338206750627,0.026719770109147598,0.02262357893675489,0.021426230747901374,0.021363212422172446,0.01733003957550862,0.016132691386655153,0.01682589296967564,0.015817599758009546,0.014683269894885486,0.01506137984926022,0.014305159940510624,0.01285573844874094,0.014557233243427111,0.014935343197801975,0.015187416500718464,0.014305159940510752,0.01165839025988741,0.014368178266239874,0.013611958357490407,0.013170830077386552,0.010398023745305173,0.007058052481661567,0.006301832572912226,0.005104484384058902,0.0033399712636434796,0.0032769529379143574,0.001827531446144513,0.0013233848403115674,0.0011973481888533227,0.0013233848403115674,6.932015830203325e-4,4.411282801038558e-4,3.1509162864561124e-4,0,0
A-05-7285,13.9,5,0.05625892079263001,0.05625892079263001,0.056073553673048684,0.05913211114612511,0.06302482065731203,0.06571264389122682,0.06487849185311532,0.06089309878213717,0.06821510000556126,0.0709956067992662,0.07646393682688592,0.06691753016849895,0.07516636698982228,0.07785419022373839,0.07942981074017119,0.07729808886499741,0.07535173410940395,0.07748345598457636,0.08248836821324664,0.07609320258772526,0.07525905054961378,0.08563960924611147,0.08248836821324589,0.07961517785975152,0.0823030010936663,0.08508350788737125,0.08397130516988852,0.08221031753387541,0.08582497636569256,0.07822492446289905,0.08109811481639416,0.08489814076779015,0.0835078873709377,0.08508350788737125,0.0854542421265319,0.09036647079541063,0.08267373533282622,0.08230300109366556,0.08156153261534498,0.08109811481639416,0.08054201345765245,0.07813224090310888,0.07933712718038102,0.08119079837618359,0.07905907650101053,0.07516636698982294,0.07349806291360064,0.07637125326709507,0.07127365747863669,0.07590783546814493,0.07257122731569836,0.07461026563108263,0.07006877120136393,0.06589801101080714,0.0633955548964727,0.06663947948912786,0.06024431386360709,0.05310767975976393,0.05264426196081358,0.050234489406269296,0.04782471685172458,0.03948319647061018,0.03549780339963278,0.036702689676905244,0.033273397964669146,0.028917270654531143,0.02437577622481333,0.022336737909429506,0.017795243479711634,0.01974159823530509,0.018722079077613113,0.015663521604537843,0.016683040762229505,0.014273268207685371,0.018258661278662457,0.01584888872411803,0.015848888724118174,0.01603425584369836,0.015292787365377184,0.012234229892301747,0.0113073942944001,0.009453723098596637,0.010565925816078781,0.00954640665838697,0.00797078614195417,0.0076927354625836745,0.006580532745101581,0.006024431386360709,0.00583906426678038,0.004263443750347579,0.003336608152445931,0.0020390383153835886,0.0020390383153836246,0.001482936956642636,0.0011122027174819771,7.414684783213049e-4,4.634177989508238e-4,1.853671195803295e-4,0,0
A-05-7291,10.6,50,0.05012416076519838,0.05633219902510827,0.04966430607927824,0.05702198105398715,0.0584015451117449,0.07288696771820131,0.05955118182654303,0.06506943805757288,0.06966798491676655,0.07380667709003981,0.07679573254851495,0.07334682240412056,0.07748551457739244,0.07403660443299943,0.0790950059781112,0.07886507863515158,0.07840522394923233,0.08277384346546374,0.08300377080842483,0.08277384346546521,0.07610595051963606,0.08070449737882786,0.08231398877954522,0.0853030442380211,0.07771544192035344,0.07978478800699008,0.08139427940770673,0.06667892945829082,0.08553297158098072,0.08024464269290933,0.08645268095281922,0.08047457003586823,0.07955486066402974,0.07288696771820131,0.07334682240412056,0.07955486066403045,0.06621907477237157,0.0772555872344335,0.07863515129219195,0.08231398877954596,0.07150740366044292,0.08116435206474783,0.083463625494344093,0.07426653177595839,0.0719672583463628,0.07403660443299877,0.06345994665685666,0.06185045525613873,0.0593212544835834,0.0655292927434933,0.06414972868573496,0.0701278396026858,0.06874827554492743,0.06966798491676655,0.0584015451117449,0.06277016462797722,0.05886139979766415,0.0498942334222383,0.051503724822956135,0.04506575922008661,0.04276648579048997,0.04161684907569223,0.0351788834728224,0.03563873815874197,0.04115699438977298,0.03586866550170127,0.03172997332842833,0.03195990067138767,0.03793801158833822,0.03218982801434758,0.024372298353720092,0.02345258898188181,0.028281063184033693,0.026441644440356942,0.02506208038259919,0.025062080382598963,0.022073024924124055,0.020003678837487247,0.014255495263496787,0.016554768693093042,0.014485422606456412,0.01379564057757729,0.01563505932125454,0.010116803090223525,0.01310585854869866,0.011726294490940904,0.01057665777614259,0.010346730433183151,0.008047457003586896,0.005978110916950265,0.005288328888071388,0.0034489101443943224,0.0018394187436770047,0.0032189828014347584,0.0013795640577577534,0.001379564057757729,4.598546859192512e-4,2.299273429596256e-4,0,0
A-05-7293,13.5,90,0.0373527439900394,0.03767199821217649,0.03615554065702468,0.03631516776809386,0.03631516776809386,0.04365801487724691,0.04373782843278118,0.049883472208919255,0.05211825176387976,0.05347508220796239,0.05618874309612765,0.05475209909651075,0.06057848865051155,0.06337196309421214,0.058024454873415905,0.06472879353829478,0.06089774287264971,0.06225457331673123,0.060099607317306986,0.05610892954059338,0.06073811576158116,0.06265364109440315,0.06680394598218527,0.06592599687130886,0.06855984420393985,0.071832199980845,0.06760208153752797,0.07350828464706406,0.07478530153561308,0.06704338664878867,0.06640487820451449,0.07310921686939272,0.071433132203173,0.07965392842320368,0.0759026913130929,0.07741914886824405,0.07255052198065282,0.07318903042492698,0.07087443731443374,0.07231108131405063,0.07949430131213443,0.07334865753599618,0.07917504708999805,0.07446604731347532,0.07662101331290133,0.08228777575583393,0.08324553842224593,0.08005299620087433,0.07694026753503842,0.07941448775660087,0.07925486064553162,0.08340516553331448,0.07542380997988658,0.07630175909076425,0.0741467930913389,0.07893560642339453,0.06855984420393985,0.06648469176004818,0.06680394598218585,0.0632123359831436,0.06624525109344537,0.06281326820547224,0.05874277687322384,0.05387414998563375,0.055390607540784925,0.05698687865146986,0.053235641541359575,0.05243750598601639,0.0497238450978516,0.04732943843182343,0.04022603198927285,0.03926826932286193,0.03743255754557334,0.030728218880694807,0.028493439325735184,0.02673754110398096,0.02258723621619904,0.022347795549596025,0.02226798199406195,0.02115059221658214,0.01835711777288261,0.018197490661813746,0.01508476199597745,0.018436931328416884,0.020432270216773688,0.017798422884142705,0.018835999106087912,0.01684066021773144,0.01644159244006008,0.011572965552469472,0.009417999553044122,0.006225457331673123,0.0038310506656450668,0.002793474443699528,0.0018357117772882612,0.001755898221753958,5.586948887399055e-4,0,0,0
A-05-7300,12.3,85,0.04333028472045235,0.044454773078249556,0.03725804758834678,0.04370511417305142,0.04887776061891857,0.05629938378038013,0.05157653267763186,0.05592455432778007,0.0545002024079046,0.0566742132329792,0.061846859678846344,0.05532482720362255,0.06469556351859812,0.06349610927028225,0.06911855105926829,0.07151745955590232,0.06259651858404448,0.06559515420483587,0.06582005187639647,0.06312127981768317,0.06634481311003518,0.06896861927822805,0.06769419913939122,0.07016807352654567,0.07376643627149673,0.0736165044904571,0.0727918796947385,0.07091773243174318,0.07046793708862492,0.06881868749718903,0.07504085641033356,0.07594044709657066,0.07354153859993665,0.07564058353449207,0.07481595873877413,0.08246247957179513,0.07684003778280842,0.07713990134488767,0.08051336641827997,0.07211718668006083,0.0790890144984028,0.08216261600971587,0.07766466257852704,0.08328710436751234,0.0833620702580329,0.08381186560115103,0.08313717258647345,0.07998860518464057,0.0730167773662986,0.07841432148372518,0.07241705024213944,0.07024303941706549,0.07129256188434224,0.06671964256263424,0.06072237132104914,0.06492046119015814,0.05937298529169249,0.052476123363869163,0.05772373570025659,0.054275304736345155,0.05420033884582486,0.051051771443993164,0.05315081637854748,0.04752837458956192,0.05045204431983465,0.050901839662953086,0.04138117156693719,0.04445477307824916,0.045804159107606206,0.04055654677121924,0.03875736539874337,0.037033149916787994,0.032385264704559255,0.02736255003973202,0.024888675652578168,0.023689221404260937,0.021365278798146918,0.02136527879814673,0.021290312907627104,0.021290312907627104,0.021440244688666732,0.023689221404260725,0.022414801265424313,0.024588812090498912,0.024588812090498912,0.019566097425671388,0.018966370301512544,0.014618348651363682,0.01236937193576927,0.009220804533937092,0.009295770424456905,0.006222168913144431,0.002923669730272736,0.00179918137247553,0.0012744201388368338,2.998635620792497e-4,1.4993178103962752e-4,0,2.2489767155944125e-4,0
A-05-7461,10.2,75,0.04834900859085559,0.04763649688530614,0.04997760677496774,0.049061520296405044,0.04834900859085559,0.05231871666463111,0.050690118480518076,0.057815235536011554,0.061276006677252776,0.05740808598998433,0.0586295346280691,0.05099548064003927,0.06025813281218106,0.060868857131224516,0.06168315622328103,0.06880827327877553,0.06809576157322608,0.06595822645657656,0.06555107691054948,0.06707788770815544,0.06158136883677397,0.06738324986767603,0.06483856520499945,0.07298155612556519,0.06717967509466251,0.07705305158584776,0.07674768942632589,0.07349049305809985,0.07776556329139721,0.0766459020398195,0.07461015430967821,0.07603517772077643,0.07857986238345302,0.07379585521762169,0.08112454704613033,0.07827450022393252,0.07237083180652215,0.075322666015227,0.07501730385570647,0.07287976873905812,0.0750173038557058,0.07399942999063583,0.07532266601522766,0.07511909124221286,0.07053865884939563,0.0686046985057608,0.06595822645657773,0.06209030576930873,0.06300639224787287,0.06697610032164839,0.05873132201457564,0.05944383372012561,0.053641952689222464,0.05852774724156203,0.05801881030902671,0.059443833720125086,0.055270550873335975,0.045397174382150324,0.050893693253532206,0.050384756320996885,0.047127559952770404,0.044277513130573015,0.04132567892186778,0.035218435731444286,0.03806848255364209,0.03582916005048635,0.02819510606245684,0.030943365498147305,0.027482594356907388,0.030434428565612258,0.033589837547330956,0.029518342087048677,0.033284475387809764,0.02839868083547097,0.0314523024306829,0.034811286185415714,0.035218435731444286,0.03562558527747223,0.03165587720369703,0.03348805016082419,0.03664345914254319,0.037355970848091974,0.035014860958430157,0.03552379789096548,0.0374577582345997,0.03532022311795135,0.03888278164569791,0.034098774479866575,0.027686169129921518,0.024836122307723717,0.0240218232156672,0.018219942184764203,0.01567525752208792,0.0120109116078336,0.011094825129270021,0.007735841374536758,0.005903668417409735,0.003053621595211932,0.0017303855706200949,9.160864785635797e-4
A-05-7463,15.2,5,0.03788416398275028,0.04066815874228957,0.038757574103389376,0.04243317502774912,0.0417235293047293,0.04589042342194823,0.045635678803428295,0.04856524191640668,0.04789198828174772,0.048910966755827456,0.04980257292064723,0.04767363575158778,0.05380570264024525,0.053678330330986235,0.05620758047200559,0.062175882963044056,0.05993776952890463,0.060119729970703514,0.061284276798224284,0.06425023199956352,0.06270356824426392,0.06810779336572192,0.06870826282366177,0.07140127736230169,0.07560456356788062,0.08015357461287945,0.07884345943191909,0.07982604581763882,0.08288298123987875,0.08013537856869946,0.08615826919227791,0.08486635005549749,0.08835999053805656,0.08976108593991698,0.09119857343013661,0.09236312025765632,0.08375639136051778,0.0889422639518164,0.08957912549811703,0.08311952981421869,0.0874319922848768,0.08706807140127767,0.08508470258565819,0.08581254435285723,0.08515748676237817,0.09112578925341583,0.08315592190257867,0.08595811270629719,0.08204596320759897,0.08634022963407786,0.0885601470240365,0.08563058391105804,0.08341066652109787,0.0822825117819389,0.08182761067743902,0.08450242917189758,0.07558636752370061,0.06727077533344215,0.06834434194006248,0.06088396382626439,0.05591644376512517,0.04932947577196735,0.04314282075076856,0.037774987717670315,0.03229797841949172,0.028367632876612474,0.0237822297432539,0.02272685918081397,0.023454700948013985,0.021016431027894612,0.02019760903979464,0.020998234983714614,0.02077988245355449,0.020798078497734667,0.02074349036519468,0.020597922011754536,0.020343177393234782,0.02156231235329428,0.01965172771439496,0.0198882762887349,0.019487963316775003,0.020124824863074483,0.020088432774714848,0.02016121695143483,0.01961533562603497,0.018196044179995333,0.01790490747311509,0.013756209400076472,0.011499899921757052,0.008479356587877825,0.006204851065378409,0.004130502028858868,0.002401877831759384,0.0018196044179995335,8.1882198809979e-4,2.9113670687992016e-4,2.5474461851993465e-4,7.278417671998134e-5,7.278417671998134e-5,0
A-05-7464,10.2,1,0.049231037337167424,0.0481418550951947,0.05119156537271744,0.05086481070012652,0.04857752799198379,0.05358776630505835,0.05228074761469107,0.059469350411710045,0.06295473358602384,0.05881584106652746,0.059796105084302914,0.05326101163246653,0.06044961442948549,0.061647714895656555,0.06306365181022111,0.0703611728314384,0.06916307236526839,0.06709362610551903,0.06676687143292839,0.06796497189909839,0.06328148825861565,0.0684006447958869,0.06611336208774418,0.07493573824772387,0.06698470788132294,0.07820328497364207,0.07874787609462774,0.07504465647192049,0.07874787609462842,0.07874787609462842,0.07526249292031569,0.0780943667494441,0.07918354899141683,0.07667842983488024,0.0809262405785739,0.07918354899141752,0.07275737376377778,0.07569816581710412,0.07504465647192114,0.07515357469611841,0.0765695116106823,0.07515357469611841,0.07722302095586661,0.07700518450747139,0.07177710974600295,0.06948982703785961,0.06665795320873112,0.0625190606892342,0.0623012242408402,0.06654903498453385,0.05838016816973785,0.06001394153269746,0.054676948547030604,0.05925151396331655,0.05859800461813291,0.0593604321875133,0.05522153966801745,0.04356728967890885,0.05075589247592925,0.051082647148521065,0.04661699995643247,0.04302269855792286,0.0406264976255825,0.03648760510608648,0.037467869123861935,0.03528950463991617,0.02690280137672645,0.02973467520585529,0.026467128479937357,0.029516838757461,0.03136844856881437,0.02842765651548827,0.031695203241406185,0.026467128479937357,0.03017034810264464,0.03300222193177345,0.033982485949549196,0.033655731276957083,0.03060602099943373,0.03332897660436556,0.033982485949549196,0.03616085043349402,0.03267546725918192,0.03332897660436556,0.03616085043349466,0.03430924062214102,0.03616085043349402,0.03256654903498465,0.025051191565372805,0.02341741820241371,0.020694462597481884,0.015793142508604318,0.012634514006883675,0.010129394850346396,0.009366967280965484,0.006099420555047184,0.004683483640482742,0.0018516098113536422,0.0011981004661700038,8.713457935781845e-4
A-05-7470,16.4,50,0.03832596387294969,0.03985232459968819,0.03882680098641007,0.04197491998530893,0.0413786853264267,0.04579082180215519,0.046673249097300896,0.047412580074314016,0.04922513343731683,0.049201284050961545,0.052301704277149134,0.04746027884702544,0.05223015611808234,0.054090408253795824,0.0541381070265064,0.055807564071376645,0.05704773216185168,0.054710492299032375,0.05671384075287763,0.05733392479811515,0.05664229259381176,0.06329627138693689,0.06565736063611048,0.06732681768098131,0.06875778086229865,0.07376615199690938,0.06744606461275716,0.06687367934023022,0.06942556368024676,0.06947326245295733,0.06902012411220684,0.07347995936064526,0.07219209249745966,0.07228749004288146,0.07607954247337244,0.08132640747153605,0.07555485597355541,0.07615109063243762,0.07827368601805904,0.07607954247337244,0.08130255808518004,0.07715276485936044,0.08194649151677356,0.08151720256237764,0.08180339519864183,0.08502306235660512,0.07648498204141235,0.0794661553358228,0.07274062838363195,0.07281217654269782,0.07588874738252945,0.07469627806476566,0.07581719922346358,0.07481552499654211,0.07121426765689344,0.0775105056546891,0.07534021149635847,0.06968790693015432,0.0732891642698036,0.07347995936064591,0.07090422563427405,0.07006949711183956,0.06651593854490088,0.06575275818153223,0.06324857261422687,0.06270003672805466,0.05382806500388764,0.05370881807211072,0.049439777914514434,0.04371592518924504,0.04063935434941238,0.03596487462377606,0.031934328329731906,0.028094577126530636,0.024970307513987756,0.023515494946314906,0.02196528483322132,0.02048662287919321,0.020367375947416947,0.019222605402363067,0.02020043024292992,0.02103515876536467,0.020725116742746283,0.02031967717470637,0.019890388220311164,0.020128882083864055,0.016670721062346832,0.01454812567672639,0.012568626609237389,0.010851470791656569,0.00884812233781228,0.005628455179848143,0.004602931566570809,0.0023849386355289165,0.0014071137949620606,8.34728522435106e-4,3.338914089740483e-4,2.623432499081808e-4,7.154815906586749e-5,4.7698772710578326e-5
A-05-7478,11.4,100,0.028636884306987503,0.02929520348645848,0.0323893036299715,0.032060144040236584,0.03041434609155914,0.03614172295295664,0.036536714460639226,0.03923582309646954,0.04042079761951799,0.04042079761951799,0.044304880778396755,0.0401574699477296,0.04338323392713662,0.044568208450185144,0.04206659556819543,0.04772814051164583,0.04614817448091549,0.044963199957866934,0.050295585311582645,0.05101973640900072,0.05213887901410138,0.05227054284999511,0.05424550038840803,0.05786625587549888,0.058063751629340174,0.06346196890100218,0.06517359876762616,0.06201366670616549,0.06556859027530931,0.06352780081894928,0.06616107753683319,0.06708272438809197,0.07498255454174362,0.07188845439823069,0.06938684151624099,0.07610169714684495,0.06997932877776424,0.07379758001869587,0.07577253755710946,0.07603586522889785,0.07623336098273846,0.07432423536227331,0.07853747811088756,0.07689168016220943,0.07649668865452754,0.07899830153651655,0.07300759700333136,0.07287593316743651,0.06708272438809255,0.07070347987518294,0.07004516069571133,0.0690576819265055,0.0685968585008752,0.06807020315729903,0.0716251267264423,0.0777474950955217,0.07399507577253782,0.06879435425471649,0.06655606904451578,0.0662269094547803,0.07030848836749973,0.06965016918802937,0.07004516069571133,0.06984766494187067,0.06517359876762673,0.0664902371265681,0.06148701136258926,0.05786625587549837,0.05799791971139308,0.0485839554449581,0.04265908282971893,0.041934931732301235,0.03811668049136923,0.031401824860765606,0.032915958973548855,0.033705941988913725,0.0373925293939515,0.03568089952732664,0.036536714460639226,0.040552461455412185,0.039959974193888304,0.04081578912719985,0.04226409132203673,0.04147410830667155,0.044831536121973534,0.04147410830667155,0.04048662953746437,0.03574673144527405,0.03252096746586627,0.024028650050690662,0.0172479625021396,0.013232215507366404,0.006714855630603966,0.005069057681926523,0.0021066213743071265,0.0013824702768890273,4.608234256296839e-4,1.316638358941954e-4,1.316638358941954e-4,0
A-06-7565,14.5,90,0.02745697117832783,0.029758631225175785,0.02924941440065138,0.03118443833384266,0.03397494653223355,0.03419900193502406,0.03489153681637654,0.034300845299928225,0.035848864446481436,0.03768204501476742,0.03937264487218672,0.03713209084428163,0.04004481108055753,0.044994398614930396,0.04360932885222543,0.047499745391587904,0.04857928505957854,0.05043283430084458,0.05204195946634095,0.054302882167227,0.05139016193095038,0.05574905794887433,0.05413993278337888,0.05756186984417986,0.05625827477339871,0.061839291170180485,0.05823403605255086,0.05815256136062705,0.058946939606884824,0.05605458804358916,0.05917099500967533,0.058396985436398506,0.06063753946430358,0.06063753946430411,0.06249108870557105,0.06733883287503843,0.06497606680924703,0.06615744984214243,0.0677665750076385,0.0683165291781243,0.07277726856095286,0.07444749974539185,0.07956003666361165,0.08010999083409673,0.07858234036052579,0.08194317140238269,0.08155616661574527,0.08096547509929684,0.07522150931866815,0.07901008249312585,0.07894897647418228,0.08010999083409745,0.07941745595274426,0.07607699358386828,0.07676952846522077,0.08320602912720192,0.07762501273042088,0.075445564721458,0.07589367552703968,0.07638252367858261,0.07424381301558164,0.07379570221000128,0.06833689785110464,0.06890722069457199,0.06236887666768532,0.06627966188002817,0.060128322639780234,0.06520012221203754,0.06302067420307589,0.05939505041246584,0.055952744678683886,0.056197168754455844,0.052775231693654875,0.051064263163255096,0.046766473164273514,0.0467664731642731,0.041613198900091804,0.03786536307159569,0.035522965678786156,0.0307566962012426,0.030675221509318777,0.02998268662796576,0.03026784804969967,0.030512272125471133,0.030328954068642534,0.031306650371728396,0.029636419187289525,0.027049597718708723,0.023607291984927267,0.017822588858335944,0.012934107342906656,0.010367654547306095,0.007414196965067752,0.005845809145534189,0.0044403707098482695,0.0024442407577146,0.0016702311844383397,0.0012221203788573218,4.48110805581018e-4,2.444240757714644e-4
A-06-7612,37,2.5,0.045950460543555845,0.0481322560573687,0.046233285887938166,0.05083352669351794,0.05150307240675151,0.05549148695713427,0.054071588289414795,0.05483348513550719,0.056570840822433216,0.05637459466510614,0.057702142199965806,0.05618989239938653,0.05918553227152534,0.061396187514357936,0.062452453596441936,0.06738746725863767,0.06402242285505859,0.06647549982164593,0.06698920299817977,0.06732397585479656,0.06464002105605852,0.07092567003632826,0.07217241032993559,0.07304397414630062,0.07479864567063688,0.07851000682244022,0.07565289364958938,0.07433111806053347,0.07508724296082377,0.06956926277245053,0.07276114880191747,0.07258221848200096,0.07198770806421598,0.07257644653619787,0.07089103836150645,0.07439460946437525,0.07001947454514144,0.06962121028468354,0.07018686097345046,0.06620999031467519,0.07034847545595449,0.06916522656618888,0.0688304537095721,0.07014068540701993,0.06890548900502069,0.07200502390162719,0.06761834509078718,0.06608300750699236,0.06327784184637643,0.06700074688978724,0.06439759933230096,0.06489975861722672,0.06335287714182446,0.062279295222329806,0.061742504262582196,0.06507868893714201,0.06211190879402141,0.05888539108973151,0.06196183820312423,0.06126343276087197,0.05994742911761924,0.058995058060003054,0.05709608789057284,0.05437750141701289,0.05219570590320004,0.05010048957644281,0.0411366577432386,0.04110202606841581,0.03990723328704247,0.03875861607209867,0.036345942726135984,0.03492604405841684,0.03367353181900545,0.03357540874034221,0.03383514630151041,0.032634581574332674,0.032657669357547915,0.03146864852197767,0.0307875589171369,0.0306490322178472,0.02921181771271651,0.02981787202210844,0.028224814980277364,0.02806320049777271,0.026481687347548577,0.02481359501026838,0.02242978139332431,0.019532264599848383,0.01751208356854019,0.014816584878194681,0.011237978479877305,0.008715638163643775,0.005823893315971341,0.004236608219943473,0.0027185864735604576,0.0018931982236259325,0.001027406353065311,4.5598371849527844e-4,2.597375611681966e-4,1.2698280768222943e-4
A-06-7662,22,10,0.027975907963608024,0.029680533180028584,0.02951341306077114,0.031218038277192228,0.03222075899273373,0.036599306117264974,0.03482783285314165,0.036148081795270653,0.03905597187034167,0.03830393133368554,0.0400085565501061,0.039423636132706885,0.04206413401696544,0.04478819196085394,0.04361835112605552,0.04965138743123025,0.04610844090298359,0.04915002707345862,0.04834785050102629,0.05006918772937254,0.04868209073954013,0.05229188531548908,0.0574391849886021,0.05646988829691249,0.0570715207262374,0.0629541489240809,0.05972873062242186,0.060681315302186276,0.06469219816435284,0.06282045282867536,0.06912088132466115,0.06918772937236331,0.06865294499074118,0.0702572981356082,0.07231287560246828,0.07502022153443036,0.07411777289044234,0.071209882815372,0.0720956194474343,0.0680178885375655,0.07212904347128504,0.06930471345584377,0.07070852245760188,0.07085893056493248,0.0698394978374659,0.0748029653793957,0.07109289873189278,0.06980607381361391,0.06910416931273547,0.0725134197455766,0.07378353265192851,0.07537117378486988,0.07515391762983523,0.07732647918017582,0.07883056025348809,0.0847967485109593,0.08309212329453948,0.081487770149672345,0.08777148663373317,0.08818928693187547,0.08603343739346046,0.08531482088065649,0.0816047542331522,0.07720949509669597,0.07368326058037501,0.06748310415594277,0.05491567118782316,0.05128916459994759,0.04473805592507687,0.040459780872099775,0.037869419023617214,0.03678313824844759,0.035312481198986397,0.0369669703796302,0.039223091989598585,0.040961141229870164,0.04435367965078596,0.04657637723690255,0.047813066119404155,0.0517905249577188,0.05011932376514962,0.04828100245332267,0.04527284030669901,0.0391896679657472,0.03462728871003335,0.02851069234523016,0.022377383968500884,0.015909835353258565,0.01181539243146408,0.00858997412980557,0.0058993402097691945,0.004411971148382549,0.0025068017888537656,0.0018717453356774782,0.001303536930203958,5.849204173992015e-4,5.013603577707531e-4,1.5040810733122593e-4,1.0027207155415062e-4,3.342402385138354e-5
B-04-4263,35.6,25,0.01889877289828072,0.020648008157237864,0.021729193769557724,0.023926725501916334,0.02409373791357556,0.028154776554973556,0.027943813508667165,0.03126648148799224,0.03208396329243006,0.03343764283956272,0.03389472943989323,0.033569494743504215,0.03596919939523876,0.03768327414647881,0.03834253366618628,0.04315073309658607,0.04406490629724709,0.045049400513342774,0.0478095003691855,0.05005977286312032,0.047633697830596844,0.052178193453113184,0.05130797088709933,0.05630076298301768,0.05670510882177159,0.06063429555922809,0.05710945466052499,0.05720614605674875,0.05795330684575106,0.05680180021799535,0.060124468197320986,0.061117752540346355,0.06172427129847722,0.06256812348370333,0.06342955592278775,0.06704229809078467,0.06422945747336557,0.06607538412854647,0.06704229809078467,0.06518758130867433,0.06859815055729368,0.0706286698779933,0.07066383038571103,0.07279983122956256,0.07290531275271642,0.07758166027917401,0.07460180725009696,0.07563025210083993,0.07265039907176285,0.07698393164797328,0.07719489469427897,0.07775746281776337,0.07917267325340135,0.07999894518476876,0.0810273900355124,0.08427973699940182,0.07995499455012159,0.07470728877324949,0.07779262332548109,0.07599943743187679,0.07541049892760411,0.0718329172673256,0.0701012622622267,0.06696318694841978,0.06560950740128711,0.06389543265004713,0.05694244224886628,0.05758412151471436,0.05303083576526864,0.0511761189831583,0.04975211842058973,0.049673007278225274,0.048319327731092175,0.046719524629935824,0.04508456102106131,0.042588164973101986,0.044390140993636105,0.043880313631728604,0.04402095566259993,0.044284659470482914,0.044328610105130076,0.04501424000562504,0.048152315319433384,0.04766885833831458,0.04702717907246597,0.04833690798495147,0.04649098132976974,0.04453078302450703,0.04069828768327429,0.03147744453429919,0.025491368095355387,0.0196283534334233,0.013317042298090833,0.009036250483457013,0.005274076157659736,0.0035687915333496908,0.0017228648781688468,0.0010811856123202459,4.834569811188091e-4,3.340248233184499e-4
B-04-4264,45.2,90,0.01571295033607024,0.018335147559292882,0.018136864127289612,0.02047175270414096,0.021548148477871242,0.02395587586647845,0.024627611574896596,0.02523460167286435,0.025906337381282944,0.026917987544563284,0.02699487295697259,0.026582119690354213,0.02949971876125419,0.030705605755884876,0.03181842093549325,0.03416544931430364,0.03496262964296855,0.03615233023498558,0.036941417362344894,0.03869764204579956,0.037738597691009804,0.04065215016125682,0.042711869893695575,0.043917756888326116,0.04593296401358055,0.049680116218370936,0.048862702886439985,0.049833887043189105,0.05050966935226081,0.0492188037439151,0.0526665075003745,0.05330182380291408,0.053281590799648476,0.05555982696735627,0.055972580233974646,0.05990992266946173,0.058214396995803365,0.059347445178677335,0.05987754986423676,0.05860287065850353,0.061787545372509495,0.06440569599507956,0.06407387474152361,0.06469705124210373,0.06650183513339643,0.07025708053949242,0.0677643745371703,0.06893788872657487,0.06483463566431043,0.0695853448310749,0.07021661453296121,0.07026112714014617,0.07009926311402069,0.07032587275059611,0.06962985743825924,0.07254340990850597,0.06928589638274392,0.06485082206692233,0.06795861136852012,0.0664613691268652,0.06692672820197358,0.06831875882664791,0.06735971447185755,0.06710073203005838,0.06655848754254012,0.06728687566010137,0.06131409309609484,0.06290440715277099,0.062240764645659634,0.06114413586866375,0.06128981349217557,0.059614520821783874,0.05959024121786462,0.05864333666503475,0.05904799673034688,0.05880520069115908,0.06060189138114548,0.06181587157708134,0.0638634515075613,0.06686198259152423,0.06926566337947831,0.0731463534058204,0.07563905940814446,0.07920816118419749,0.08109387708855205,0.07890061953456028,0.07529105175197467,0.06713310483528336,0.056709061552842735,0.04645092889718009,0.03491002383447797,0.025655448140788965,0.017837415678958954,0.01121717701045241,0.007607609227868156,0.004884246988317394,0.002921645671553622,0.0018169236932514905,9.266715495647914e-4,4.5726587380271366e-4
B-04-4268,50,95,0.015770342171390665,0.018269964129392066,0.01801380452377838,0.020368820252804815,0.02157938096965508,0.02399223919027131,0.02468221748281054,0.02525237918562694,0.02590930462582941,0.026772810393138984,0.026954601080993634,0.026500124361357014,0.029545118382921832,0.030689573395098205,0.03173486985026243,0.03414772807087866,0.03488315403538155,0.036188741702700644,0.0369820101587943,0.038779259004630015,0.03785377913918818,0.04072111407944066,0.04269602200658886,0.04395616200194532,0.04609220258423743,0.04980651686563124,0.04889343181981542,0.049913938635726726,0.05063283817406146,0.049190907490850734,0.05272756269093205,0.05340101455730221,0.05342580419655511,0.05558250281155845,0.05598740025268926,0.05994134771352784,0.058309363129377643,0.05945794974809563,0.059966137352780745,0.05874731342284618,0.061920387247217656,0.06453156258185769,0.0642010340584856,0.06474227451550682,0.06658910263984892,0.07028275888853136,0.06779553175015704,0.06891519712307936,0.06481664343326611,0.06936554223617444,0.07005965213525521,0.06999767803712356,0.06985307180814765,0.07020838997077326,0.0693779370558009,0.0723981414381127,0.0691754883352355,0.06481664343326553,0.06798558565109598,0.06661802388564397,0.06701465811368988,0.06835329863334744,0.06744847680061575,0.06711794827724427,0.06658497103330677,0.06720471201462884,0.061193224495799614,0.06263102357246764,0.06205259865656704,0.06093706489018625,0.06104035505373948,0.05936705440416884,0.0591232896181814,0.058230862605077295,0.058586180767702285,0.058548996308822404,0.060466061744381024,0.06170967531356795,0.06388703196128212,0.06713447470341287,0.06969193915300438,0.07365414982692596,0.07598437591670047,0.0795045046906132,0.08148354422430355,0.07925247669154198,0.07540595100079799,0.06721297522771373,0.05665258890597558,0.0463979414683566,0.03482531154379143,0.02562835538096268,0.017724592065828125,0.011254496220819536,0.007602156037557983,0.004912480178617544,0.002970625103806625,0.001850959730883683,9.420062916104458e-4,4.462135065523164e-4
B-04-4276,33.5,90,0.02053663488930371,0.022585205247509257,0.022200390926077986,0.024033917987013733,0.026161714823160938,0.028849756039038384,0.028527191093133092,0.030383354290622663,0.031441593674558115,0.03252246919504778,0.03348450499862497,0.03226781265880676,0.035968820985508965,0.036410225648327375,0.0386342260648323,0.0420409646163233,0.04094877102755625,0.043319906331666325,0.045623133226113666,0.046319194425172454,0.045781586181996965,0.050455948380553936,0.052730880104307036,0.05410602540000902,0.05581505370989321,0.06004801124563285,0.05938024521726698,0.0609591157419613,0.06062523272777917,0.05902372606653008,0.062000378023480684,0.06171742631654567,0.06194944671623193,0.06408856162065707,0.06426399167895644,0.0694985982572441,0.06565045504293475,0.06808949875670983,0.06828756495156457,0.06579193089640256,0.0700135703638642,0.07116801332815746,0.07162073605925261,0.07209609492690187,0.07394094005611525,0.07852475770845294,0.07550283347839351,0.07560469609288925,0.07356744380296175,0.07699115945686881,0.07892089009816118,0.07827010117221261,0.07863227935708804,0.07705906786653309,0.07857568901570183,0.08110527727569526,0.07509538302040789,0.07069831349464561,0.07424086886546578,0.07215268526828941,0.07095297003088663,0.06825926978087113,0.06660683181237324,0.0650223022535408,0.06510718776562115,0.0643488771910362,0.05598482473405389,0.05676577144519252,0.05556039717365219,0.05254413197773076,0.05244792839737257,0.05207443214421954,0.05051253872194083,0.048848782685166604,0.04854885387581607,0.049714614908385635,0.05073890008748885,0.05299119567468675,0.054343704833833974,0.05524915029602427,0.056114982519243746,0.055062402169446543,0.05329678351817645,0.050156019571203844,0.04843001415890359,0.04492707202705487,0.04071675062786926,0.035063375523319305,0.02925720649702402,0.023915078270101257,0.017967433390338735,0.012348012490619975,0.00838102955939895,0.0054383318072804806,0.003004947127644053,0.0015505753540008586,8.149009159712686e-4,3.8481432143087685e-4,1.9240716071543842e-4,5.0931307248204286e-5
B-04-4284,28.9,60,0.019044209949836844,0.02069377339287165,0.01967104405818972,0.02210415013666641,0.023324827084512164,0.025007381796407668,0.025576481184254676,0.02641775854020196,0.028537447564502154,0.02881787334981807,0.03065713658880188,0.03083858856753571,0.03318096865664454,0.03300776449512648,0.03421194580854189,0.03779974629714259,0.03636462610170231,0.03763478995283844,0.0396390095361264,0.041107121000427384,0.04102464282827564,0.04396911357409238,0.04518154270472295,0.04707029284699821,0.04657542381408777,0.05064984551838374,0.049404425118892016,0.0513096708955972,0.05201073535888745,0.05076531495939617,0.055969687622170985,0.05709139076343415,0.057421303452041106,0.05849351969001424,0.06119055591937615,0.06331024494367588,0.06271640210418279,0.06354118382570019,0.0666093718297455,0.06426699174063606,0.06945486876897991,0.0712116538358126,0.0708322542439146,0.07251480895580946,0.07437056782922426,0.07651500030516882,0.074832445593274,0.07561598822871486,0.07168177941707753,0.07510462356137475,0.07522834081960168,0.0755335100565638,0.07616034416491635,0.07526133208846306,0.07442830254973047,0.0792780190722521,0.07652324812238467,0.07074977607176222,0.07488193249656505,0.07454377199074291,0.0725642958591005,0.0720034442884693,0.07104669749150849,0.07037037647986485,0.06806098765961612,0.06799500512189413,0.061957602920387336,0.060266800391276125,0.05942552303532891,0.056736734623182176,0.054188159103692915,0.05013848085104295,0.04990754196901763,0.04853840431129919,0.0469135843199099,0.04660016726573287,0.048109517816110135,0.05041890663635842,0.05334688174774565,0.057437799086471966,0.06258443702874056,0.06464639133253293,0.0674011622824022,0.06799500512189473,0.06957858602720814,0.0655289077745577,0.06113282119886885,0.052629321650025505,0.045676411737633794,0.03667804315587893,0.027110575186277047,0.01911844030477307,0.011786130800483694,0.007068379353404147,0.0039342088116380135,0.0022104150136666016,0.0010887118724029724,4.86621215695268e-4,3.0516923696143923e-4,8.247817215174034e-5
B-04-4286,49.1,50,0.017433440020026166,0.01806436451598902,0.017729744641611644,0.019847300945875945,0.020513986344443978,0.02271072750447658,0.022835890663594715,0.023709478427235166,0.024812957707624057,0.026307252566483443,0.026810459553142076,0.027592090710083908,0.030184756148959054,0.031725029311168496,0.03191405122493875,0.035260249968709335,0.034976717098053965,0.03617981603569908,0.0374799802804167,0.03915052530211591,0.03761280649009309,0.040964113934235484,0.042969278830311736,0.044065095060142334,0.044887595820061514,0.048412599076858014,0.047965587794292816,0.04968211111934153,0.05055569888298284,0.049876241733484386,0.05343445154269998,0.05421352834945525,0.05510755091458479,0.05691092214596088,0.058425651806308945,0.06199918771664105,0.06044358845331509,0.06261734046167292,0.06362630878517682,0.06175141574859086,0.06551652792287871,0.06683457261889886,0.06734033395574357,0.06866604170232077,0.06859962859748318,0.07341713304843775,0.0698768036905254,0.0699534341961073,0.06766729077956238,0.07221914281116482,0.07180278373083242,0.07163675096873756,0.07226767546469977,0.07246180607884282,0.07371854637039636,0.07729719098109995,0.07428050341133494,0.06956772731800856,0.07297267611605972,0.07187941423641558,0.07024718446750701,0.06770560603235364,0.06461228795700483,0.06229038363785467,0.0588266847855242,0.05874494557956897,0.05075749254768351,0.05256597247943082,0.050949068811639846,0.05032325301604916,0.04926319768882369,0.0497102089713889,0.04949564355575737,0.05085455785475472,0.05156977590685836,0.05378950621856524,0.05632086725297538,0.06095701284071806,0.06542457131618025,0.07028294537011281,0.0752537108322331,0.08012996533746683,0.08363964249314826,0.08391551231324537,0.08288355483806727,0.08082985728845539,0.07408126409681903,0.0672202794969976,0.057787064259787836,0.047360206800191235,0.03655785986324022,0.027234481684031604,0.019338985258845146,0.012825392284329874,0.007954246479466884,0.004582504233835368,0.002722937298365992,0.0013027185949030544,6.360331963350207e-4,3.167394230744681e-4
B-04-4288,34.7,5,0.022672680316943212,0.023679326495853168,0.024171078939573116,0.026323219046208626,0.027457142328199152,0.029163812574052237,0.029372084197274988,0.03042501295912279,0.03255401177428922,0.03478136107819918,0.03648803132405227,0.03494335011848354,0.03686407731042601,0.03826412544431294,0.039473257923578343,0.043112226007109164,0.04260311759478688,0.04410151621741643,0.04608009663803334,0.04763634848933666,0.046658628924763204,0.04966121149289073,0.05283156842417034,0.05394813573755944,0.054995279176540485,0.062047587751777475,0.05859374999999969,0.06010371926836461,0.061463270142180317,0.05971031731338884,0.06434436093009502,0.06343027991706128,0.06642707716232192,0.0672948755924173,0.06892633664099551,0.07165700903436045,0.07056358301244038,0.07101483819608967,0.07253637811018984,0.06953379554206186,0.07468851821682425,0.07442817868779648,0.07481000999703818,0.07566623778139771,0.07748282916173015,0.08185653324940716,0.07721091898696711,0.07961761329976261,0.07492571645438416,0.07831013033175384,0.07935148844786688,0.07877874148400503,0.07932834715639768,0.07945562425947897,0.07885395068127991,0.08348799429798534,0.07826963307168275,0.07332318202014179,0.07583979746741734,0.0755447460011851,0.07297027732523659,0.06786183723341258,0.06473776288507074,0.060520262514810644,0.055157268216824845,0.052686935352487876,0.04347091602488167,0.04229071015995238,0.039282342268957486,0.03792279139514232,0.03700871038210881,0.03492020882701435,0.0354524585308055,0.035140051095971694,0.03713598748518971,0.03820048689277231,0.04031212973933664,0.04242377258590025,0.04525858079087694,0.0487239891883888,0.051246389958530994,0.05299934278732152,0.05569530324348362,0.05456137996149309,0.05294148955864948,0.049123176466232404,0.04633465084419366,0.04341306279620869,0.03968152954680109,0.03480450236966837,0.02907124740817546,0.022875166617298253,0.016887357449644612,0.012010330272511893,0.00842921541765406,0.005177863966232154,0.003147215639810438,0.0016546023400473993,9.487929502369702e-4,3.8183130924170756e-4
B-05-4293,47.7,5,0.025784901875437725,0.02717586722431455,0.026595509799839396,0.029071491203169358,0.030206973120619825,0.03292582148962622,0.03230446055146583,0.03392252228383215,0.03498230540678652,0.036808538824019355,0.03708925518694461,0.03720595749512702,0.0408142666994689,0.0416217205074344,0.04363720091090898,0.04904966471742288,0.047882641635598786,0.04928306933378683,0.05159188256593698,0.05299861849700062,0.05174643427136774,0.05562915160576038,0.05747430972161738,0.05765724847498491,0.05949294424152983,0.06370999791828337,0.061000611898588526,0.06276376298707409,0.06409164600720423,0.06076720728222424,0.0651261961986591,0.06781350340329127,0.06763056464992426,0.06988575790263898,0.07047873179286311,0.0751373617708474,0.072938942614005145,0.07283170265513483,0.07465162783949358,0.07305879903862557,0.07750925733174324,0.076648183544344,0.07818423824933948,0.07921878844079366,0.07977391293377015,0.08427799120632293,0.07884975681762295,0.07800129949597177,0.07428575033275954,0.07813377238634168,0.07646839890741366,0.07560732512001439,0.07340890596317215,0.07368331409322332,0.07268976741545416,0.0748219501271105,0.07049765649148729,0.06590210884224967,0.06743185531437101,0.06552361486976677,0.06493379509597942,0.061426417617632983,0.057445922673681114,0.053815534654277485,0.049923354970572265,0.04875948600518511,0.04100982191858609,0.03979864120663857,0.03771692435797973,0.03658459655696662,0.035121086530030154,0.03494130189310081,0.03507062066703236,0.03607678381055127,0.03564466985863263,0.03707348460475747,0.03850545346732034,0.041135986576080225,0.042549030740018944,0.04479160752698362,0.046955331403014236,0.05059518177172957,0.05327302662705115,0.05568907981807076,0.05539259287295869,0.05430126858563129,0.05119130977839106,0.04571260952669345,0.039814411788825735,0.033263311948424,0.025157232704402604,0.01894677743923568,0.012644852797385912,0.008143928641269749,0.004926729875160089,0.002860783608687658,0.0016874522939888908,7.79066760028516e-4,4.226516026065633e-4,1.6085993830548305e-4
B-05-4294,50.6,45,0.02199794772966435,0.023559559256738357,0.02318607966879797,0.025454968165533713,0.026890530331677983,0.03075604406685669,0.03035922200467047,0.03188348557294991,0.03205388563494809,0.0339446260488942,0.0345935468329399,0.032943233903730156,0.036465613267488366,0.037095860072137714,0.038398370135078366,0.04148191098300776,0.04117845881780653,0.0422242016640377,0.04446741343910291,0.04642818127578777,0.045478142573965465,0.0499902428457648,0.051348774846896435,0.05451401435468816,0.056098968356008416,0.0600181697819535,0.0589397474717763,0.06017689860682744,0.06075579196813494,0.05914049275029456,0.06268154609345042,0.06178519508239393,0.0631273873515532,0.06443456590934367,0.06486173318805001,0.0689513346759927,0.06615023776644231,0.06674313661229701,0.06745975057165744,0.06496210582730888,0.06869690170670797,0.06870623869640709,0.06851483040758785,0.06887430451097946,0.06909138952147019,0.0725764209264344,0.06922210737724918,0.07109650805922228,0.06724266556116733,0.07055496265670995,0.07168006991537848,0.07258342366870893,0.07187147820419772,0.07053628867731296,0.07040557082153397,0.07299191696801761,0.06889764698522632,0.0633071244032493,0.06451859881663016,0.06287995712454353,0.06104057015393862,0.05862228982202785,0.05696964264539296,0.054992535076736244,0.05277266577591804,0.05225212860022623,0.04546413708941771,0.0472988555651724,0.04625077847151628,0.04505564379010837,0.04472651490323587,0.04560886042974445,0.04697206092572493,0.048533672452799353,0.050256347052172474,0.053788063405629354,0.057212404377554454,0.060410323349289925,0.06382532733151658,0.06718897787040096,0.06877860036657046,0.0706016476052012,0.06995272682115675,0.07137895199760251,0.06926879232574168,0.06397705341411719,0.05651679864501525,0.047644324184017296,0.039819926816674886,0.032289644624835204,0.02543395993871209,0.019631020841094426,0.014017155784872073,0.009579751430660281,0.006122730994790915,0.0037534698587966516,0.002301567960680077,0.0013515292588577735,7.306194439075702e-4,3.7814808278922163e-4
B-05-4312,49.2,35,0.01825805990452987,0.019567591957630425,0.019112466745145246,0.021175887187024706,0.02225366836505629,0.025090522450237872,0.025411623060273187,0.02663180537840692,0.02739965466327445,0.027519718369635484,0.028966067204403256,0.02777101449922834,0.030769814979035883,0.031861557053156506,0.03295609130649428,0.03489665586279467,0.033701603157619754,0.035287560953271825,0.035784568854022765,0.03726163166018522,0.03745708420542411,0.04038608020478938,0.0424159944960561,0.0434323477312987,0.045062980394434564,0.048525282624380585,0.04713477737396636,0.047603863482539685,0.049485792275268836,0.047668083604547176,0.05172791218708066,0.05199596139197924,0.05222212790861281,0.05339484318004661,0.05556995079063366,0.058141547850133896,0.05808570426577941,0.05852128422374035,0.05913277147241683,0.056463448140297155,0.05905738263353844,0.06007094368956349,0.06007932022721659,0.06114034832994144,0.06128833382848,0.06659068216288867,0.06457752094692872,0.06698158725336645,0.06458031312614641,0.0693409786923222,0.07228393558777567,0.07412677387145726,0.07514033492748112,0.07558149924387814,0.07815588848259607,0.08284116520989325,0.07732661125493964,0.07469358625264938,0.07729868946276265,0.07696362795663884,0.07595285907983135,0.07443949794383949,0.07246263505770836,0.06946941893633633,0.06581724851958681,0.0665404229369701,0.057619410336424294,0.05837329872520234,0.05455638973460914,0.05256835813160788,0.05001351414741339,0.049228911787240585,0.04881846144223848,0.049678452641290026,0.050770194715410104,0.05259627992378439,0.05583520781631501,0.05852966076139345,0.06277935753073095,0.0704103833327007,0.08150650354383415,0.09631622211450479,0.10328270926266402,0.09571590358270134,0.07891815340902773,0.06544868086285062,0.0580857042657789,0.0520127144672859,0.04629991578787496,0.04140801779846735,0.034623022299460224,0.027556016699465075,0.020639788777226612,0.014625434742304247,0.0098061334125568,0.006190261325637255,0.003473470946816816,0.0018903053303818205,0.001019145414459918,4.970079007503162e-4
B-05-4314,43.2,55,0.018538097433754622,0.02029419604904836,0.019704327026987805,0.022306955231192714,0.02425667497586499,0.026751235572974548,0.02691783980057934,0.027183506001354062,0.028214651085719328,0.029124220112102236,0.029290824339707026,0.029002644054120362,0.03202853705277976,0.03333435397184491,0.033690076511865945,0.03691859627382904,0.0358649371046528,0.03731484416651004,0.039273569545107564,0.039899461102866095,0.039683325888676096,0.04421766256970337,0.04502816962291586,0.04790546966182061,0.04958051757179309,0.05191747957522245,0.05100340773187679,0.052939619025662174,0.053849188052045555,0.0525343654990564,0.056812041613233444,0.057154255702367096,0.05823493177331708,0.05879778389360405,0.060391781098255284,0.0639354980475788,0.06312949381132803,0.06213887407962388,0.06453437270356359,0.06246307690090944,0.06660116568925485,0.06758728260399731,0.06581317272085441,0.06657865160444339,0.06598427976542148,0.07060416996873206,0.06697489949712565,0.06680829526952026,0.06360228959236922,0.06713249809080585,0.06767283612628024,0.06787096007262168,0.06783493753692274,0.06761880232273335,0.06836626993847375,0.07130210659788726,0.06742067837639251,0.0633591374764049,0.06540791919424815,0.06547996426564483,0.06413362199391906,0.062215421967983395,0.06194975576720764,0.05964431348251488,0.05737039091655761,0.05760453739859626,0.05003079926802226,0.05094036829440471,0.049616540107491426,0.0494679471477358,0.048306220371464134,0.04765781472889457,0.04943642742899932,0.049305845737093304,0.05190397112433557,0.053353878186193,0.05638877681877803,0.060333244477744956,0.0632915952219711,0.06897415022838313,0.07148221927637956,0.07647584328755962,0.07891637008112304,0.07909197994265241,0.07802931513955158,0.07738090949698159,0.07257640379821513,0.06708746992118293,0.058045813460901347,0.050422544343741625,0.04173210760651879,0.03311821875765432,0.02545442428783456,0.01879926081756754,0.013202259333439046,0.008775990259506223,0.0054844310600712,0.0032735479315860122,0.0017020648117462346,8.42026771948534e-4
B-05-4315,51.6,85,0.022319210298494544,0.023596447640952957,0.023220789599053014,0.024817336277126442,0.025614755847885907,0.029122035929984275,0.028835169788897358,0.029571118043709103,0.031007156285698296,0.0320726590954497,0.03332257585304269,0.03247222264910648,0.03603414390093505,0.03685717652000648,0.038359808687604614,0.04108503702793032,0.04039860733318663,0.041486308118140455,0.04221030361707483,0.0435712102506836,0.04289844084837262,0.04581662081930994,0.047148499331499186,0.049050695052754514,0.049762737795809545,0.053758373332377304,0.05190398863463642,0.0534885825568308,0.053896683793258494,0.0530582833452009,0.056816571300750324,0.05726223834136698,0.058402872759498285,0.05883829458079145,0.059664742272970424,0.06385162190359613,0.061937473426462046,0.06286978838499452,0.06404969614387043,0.06208432157011423,0.0654413384354522,0.06606288174114111,0.06642146441749976,0.0674937973734669,0.06814607633712944,0.07070396609515381,0.06671345316824893,0.06668271751027474,0.063887480171232,0.06772943741793176,0.06743744866718199,0.06804020907077593,0.06679029231318234,0.0670703283080535,0.06757575912806378,0.0708269087270482,0.06822974562827978,0.06410945992326296,0.06799239804726144,0.06821950040895525,0.0681785195316565,0.06742378837474987,0.06682273550771002,0.0666741798275049,0.06547378162998048,0.06886836429950838,0.061975039230652555,0.0641026297770466,0.06409750716738491,0.06277075126485793,0.06053729345210925,0.060716584790289116,0.059780854758647924,0.05922078276890734,0.05816723271503456,0.057639603919820606,0.05829017534692895,0.06020603136061603,0.06182989862355501,0.06418459153164344,0.0669934891631195,0.06890763764025182,0.06947112470310234,0.0685319795983535,0.06602873101005934,0.0610239413700251,0.054540425074149,0.0467233227295315,0.0384537231980795,0.029828956063377033,0.022223588251465573,0.015921070830323576,0.010458661393793825,0.006792580412165198,0.004089550047042647,0.002402503931602882,0.0013387086584056096,6.813070850814263e-4,3.654128225750006e-4,1.5367828986799089e-4
B-05-4316,49.9,70,0.030043231058086872,0.03042948540620725,0.030260269215601595,0.03187885886486848,0.031919323606100135,0.035388255513505044,0.03424420692050088,0.036499196590955386,0.038298038269345226,0.039787876469238107,0.04121885686370313,0.04100917593186635,0.045456618854508746,0.047766787717553334,0.04898072995450309,0.05264830695522705,0.051478508072348196,0.05303088269050724,0.053593710454912166,0.05571259145031538,0.05332885033048677,0.057191393811690035,0.05768064931930918,0.05925509561450513,0.059994496795192705,0.0641071859494649,0.06105025868005454,0.06138501244842552,0.06312867493422662,0.06022257079122569,0.06441618942796122,0.06564116750342812,0.06647621261793597,0.06746208085885333,0.06715675599319627,0.07175870065508763,0.06878270286814049,0.06980167862461044,0.071155408149452,0.06758715369538755,0.07207873997210103,0.0720824185849409,0.07334786140164004,0.07399897587418516,0.07360536430038696,0.07804912861019023,0.07301678624610829,0.07386654581197247,0.06984214336584271,0.07256063825404231,0.07213391916468964,0.07062936651344043,0.07059993761072587,0.06876798841678414,0.06768279762920784,0.06942278150216855,0.0660200646258706,0.06272402752190949,0.06384968305071799,0.06181541015061734,0.0615064066721205,0.05986206673298,0.059012307167114655,0.05603998799300789,0.05394685728747937,0.054259539378814434,0.04711567324500755,0.04744674840053889,0.04533890324365382,0.04297355518802141,0.04229669042560057,0.04042059787758768,0.04010791578625178,0.03950830189345574,0.039633374729989956,0.0388645446465881,0.04006745104502048,0.04101285454470523,0.04305080605764548,0.04454064425753837,0.04767114378373305,0.04991509761566959,0.051026038693121466,0.05197512080564582,0.0508788941795518,0.05055517624969853,0.0470347437625434,0.04341131011589117,0.03779774692320836,0.03296772826528402,0.026232188156632485,0.01991968852449339,0.01463720048734268,0.010336902078269147,0.006592074207921106,0.004318691473269666,0.002284418573169089,0.0012764786552168662,5.738636029217034e-4,2.685387372646433e-4
B-06-4959,44.9,5,0.019304546067388257,0.020969435490131267,0.021061361899975595,0.022986709483945645,0.02442178288207689,0.02749621058910539,0.027082541744804213,0.02938580901369049,0.030054828996449706,0.030657457683209446,0.03260834038102487,0.03174525353303847,0.0348247882628355,0.03557552060990122,0.03651010577665573,0.03957942646091508,0.03914022250276815,0.040554867809822065,0.043256482854703314,0.044589415797451556,0.04323605476362671,0.04811836853093401,0.05013053550197922,0.05252062215794202,0.05384844807792111,0.057612323858784904,0.05740804294801838,0.05746422019847903,0.06034968806304948,0.058332414069235096,0.06236696205686386,0.06282148708331768,0.06289809242485493,0.0637713933183802,0.06579377433496374,0.06986407148197654,0.06767315871401046,0.06875584754107031,0.0691082321121423,0.06663643309187355,0.07090079710411343,0.07177409799763877,0.07289764300685185,0.07393436862898871,0.07455742540682571,0.07797402363938657,0.07634999039879747,0.07599760582772543,0.07323981353238491,0.07630402719387512,0.07598228475941797,0.0753183717994291,0.07488427486405065,0.07462381670282466,0.07325002757792322,0.07509366279758582,0.0714319274721057,0.06726970391524759,0.06740248650724609,0.06420549025375798,0.06296959074362304,0.05868990566307562,0.05498731415544114,0.05166774935549391,0.04815922471308764,0.045702746761125915,0.03910447334338409,0.04088171726704805,0.03965092477968318,0.03863973427139142,0.03923725593538165,0.04021780430705887,0.042066546549490914,0.043823362382079005,0.04571806782943378,0.047474883662021065,0.04906827476599639,0.0508301976213528,0.05406294303422542,0.056902447693873,0.057949387361548824,0.061396627730724206,0.064552767802060207,0.06426677452698779,0.06573759708450308,0.06483365405436348,0.06377139331837907,0.05993091219597915,0.05624364175665261,0.05120811730627038,0.04362418849408214,0.03461029330653118,0.0253359399577548,0.016960422616348253,0.010929028725981711,0.006986407148197531,0.004228614852856475,0.002124521471966538,0.001041832644906668,5.055952541458829e-4
B-06-4960,41.7,30,0.021483646536823144,0.02302404529690047,0.02187693983726803,0.024020388324695167,0.024967569689934202,0.027314219715924345,0.027140515174894346,0.028444937954704003,0.029595320858506937,0.030614605995494277,0.032853100363861965,0.032010797212075004,0.03586834900060844,0.03788725460956149,0.03785120272368733,0.041603876298769334,0.04133184843262802,0.04165631540549463,0.043075448731268735,0.04504847012183587,0.04398657821063363,0.04675274109043165,0.048076828535264064,0.04976143483883841,0.05095770196102612,0.05529376059843528,0.05373369717333522,0.05495618384888593,0.056788275140127326,0.054592387545974536,0.059282410153784444,0.06060649759861633,0.06176343539075951,0.06272700397685098,0.0632284529349187,0.06756123412815748,0.0665058971052954,0.06651572943780654,0.0680200763120103,0.0659290669313096,0.07010780824854002,0.07096649862117949,0.07238235450278248,0.07314599899447974,0.07346718852317735,0.07685934323951718,0.07413906457810471,0.07336231030972463,0.07086489785189778,0.07392930815120055,0.07301490122766464,0.07324104487542132,0.07158593556938016,0.07183829877049984,0.07244462594201964,0.07456840976442347,0.06843303427747784,0.06574553005776788,0.0669811265100007,0.06538501119902695,0.06279910774859872,0.060986681122380634,0.058630198763878844,0.05563133734798414,0.05314375722266777,0.05230800895922111,0.04586783116443019,0.04561219051914036,0.04535327242968096,0.044212721858389654,0.0446551768213902,0.04448802716870135,0.045281168657932254,0.0465298748868464,0.0484209601731541,0.051108464392863026,0.052416164616844015,0.055555956132064974,0.05902349206432463,0.0616126729589227,0.0646443088165217,0.06790536576604589,0.07082884596602364,0.07215948829919681,0.07171047844785512,0.06909180055572367,0.06535223675732202,0.058925168739213316,0.04918132722068163,0.040489545280841054,0.0316502783533335,0.023407506264834198,0.016121747874085896,0.011202304174349581,0.007331642609134,0.00445404662754266,0.0025269094553608913,0.0013142551123212938,6.161595040309307e-4,2.7858275448206974e-4
B-06-6061,49.2,30,0.017472602424277044,0.018832338021497048,0.018827951777634716,0.02025786727664705,0.021367586973733053,0.02353877768542306,0.02349710836873406,0.024144079338378633,0.025266957767051065,0.025782341420836068,0.026705645753787068,0.02616175151489907,0.028775952856650563,0.029486524362295076,0.030734410741034078,0.03372582905491809,0.03440350373159709,0.03594965469295146,0.037344480241068095,0.0385331523276701,0.037934430040507096,0.04130306532652274,0.04312774277311473,0.044204565641236114,0.045923973235140116,0.04954920378708313,0.047687243267663694,0.04954481754322068,0.05080805577547713,0.04947902388529113,0.053060391998614134,0.05463505354507165,0.05541361183057665,0.05686107230503715,0.05834581585232415,0.06325840897776416,0.060973175925661614,0.06226711786495161,0.06395582175182217,0.06137013099517316,0.06536819227538558,0.06685512894460417,0.06792756556886317,0.06768193591259057,0.06855699156306018,0.07249803167306654,0.06912281702125818,0.06951977209076855,0.06757666605990317,0.07116680666095018,0.07163613475418354,0.07278094440216619,0.07405734136600753,0.0744279789723472,0.07485563774889219,0.0785444688368335,0.0744411377039332,0.07106592305212354,0.0741055900484902,0.07172605275335518,0.06851751536830157,0.06521248061828516,0.0618811284050956,0.05786771527136615,0.052086645861250135,0.05172039449877267,0.043794451840139116,0.04357952589090072,0.041636419860035107,0.040901724013150106,0.04080084040432374,0.04211671356292411,0.04386243861999972,0.04653585425388912,0.04956674876253113,0.053909130185910654,0.05827563595053215,0.0639470492640976,0.06932458423891018,0.07471527794530819,0.08069592145114521,0.08430360702763873,0.08717440363531923,0.08774900158124123,0.08638926598402122,0.08270262801801022,0.07852692386138481,0.07089705266343718,0.06239651205888116,0.05240245541931413,0.04230093580512811,0.03241214901824851,0.02358264012404306,0.016847562673942044,0.01142177901664803,0.0070991356906468924,0.004202021619796011,0.002379537295135006,0.0012347276471530032,6.031085310250015e-4
B-06-6100,2.8,100,0.04112212708427234,0.05858494817485375,0.06365479945921496,0.054078413699865,0.04957187922487625,0.06703470031545765,0.05858494817485375,0.05576836412798478,0.06590806669671047,0.05633168093735937,0.06534474988733686,0.055768364127985776,0.06759801712483005,0.07097791798107281,0.08337088778729188,0.06816133393420484,0.05633168093735937,0.07154123479044512,0.07492113564668797,0.06647138350608406,0.06083821541234812,0.07379450202794012,0.06872465074357782,0.06816133393420484,0.06703470031545765,0.07435781883731438,0.07379450202794012,0.0799909869310496,0.08844073907165421,0.06647138350608406,0.08168093735917109,0.0704146011716986,0.08675078864353267,0.08280757097791827,0.10534024335286203,0.10139702568724687,0.10759351059035545,0.09125732311852137,0.08280757097791827,0.0895673726904014,0.08731410545290626,0.08787742226228062,0.07886435331230313,0.0844975214060383,0.07830103650292952,0.07773771969355525,0.07548445245606156,0.08844073907165344,0.08337088778729188,0.09463722397476375,0.09576385759351008,0.08393420459666547,0.08280757097791755,0.07717440288418234,0.08675078864353343,0.0749211356466873,0.0636547994592161,0.05858494817485323,0.07717440288418234,0.06309148264984249,0.06083821541234758,0.06083821541234812,0.04957187922487581,0.050698512843623436,0.03943217665615156,0.04562866155926069,0.04112212708427234,0.025912573231185083,0.02591257323118531,0.017462821090581407,0.024785939612437906,0.018026137899955,0.01351960342496613,0.01689950428120781,0.008449752140603905,0.00844975214060383,0.006759801712483125,0.00450653447498871,0.00450653447498875,0.0033799008562415624,5.633168093735938e-4,0,0,0,0,0,0,0,0,0,0,0,0,0,0,0,0,0,0,0
B-07-4987,20.2,85,0.01785058266181833,0.018915286947396963,0.018459670248612982,0.019605905943447965,0.02070418198577908,0.02319808391596326,0.02342349428272991,0.024080541522028005,0.025413819861626902,0.02680464978422962,0.027835782313055772,0.02716914314325654,0.030051518258718875,0.0319794962893618,0.032861953895426975,0.03455492962880201,0.033413489899217705,0.034986566501333256,0.035125649493594154,0.03640617221543873,0.0347755440303183,0.037749042485537565,0.039710592272932416,0.04121172939629363,0.04110621816078584,0.043782366770483486,0.04217571841161445,0.04376797887473203,0.04592136727214146,0.043931041693244466,0.04783975337228314,0.049321706634642144,0.051417543449046914,0.05354215605495428,0.056755452772691596,0.061690501015306064,0.06259214248237209,0.06353694763669186,0.06496614528129799,0.06172407277205855,0.06562798848584628,0.06594931815762059,0.0656136005900958,0.06741688352422838,0.06638575099540282,0.07145988223027692,0.07022731916093654,0.0724574430023506,0.07009782809917697,0.07866342203630958,0.08235631527908158,0.08435623278848,0.08607318834810605,0.08750718195796273,0.08826014850226833,0.09305131778737134,0.08935362857934909,0.08386704433294313,0.08996751213139442,0.09200579736279496,0.09127201467948995,0.09093150114671562,0.08933924068359722,0.0869124822669188,0.08494134054902322,0.08676380734415705,0.07381470116820148,0.07283152829187822,0.06765188582149634,0.06074569586098629,0.05512962055282103,0.05207938665359625,0.04787812109428555,0.044645640515547244,0.04326440252344523,0.04276082617215766,0.043619303951971444,0.04383512238823699,0.046942907870466906,0.05434308225176343,0.06370480642045483,0.0810134450089817,0.08797718655249744,0.08449051981548993,0.07641891029914381,0.05917261925887011,0.04454012928003865,0.032185722795127034,0.02402778590427454,0.019351719785179196,0.014488611021320036,0.010440816350020905,0.007534461408306447,0.005510564072656975,0.0035825860420145867,0.0023404310421728074,0.0011606235905857161,7.385786485545467e-4,3.4530949802550237e-4,2.1581843626593896e-4
B-07-4994,34,10,0.026678766540774692,0.026345130306181103,0.0260054279582308,0.027855592531886627,0.028771575648679937,0.03199268184084714,0.03127688046480998,0.03312704503846475,0.034789160098077046,0.0361237050364514,0.03742791940804453,0.037203473213863386,0.04045490997281111,0.04161960373721127,0.044021784626285115,0.047358146972221016,0.04715796523146486,0.04687285790372041,0.04653315555577141,0.04916584875238265,0.04600540369377791,0.05077943490514391,0.051598360208237264,0.05245974830482481,0.05366690486271798,0.05802844036585964,0.05569905283706025,0.0560266229582976,0.058004175912434654,0.05637845753296043,0.060315365101164795,0.06151645554570116,0.06315430615188786,0.06471936339780018,0.06605997444953078,0.07146488144994693,0.06850461813209774,0.0693114112084786,0.0714345508831657,0.06942060124889167,0.0728843519753081,0.07565656577911367,0.07642089606200081,0.07529259897773817,0.07406117796642069,0.07839844901613666,0.07490436772293904,0.0750378222167758,0.07021526209856004,0.07262350910099014,0.07170145987083992,0.07126469970919079,0.07071268339377167,0.07002721258451639,0.07106451796843463,0.07334537659038287,0.06919008894135428,0.06524104914643684,0.06796473404339237,0.06567174319473097,0.06564747874130539,0.06309364501832596,0.05933265473745223,0.05469814413327999,0.05073090599829439,0.04911125373217598,0.04090986847453036,0.03975124082348681,0.037725158962500636,0.03702755592653222,0.035377573093632694,0.03575973823507658,0.036469473497757164,0.03683344029913232,0.03836816697826283,0.04038818272589274,0.04244459515366087,0.046223783774602394,0.048565303530114186,0.05358804538908677,0.05779792805832225,0.06070966246931977,0.06396716534162554,0.06667871801186799,0.06761289946873004,0.06668478412522423,0.06512579299266757,0.05765234133777232,0.050379071423632064,0.04299054535572311,0.03275094601037803,0.02438577569211286,0.017112505777973033,0.011628739303925667,0.006963898132971657,0.003930841454848043,0.0022383958284551753,0.0012799499181681355,6.612063558309325e-4,3.942973681560607e-4
C-04-11013,6.6,90,0.0206594358641143,0.024158211292714303,0.022908648639642468,0.025324469768914303,0.024658036353942876,0.028240115959414305,0.03148897885740002,0.03123906632678518,0.030905849619300024,0.03448792922477145,0.036737142000300024,0.03165558721114288,0.040902350843870734,0.04156878425884289,0.04231852185068574,0.048316422585428606,0.047566684993585746,0.050732243714699136,0.04764998917045718,0.05339797737458575,0.05306476066710004,0.056147015211342396,0.06406091201412804,0.0584795321637429,0.05889605304810004,0.061145265823628614,0.06747638326585659,0.061311874177370926,0.06739307908898576,0.057479882041285756,0.06905916262641433,0.06914246680328515,0.06464404125222804,0.06689325402775718,0.0695589876876429,0.07589010512987149,0.06955898768764228,0.07264124223188512,0.07305776311624292,0.07688975525232862,0.08380400193265646,0.08247113510271435,0.08172139751087149,0.08830242748371356,0.08713616900751435,0.09613302010962778,0.09388380733410007,0.0902184235517564,0.08980190266740007,0.09405041568784292,0.09288415721164209,0.09363389480348579,0.09563319504839922,0.0875526898918715,0.09546658669465721,0.09704936605521348,0.09171789873544292,0.07955548891221363,0.0867196481231572,0.08746938571500007,0.08605321470818501,0.08538678129321435,0.08063844321154219,0.08488695623198578,0.07705636360607149,0.07514036753802796,0.06322787024541433,0.05273154395961385,0.05089885206844289,0.04565068892554289,0.04165208843571394,0.03565418770097145,0.03282184568734259,0.030822545442428594,0.031155762149914307,0.028989853551256904,0.026574032421985732,0.027823595075056915,0.02507455723830002,0.024574732177071446,0.025324469768914303,0.022658736109028185,0.01965978574165716,0.018576831442328585,0.01699405208177144,0.013162059945685724,0.012079105646356938,0.011745888938871437,0.010746238816414294,0.007663984272171434,0.005414771496642861,0.003831992136085649,0.0014161710068142867,5.831292381000004e-4,3.3321670748571455e-4,8.330417687142716e-5,0,0,0,0
C-04-11022,50.2,10,0.02173474104370151,0.022505121500400845,0.022424467950782106,0.02347296409582095,0.024515897927092616,0.02706343763227887,0.026306962959996492,0.027700322558574943,0.028807222998165096,0.029001903980002474,0.02986684377073711,0.02954422957226374,0.03189430713872866,0.033329384090559036,0.03466433939458677,0.03795722914452184,0.036892046058183046,0.03817137822454228,0.03930609023296653,0.04045470802580706,0.040218309690718816,0.04342498357726837,0.04383103248224347,0.04546913388656122,0.047507721882086906,0.05088404633852371,0.049009546599117666,0.050439061237180685,0.05153483704923723,0.0497298662319164,0.053823729164268114,0.05466085738616835,0.0550196266241258,0.05533945966571627,0.05606256045539795,0.06021760883918427,0.058229081667559114,0.05956681812847022,0.05994505546461194,0.05753101128982846,0.06153309604502772,0.06263443417085114,0.06294314258490756,0.06321847711636272,0.06381086353252559,0.06809384513294728,0.06524872164123878,0.0672483734403964,0.06381642584629237,0.06691741577127346,0.06798816117137842,0.06799094232826242,0.06832468115426875,0.06861670262702542,0.07028817791394347,0.07215433418269826,0.0694037700250251,0.06608584986313892,0.06846095784155552,0.0682774014872517,0.06564920823244652,0.06346321892210169,0.05978096720849133,0.05570101006055711,0.05183798314952686,0.05075889427877066,0.04389778024744525,0.0440396192484978,0.04306343318242792,0.042640697336152465,0.043377703910250726,0.044136959739416885,0.04634519830482901,0.04835875588840459,0.05289482276521548,0.055929064924994686,0.06043453907608878,0.06548233881944306,0.07140064066729991,0.07647903313637208,0.08099841307188263,0.08592662306925014,0.08836569765598568,0.09033197557254319,0.08855203516717287,0.08622420685577452,0.07945765215848254,0.07190403006319371,0.06296817299685807,0.053125658786536946,0.04276863055278846,0.033145827736254636,0.024229438768103333,0.01721814226507435,0.012064658560150626,0.007231007896816752,0.004224577305871093,0.0025030411950519972,0.001359985715978252,6.146356712294349e-4
C-04-11029,42.8,95,0.019070546368013464,0.020468448352057383,0.01963110273765469,0.02168259949294079,0.022057079059381837,0.02494126950898992,0.02458074570278891,0.025078501151349863,0.02551112971879152,0.02658804921731454,0.02762542739515745,0.026904379782755426,0.029881608633963243,0.030356104482125106,0.031586537343288555,0.0337775917009747,0.033838066662014867,0.035317377247458384,0.03656874374898252,0.038124811015746884,0.03735026632242471,0.04145325983299585,0.042479008210638713,0.044181610959923866,0.046230781755169606,0.049503407531458786,0.048121787267694484,0.04881957527969644,0.050382620426581246,0.049014955923057414,0.052820226548508084,0.05258530458446696,0.05387621240667057,0.054390249575512487,0.055169446188914666,0.05856534784732419,0.057106970902239595,0.057502384109040704,0.05922824645872605,0.05783964831484215,0.06095178284837034,0.06138441141581209,0.06268694903821574,0.06291954504221585,0.06553857604726374,0.06959272439699449,0.06662247342590678,0.06596190077454435,0.0637103714558186,0.06777847556579002,0.06808317633103027,0.06890656618519318,0.06908101318819307,0.06956016095643501,0.06931360919219433,0.07233968320424217,0.06896936710627335,0.06552229432698312,0.06979973484055568,0.06831809829507153,0.06863210290047181,0.06668992626706696,0.06808317633103027,0.06762031028306957,0.06595027097434489,0.06815062917219046,0.06093317516805083,0.06398948666061884,0.06417091154373991,0.06261019235689552,0.06243574535389449,0.06292884888237642,0.06353825041285757,0.0643127951061803,0.06619682273858558,0.06801339752983007,0.07100225618123905,0.07303747121624411,0.07538901681669136,0.07702649268485595,0.0780452631823788,0.07858255995161892,0.077761496057498,0.07602865582769315,0.07258158304840348,0.06874607494243273,0.06272416439885474,0.056399879050078115,0.047624031819133515,0.03865047798478836,0.029265229223362044,0.021917521456981056,0.015474612146163384,0.010585444142069677,0.0071058079222199215,0.004656572000092972,0.002830693368687936,0.0015700230270044016,0.0010234224176028691,4.628660479612977e-4
C-04-11068,12.6,50,0.028062895828783675,0.02913299847128204,0.027014632015723575,0.03063987770255525,0.03101113780301387,0.03354444201790796,0.031884690980563554,0.03347892552959114,0.03382834680061161,0.03422144573050896,0.038589211618257395,0.03823979034723752,0.04064206158549844,0.04116619349202897,0.0452718934265125,0.047717842323651616,0.04854771784232382,0.05099366673946204,0.05326490500109213,0.05606027516925113,0.0519545752347676,0.058528062895828466,0.05822231928368608,0.06025333042148962,0.06514522821576786,0.06953483293295504,0.06625900851714313,0.0728543350076432,0.07302904564315378,0.06711072286525466,0.07776807163136083,0.07481982965712998,0.07883817427385849,0.08126228434155958,0.08196112688359933,0.08801048263813091,0.08482201354007379,0.0841013321685953,0.08648176457741895,0.08156802795370197,0.08584843852369467,0.08416684865691228,0.0857829220353792,0.08589211618257216,0.08565188905874675,0.08899322996287351,0.08918977942782298,0.08680934701899931,0.08311858484385266,0.08971391133435279,0.09047827036470796,0.09556671762393569,0.09517361869403748,0.09598165538327179,0.09641843197204664,0.10181262284341504,0.09515177986459959,0.091744922472155,0.09471500327582474,0.08890587464511933,0.08333697313823935,0.07901288490936913,0.07023367547499416,0.06383489844944333,0.056366018781393516,0.05230399650578701,0.04260755623498595,0.041253548809783575,0.038480017471063686,0.03640532867438318,0.032168595763266916,0.030399650578729086,0.02780082987551852,0.025202009172308453,0.024219261847565055,0.02164227997379329,0.020048045424765303,0.019807818300938963,0.019065298100021905,0.018082550775278507,0.01799519545752354,0.0184538108757368,0.017230836427167565,0.01801703428696228,0.016335444420179136,0.015418213583751965,0.012972264686612615,0.009478051976414097,0.007316007861978623,0.005066608429788181,0.004280410569993463,0.003035597291985107,0.0020746887966805053,0.0011574579602533345,8.953920069884286e-4,4.5861541821357727e-4,3.4942127101987455e-4,1.5287180607119512e-4,2.183882943874216e-5,6.551648831622649e-5
C-04-11076,11.3,50,0.022749297412540056,0.023669929256711006,0.024566333947087547,0.024493652485706067,0.026504506250605773,0.029484446167264373,0.02737668378718878,0.030816939625932304,0.031156119779048468,0.03277933908324462,0.03343347223568187,0.03362728946603365,0.0385938559937973,0.03898149045450154,0.041089252834577136,0.04288206221533109,0.04322124236844671,0.0454985948250793,0.049229576509351856,0.04847853474173871,0.04893885066382419,0.05051361566043194,0.053663145653648325,0.05836321348967944,0.060034887101463534,0.06395968601608705,0.062384921019478304,0.0651710437057851,0.06689117162515772,0.06577672255063498,0.0733840488419423,0.07343250314952961,0.07687275898827366,0.07738152921794775,0.0794408372904354,0.0839955422037022,0.08007074328907797,0.08203314274638972,0.08428626804922987,0.07871402267661623,0.0857883515844554,0.08397131504990824,0.0883806570404112,0.08707239073553592,0.08510999127822494,0.09053687372807395,0.08927706173078818,0.09201473010950625,0.09225700164744678,0.096448299253804,0.10151177439674333,0.10250508770229709,0.10248086054850222,0.10417676131408118,0.10834383176664443,0.11001550537842757,0.09913751332493494,0.08898633588525973,0.09007655780598928,0.08789611396453176,0.07895629421455526,0.0711066963853089,0.06572826824304646,0.059162709564880525,0.05334819265432716,0.05119197596666317,0.042179474755305896,0.04053202829731542,0.03793972284136073,0.03510514584746596,0.030623122395580807,0.029508673321058346,0.026795232096133204,0.027255548018218917,0.025123558484349346,0.02505087702296721,0.024784378331233734,0.025438511483670764,0.026504506250605773,0.02543851148367099,0.02759472817133453,0.02761895532512801,0.029920534935555878,0.02749781955615864,0.026334916174047967,0.024106018025002507,0.020035856187614793,0.01666828181025299,0.011241399360403179,0.009811997286558809,0.006371741447814733,0.004385114836708921,0.002689214071130933,0.001380947766256425,0.001308266304874508,7.025874600251862e-4,3.391801531156132e-4,2.664986917336961e-4,2.422715379397237e-5,0
C-05-13091,5.8,20,0.031829613329141894,0.039295818924866534,0.0457796290474687,0.046172587236718174,0.04460075447972351,0.04499371266897218,0.04499371266897218,0.05619302106255815,0.0583542911034268,0.05638950015718347,0.05992612386042146,0.05501414649481314,0.07289374410562613,0.06248035209053779,0.07466205595724641,0.07348318138950041,0.07132191134863275,0.0713219113486315,0.07741276328198707,0.08153882426909806,0.07250078591637875,0.07741276328198639,0.08409305249921364,0.08448601068846304,0.08743319710782803,0.09784658912291766,0.08252121974221899,0.08959446714869491,0.08704023891857937,0.08566488525620904,0.08586136435083337,0.0927381326626842,0.09038038352719223,0.0890050298648227,0.09470292360892835,0.10865293932725596,0.08782615529707594,0.09018390443256791,0.08625432254008204,0.0872367180132037,0.08880855077019759,0.09765011002829334,0.098043068217542,0.08998742533794357,0.0781986796604844,0.09234517447343554,0.08743319710782803,0.07878811694435671,0.07859163784973307,0.08035994970135206,0.07250078591637811,0.06326626846903512,0.07289374410562678,0.06523105941527844,0.06483810122602977,0.06896416221314015,0.05914020748192413,0.055603583778685656,0.05422823011631581,0.046762024520591174,0.04145708896573383,0.03693806978937454,0.03516975793775524,0.03104369695064456,0.025345803206538915,0.022595095881798057,0.02004086765168193,0.018469034894687108,0.016897202137692607,0.019451430367808935,0.017683118516189783,0.01768311851618994,0.011985224772084187,0.01611128575919528,0.017093681232316943,0.019647909462433093,0.018076076705438603,0.014932411191449151,0.017093681232316943,0.017093681232316943,0.013164099339830287,0.015718327569946334,0.016700723043068275,0.014539453002200617,0.015128890286073615,0.012378182961332957,0.011788745677459751,0.011592266582835627,0.009823954731216633,0.007073247406475976,0.005108456460232649,0.0035366237032379254,0.0025542282301163244,0.0015718327569946612,5.89437283872998e-4,1.9647909462432918e-4,0,0,0,0
C-05-13096,2.4,90,0.014898005959202435,0.03323401329360543,0.024066009626403508,0.028650011460004683,0.032088012835205244,0.019482007792803187,0.02979601191840487,0.03667201466880535,0.038964015585606374,0.03781801512720618,0.03667201466880599,0.04469401787760731,0.03896401558560568,0.04125601650240675,0.04698601879440768,0.03781801512720618,0.05271602108640862,0.05730002292000835,0.04698601879440768,0.057300022920009366,0.042402016960806935,0.06990602796241081,0.04813201925280744,0.061884024753610115,0.0721980288792118,0.06761402704561105,0.0653220261288101,0.061884024753609566,0.057300022920009366,0.0721980288792118,0.06761402704561105,0.07792803117121205,0.0951180380472147,0.0905340362136148,0.09168003667201499,0.08595003438001406,0.07792803117121205,0.06761402704561045,0.07678203071281256,0.07678203071281256,0.09626403850561488,0.12491404996562042,0.0825120330048135,0.08136603254641259,0.11460004584001873,0.0951180380472147,0.11001604400641798,0.0951180380472147,0.10428604171441705,0.08938803575521462,0.11116204446481719,0.08595003438001406,0.10657804263121648,0.08595003438001406,0.11116204446481817,0.10657804263121648,0.12376804950722023,0.11689204675681808,0.11116204446481817,0.07105202842081161,0.07105202842081099,0.07334402933761199,0.07678203071281187,0.07678203071281256,0.0630300252120103,0.08136603254641259,0.05959202383680974,0.06073802429520939,0.05959202383680974,0.04011001604400656,0.02406600962640372,0.035526014210405805,0.014898005959202303,0.008022003208801311,0.008022003208801311,0.005730002292000886,0.0022920009168003745,0.005730002292000886,0.003438001375200562,0.003438001375200562,0.0022920009168003745,0.002292000916800334,0.0011460004584001873,0.0011460004584001873,0.004584001833600749,0,0.001146000458400167,0.0022920009168003745,0,0.0011460004584001873,0.0022920009168003745,0,0,0.0011460004584001873,0,0,0,0,0,0
C-05-13101,2.1,60,0.02166064981949466,0.023465703971119214,0.03610108303249046,0.030685920577617435,0.02527075812274377,0.023465703971119214,0.04332129963898932,0.05776173285198474,0.06137184115523487,0.059566787003610316,0.030685920577617435,0.04873646209386299,0.03790613718411499,0.0361010830324911,0.06137184115523487,0.06498194945848398,0.04693140794223843,0.0541516245487357,0.06317689530685942,0.09025270758122775,0.06678700361010853,0.05415162454873617,0.06859205776173248,0.05776173285198576,0.06317689530685942,0.08483754512635408,0.0649819494584834,0.06678700361010795,0.06678700361010853,0.07400722021660676,0.07761732851985587,0.09927797833934965,0.09747292418772512,0.09566787003610142,0.09205776173285231,0.07942238267148043,0.09566787003610057,0.1155234657039705,0.08483754512635408,0.06498194945848398,0.09386281588447604,0.09747292418772598,0.1083032490974733,0.09927797833934965,0.09927797833935052,0.08122743682310427,0.09025270758122775,0.09566787003610057,0.0758122743682313,0.08122743682310497,0.06859205776173248,0.08483754512635408,0.10288808664259873,0.08303249097472953,0.08483754512635408,0.0740072202166061,0.10288808664259964,0.1010830324909742,0.0884476534296032,0.06678700361010853,0.07761732851985519,0.08664259927797864,0.07581227436823064,0.08303249097472953,0.06859205776173309,0.06859205776173248,0.05054151624548754,0.04512635379061348,0.045126353790613874,0.034296028880866546,0.014440433212996312,0.01444043321299644,0.01985559566786993,0.02166064981949466,0.00361010830324911,0.009025270758122695,0.001805054151624555,0.001805054151624539,0.01083032490974733,0,0,0,0,0,0,0,0,0,0,0,0,0,0,0,0,0,0,0,0,0
C-05-13136,52.6,10,0.01980738210456407,0.01983019115811608,0.019223470333632316,0.020966082025006095,0.022375681534520214,0.02367123577627429,0.02364386491201188,0.026335333231148398,0.026919245002080282,0.028839767311159385,0.031047683694993795,0.03067817702745126,0.034017422467464684,0.035618618026816276,0.03711945375053843,0.040189552358638754,0.041225083389899934,0.04173600618946418,0.04239290693176276,0.04404884421963857,0.04320034742750386,0.04647572751757185,0.04693190858861201,0.049440904479333345,0.05080944769245385,0.05417150218601988,0.05251100308743321,0.0536195230900608,0.05597341741662854,0.05375181560066293,0.05914843767106811,0.05971866400986779,0.06089561117315141,0.06165743356178903,0.06280700986081025,0.06689439225733015,0.06487807192333203,0.06586342303677879,0.06721371900705828,0.0651152860802735,0.06958129876575612,0.07147445021057343,0.07241874502762659,0.07334479260183747,0.07395151342632154,0.0784677060296185,0.07534742750370446,0.07593590108534559,0.07152006831767745,0.07500985351113473,0.075940462896056,0.07714021911289232,0.0762141715386801,0.0757443050355094,0.07412486223331681,0.07881440364360903,0.07334479260183813,0.06831311538826447,0.0691707358018206,0.06589535571175219,0.06204518747217262,0.058696818410738344,0.05377006284350406,0.05001569262884396,0.045262285868605416,0.04499770084740171,0.03830552453524286,0.038793638281255496,0.037288240746823284,0.03691873407928075,0.037657747414365485,0.03781284897851948,0.0396421350733902,0.04182268059296255,0.042178501828373884,0.04652590743538627,0.049413533615070934,0.05241976687322517,0.05725984803696182,0.0618490296116259,0.06498755538038226,0.06808502485274379,0.07079017860401318,0.0719169458494824,0.07304827490566201,0.0716797316925415,0.06985956921908999,0.06616450254366589,0.0607587568518399,0.05333212901530598,0.04565003977898956,0.03793145605698925,0.0305093900311664,0.02283186260556038,0.01603932645777229,0.00958892611326415,0.00582999408789334,0.003375739925697239,0.0016011955593509878,8.256877385827031e-4
C-06-9921,34.1,70,0.015004650003355727,0.016089251301521616,0.016496725822379227,0.0174135434943098,0.01868390523580797,0.0206913164782697,0.020996922368913127,0.02175194868697297,0.023609553120296153,0.02404698900298184,0.026108330696733587,0.02624016068877585,0.02930221186757516,0.030554596791977178,0.03196877307024872,0.03619332508796669,0.036043518278827756,0.03774532363064539,0.03927335308386319,0.040507761191168015,0.040052348491385656,0.04427090823673767,0.04626034266210271,0.047638565306181324,0.04923250975541959,0.053301262691633065,0.052600166824862384,0.054667500790979665,0.0561655688823695,0.054493724892378984,0.05931151187428713,0.06074366496965481,0.06108522449449158,0.06424315203114088,0.06494424789791109,0.06912685400907015,0.06856957267907271,0.07054103028734107,0.07130804115013305,0.07016950940067714,0.07604792859128827,0.07739618987353937,0.07882235069654203,0.08086571557319638,0.08227389957910308,0.08817029558681079,0.08273530455125101,0.08535392757499884,0.08112338328491607,0.0854797652946763,0.08550972665650332,0.08464084716349826,0.08408955810586623,0.083412431328559,0.08268137409996099,0.08606700798650016,0.08106945283362604,0.07556854680204368,0.08029644969846915,0.07768981121945168,0.07350720510829196,0.07082865936088846,0.06634044735908537,0.060941409957718747,0.055937862532478316,0.05331324723636371,0.043821487809321255,0.04301852331233619,0.04051974573589913,0.03761349363860379,0.037397771833443394,0.036726637328501295,0.03700827412968217,0.03772734681354938,0.037685400906990484,0.03856027267236152,0.04048379210170579,0.04407915552103983,0.045870844958341886,0.05113206009530129,0.05564424118656601,0.059071820979663785,0.06315255846060942,0.0672213113968229,0.06898303947229678,0.06925269172874686,0.06628651690779477,0.06048000498557083,0.05351698449679313,0.04501395001006718,0.035372383773885324,0.026354013863720972,0.019301109289460383,0.01281147831756172,0.008311281771028113,0.00475786425825249,0.0029122443696608957,0.0013662380993470869,5.932349641901825e-4,3.415595248367717e-4
C-06-9926,10.7,70,0.03569933353700636,0.03422836258302512,0.032191633569819744,0.03694400126729819,0.035473030313316944,0.03954648833972654,0.03637824320807463,0.042262127023998855,0.03932018511603712,0.04005567059302774,0.04429885603720441,0.04084773187594072,0.04560009957341777,0.04486461409642797,0.044525159260893836,0.048542041481381075,0.051766862418955346,0.05188001403079913,0.05397331884992721,0.05900856557701686,0.05312468176109188,0.05697183656381155,0.06393066069226122,0.06681602679430193,0.06376093327449472,0.07190784932731392,0.07077633320886619,0.0708894848207109,0.07417088156420815,0.07354854769906224,0.07598130735372353,0.07586815574187815,0.07535897348857695,0.07439718478789757,0.07541554929449998,0.08525973952498984,0.08152573633411365,0.07473663962343105,0.07451033639974228,0.07598130735372353,0.08073367505120069,0.08084682666304611,0.0839019201828533,0.08294013148217252,0.08407164760062037,0.09351980718965293,0.08718331692634994,0.08791880240333978,0.08656098306120402,0.09046471366984656,0.09136992656460344,0.09301062493635255,0.09368953460742,0.09250144268305135,0.09521708136732442,0.09487762653178945,0.08475055727168865,0.07722597508401467,0.08101655408081318,0.08209149439333793,0.07518924607080989,0.07960215893275428,0.06885275580750612,0.06981454450818678,0.06279914457381468,0.06404381230410594,0.05680210914604499,0.05357728820847025,0.0472407979451669,0.04005567059302774,0.040678004458173295,0.032700815823121517,0.025176233635448006,0.021668533668262182,0.02042386593797036,0.018839743372144238,0.01940550143136796,0.017934530477386558,0.018443712730687914,0.016520135329327827,0.016350407911560758,0.017425348224085202,0.015501770822725426,0.014370254704278315,0.011088857960781691,0.00933500797718867,0.007468006381750801,0.006845672516605024,0.005374701562623779,0.004016882220487245,0.002659062878350712,0.0018104257895153457,6.789096710682668e-4,7.920612829129779e-4,1.1315161184471114e-4,5.6575805922354554e-5,5.657580592235557e-5,0,5.657580592235557e-5,0
C-06-9939,50.2,55,0.019945037811163524,0.020737907597665316,0.020172655931689997,0.02194807727179963,0.022775089776380448,0.02526371456080713,0.025174564130267453,0.025751196702268303,0.02716053223186405,0.027471610329917386,0.029404467536724387,0.0288050731526704,0.03167685510665002,0.03308808745391693,0.03459985113774929,0.03748111718008476,0.037317990860373865,0.03831382013767807,0.03977436974439257,0.04068863586184201,0.03980661564480054,0.04330624424790018,0.04478576203132457,0.04661050063088172,0.048465588313175385,0.05135823526153719,0.050379477343271376,0.051373409802905196,0.05228198546734191,0.050999736721707434,0.05485217341162404,0.055696257275243875,0.056819173336509564,0.058351802014724057,0.05943678172256862,0.06420917498294783,0.062355984118324666,0.06347510654424825,0.06408208819898702,0.06180021654070554,0.06652898299464986,0.06700129059474362,0.0675305027249685,0.06887155281840514,0.07031123743073794,0.07492809164208983,0.07168073978924104,0.07201078606400431,0.06828922979339126,0.07125395581325324,0.07300282170596707,0.07321147164978398,0.07367239834385016,0.07426989591023374,0.07412763458490447,0.07589167501898673,0.07271071178462495,0.06791935034753457,0.06990152481378965,0.06830819797010183,0.06653277662999198,0.0644443803741589,0.06204490602027134,0.059412123092844875,0.0571435291582608,0.05594284357248128,0.04841058060071474,0.048854435935741625,0.04718903002055408,0.04502476105787813,0.043344180601321315,0.043465576932269344,0.04306534840367595,0.044338113060955524,0.04525996644908919,0.04798569344239756,0.05119890257716841,0.05555968640292778,0.061576392055520825,0.06712268692569126,0.07188749291538625,0.0762994908182633,0.07994517438203605,0.08277901998259508,0.0810567095372754,0.07928128819716612,0.07470616397457551,0.06821525390422005,0.05967388393145073,0.04941968760171702,0.03939500621018119,0.030563423133739626,0.022132068585892152,0.01519730318050805,0.009662389216363955,0.006149482889566429,0.003292875476954815,0.0019006113063990348,8.17528416225533e-4,2.902131036717089e-4
C-07-9941,50.3,35,0.022218071149799856,0.023012716969379104,0.021896070118642946,0.023750871379983524,0.0240973520216958,0.02733242670898762,0.027091396697361686,0.028669390054724703,0.02966740494661384,0.030285044351405294,0.03143370300056013,0.031100403687608646,0.034350542750626475,0.0351772003686254,0.03693784928167421,0.039943192239135054,0.03994507528610088,0.040720890636021134,0.04150612122077196,0.04355111022566074,0.04189402889573245,0.04606309487807434,0.04728142626496479,0.04933959659861478,0.050202032108963825,0.05419032558258668,0.05260291699039354,0.05403026659049085,0.054838093738831376,0.05342204242052902,0.0570638552524396,0.05820309866676477,0.05953441287160487,0.06010497610225117,0.060794171291744074,0.0658106084087088,0.06377126854471694,0.06428910646031952,0.06586898286464946,0.06237593074303926,0.06652428320875686,0.06773884850171627,0.06768988928060475,0.06844122501996934,0.06928106396672908,0.07281366007462099,0.07002110142429932,0.06961059718574827,0.06668810829478446,0.07114528046289839,0.07091743178003261,0.07077620325759619,0.07012278596045338,0.06972546305066438,0.06937521631502044,0.07279671265192854,0.06856174002578293,0.06389366659749574,0.06607423498392466,0.06368653143125527,0.06214808206017356,0.05967940748797414,0.05734066315641574,0.05416584597203092,0.051409065214059316,0.05095148480136275,0.044136737832033125,0.044611265667421275,0.04269620690317501,0.04132723175901834,0.041229313316794934,0.04155508044188348,0.041854484909449693,0.04331384630796646,0.04624386738679421,0.048164575291937926,0.052875958800439014,0.05767207942240139,0.0630952546839854,0.06900048996882076,0.07320909993744544,0.07820858963171633,0.07999183510835646,0.08075070303558499,0.07933465171728263,0.0769996734796564,0.07290781242291174,0.06668999134175028,0.05986394609062524,0.05089499339238838,0.04126697425611186,0.03239782304706329,0.023208553853825174,0.015987068739876327,0.010456559801240665,0.006611377897020587,0.0037114855696462,0.0020054450186063944,0.0012164483399246299,5.649140897482801e-4
C-07-9945,46.3,50,0.02361651893318917,0.02526438083768378,0.024103435547549085,0.02581083310794844,0.027290719411855856,0.029472275946064202,0.029410614016734726,0.03066086279072493,0.03154326626216452,0.03309331958910203,0.033537710734959286,0.033189001893233976,0.03605309219691622,0.03698014741028415,0.037934844178178447,0.04084571249721473,0.040913753246819666,0.04158140310231739,0.04287205107138681,0.04480695988827725,0.04388415722176027,0.047826268151995976,0.04912116866791495,0.05087959679051802,0.053684151438296586,0.05660352485103348,0.054887622196933446,0.056580135843356284,0.058302417317731794,0.055942253815810486,0.05934641756948257,0.06012250736966337,0.060715737655281425,0.061708707344829035,0.06276971778398105,0.06568271237644248,0.06453452472685857,0.06612497724887399,0.06594637028116163,0.06316733091448491,0.06643328689552137,0.06704777991539157,0.06638225633331826,0.06817045228387245,0.06798121394903432,0.07126630639089712,0.0687594300226408,0.06858720187520269,0.06509798718452504,0.06892102680295253,0.06832992279075902,0.06830653378308293,0.06793443593368031,0.06775795523939311,0.06702439090771486,0.06947173162006688,0.06474289952252427,0.06019054811926831,0.062102067928482586,0.059860975738369925,0.05786440499214949,0.05472815169004736,0.05290380909126447,0.05100292064917697,0.04934442737755659,0.050237462216120965,0.04503872369161907,0.04693748586028147,0.04700977915673714,0.048060158228763375,0.04901485499665723,0.04996104667085135,0.05243602893773053,0.05463459565934057,0.05767516665731127,0.0605073628596163,0.06280586443220867,0.06758785336538016,0.07024144259997338,0.07392627444576583,0.07556350498313466,0.07600151730871511,0.07585480444238081,0.07346062056565703,0.0697417683450621,0.06534463490184295,0.05978230362163815,0.05307391096527729,0.04627621482505889,0.03859186266655113,0.031275355810595075,0.02376748434637471,0.01768846862385889,0.012304744311368122,0.008073460195311001,0.004682054082189757,0.0026663468751435327,0.0015776948814645146,7.888474407322573e-4,3.869817633780885e-4
C-07-9960,20,1,0.029255661913744523,0.030403861700507427,0.02858783142552478,0.031048259540017217,0.03452800787337009,0.03913252334477642,0.03808977047720603,0.03991751707654218,0.04208503708216673,0.04418225914166224,0.0483064053145249,0.04804864617872098,0.05277032489367361,0.056144626307834906,0.057691181122658405,0.06405314524727325,0.06183875994423052,0.061475553889233,0.064275755410013,0.0664198427669274,0.06469754308678305,0.06919661163899625,0.06964183196447574,0.0727583742428328,0.0734027720823426,0.07897974247519096,0.07436351067942926,0.07742147133601206,0.08106524821033174,0.0794483954493799,0.08220173167273992,0.08292814378273204,0.08472074140900472,0.08659535330576122,0.08866914271654729,0.09464446813745625,0.08944242012395824,0.09210202575248044,0.09269955829457216,0.08622043092641007,0.09094210964136283,0.09168023807571121,0.09216060737425488,0.09109442185797423,0.08979390985460074,0.09402350294665508,0.08641960844044037,0.08474417405771417,0.08058487891178809,0.0821431500509663,0.0823071785919317,0.08029197080292,0.07832362831132576,0.07937809750325156,0.07837049360874535,0.07992876474792286,0.07059085423720896,0.06542395519677532,0.06486157162774918,0.05869878501716463,0.05303980035383272,0.04836498693629852,0.04159295145926798,0.03666037890592976,0.03294630408548242,0.030216400510831583,0.024674579091047644,0.023010861032676706,0.02321003854670721,0.022296165247038778,0.020702745134796204,0.02220243465220099,0.022624222328970836,0.021874377570268732,0.022917130437839123,0.023491230331220365,0.024545699523145687,0.024838607632013555,0.02601024006748612,0.02701784396199234,0.027334184719569873,0.02761537650408275,0.027076425583765957,0.024990919848625177,0.024170777143794536,0.022917130437839123,0.01991775140302956,0.018160302749821392,0.01512577474194801,0.012337289545523822,0.00916216564539376,0.006443978395097799,0.004510784876568539,0.0030462443322281044,0.0018746118967557564,9.607385970873081e-4,4.803692985436626e-4,2.6947546015864e-4,9.373059483778783e-5,5.858162177361739e-5
C-07-9968,38.2,80,0.019887813899460538,0.020832378070215735,0.020593944396044152,0.02237608326837552,0.023152521130420246,0.02587616733152989,0.025677472603053877,0.026356091521848403,0.026481422042887587,0.027337337796322716,0.028220765127546833,0.027291485166674404,0.029877573478838588,0.03090161554098472,0.03156189340792039,0.03425802803124105,0.0342610848732176,0.035330979565010884,0.03615021321472799,0.03790789735124656,0.03647729530621927,0.04020052883366173,0.04153025509346272,0.04230057927155471,0.04369449921286335,0.04644260014978542,0.045177067571491654,0.04558974123832644,0.04750332431564967,0.045831231754474615,0.049429134760878714,0.04973176211655712,0.050367585247680355,0.05045317682302431,0.051975484127348225,0.055240191358307926,0.05408164824919347,0.05495284821251136,0.055117917679245766,0.053112629342626325,0.05632842710196066,0.0573830375838723,0.05922631329573439,0.05872193436960245,0.059956898528130805,0.0640224983569471,0.06150060372629059,0.06196524370672625,0.06043682271844979,0.06552340776743569,0.06685007718525955,0.06893790025524656,0.06977853179879828,0.0697663044308927,0.0711021443746468,0.0744432726550197,0.07041129808794559,0.06817368976110744,0.07140477173032565,0.0698916349519314,0.06980298653461071,0.06906017393430872,0.06942699497149457,0.06851299922050554,0.06555397618720124,0.06799333608449075,0.060097513259052285,0.06231678053402996,0.06089840585690944,0.06027786693566897,0.06042765219251958,0.06095648585446397,0.06152200162012592,0.06353951732465213,0.06461246885842259,0.0681033823956467,0.06997722652727492,0.07331835480764783,0.07491708316138623,0.08018402188698884,0.08139453130970424,0.08345789964387672,0.0842771332935947,0.08320112491784767,0.0815962828801568,0.07787610619469054,0.0714108854142775,0.06342947101349618,0.054821404007520023,0.044840814954071107,0.03534320693291773,0.026444739939168467,0.018839317101502506,0.012257936325981673,0.008100631237868187,0.005159949256423116,0.003362526174209436,0.0018677304476745142,9.659620645910744e-4,4.8603787427209123e-4
C-10-12806,5.1,80,0.04129306276545555,0.033820984741230256,0.0389334591788574,0.04286613182318719,0.03814692464999227,0.04129306276545555,0.04522573540978465,0.046405537203082554,0.05073147711184539,0.05545068428504031,0.052697813434009935,0.039326726443291,0.049944942582978685,0.06134969325153396,0.052304546169577026,0.062136227780399775,0.057023753342771946,0.05427088249174062,0.04876514078968084,0.059776624193802315,0.05427088249174158,0.059776624193801794,0.04955167531854622,0.06528236589586306,0.07432751297781999,0.08140632373761236,0.07943998741544712,0.07629384929998387,0.08415919458864274,0.07432751297781999,0.08455246185307565,0.08061978920874584,0.06921503854019155,0.07354097844895417,0.07786691835771618,0.06960830580462507,0.07118137486235608,0.06292276230926505,0.07708038382885035,0.062136227780399775,0.07039484033349026,0.06803523674689342,0.0747207802422529,0.07393424571338643,0.0633160295736985,0.07118137486235608,0.0747207802422529,0.07550731477111805,0.07314771118452126,0.09241780714173385,0.07943998741544712,0.08376592732420983,0.0837659273242091,0.09674374705049586,0.09123800534843511,0.08848513449740397,0.09517067799276421,0.07865345288658131,0.06803523674689342,0.07393424571338708,0.07708038382884969,0.07668711656441744,0.06842850401132573,0.07157464212678961,0.0707881075979238,0.060563158722667605,0.06370929683813142,0.06252949504483214,0.06370929683813142,0.05151801164071121,0.036180588327827404,0.02674217398143788,0.03067484662576671,0.014944156048450579,0.020449897750511318,0.022022966808242766,0.0196633632216455,0.016910492370614982,0.02320276860154169,0.02005663048607841,0.0196633632216455,0.015337423312883217,0.01769702689948095,0.01730375963504804,0.01101148340412148,0.007865345288658199,0.008651879817523866,0.00825861255309111,0.00353940537989619,0.0051124744376278295,0.00432593990876201,0.001573069057731612,0.0019663363221645498,0.00117980179329873,0.00117980179329873,0.0011798017932987091,7.865345288658199e-4,0,0,0
C-10-12808,4.1,80,0.03044776119402996,0.04000000000000014,0.04119402985074568,0.031641791044776234,0.04000000000000014,0.0459701492537315,0.04477611940298523,0.03880597014925318,0.04656716417910464,0.04298507462686582,0.0459701492537315,0.04776119402985091,0.04955223880596944,0.051343283582089734,0.050746268656716595,0.05552238805970169,0.05373134328358228,0.0531343283582082,0.053134328358209144,0.050746268656716595,0.05850746268656737,0.06865671641791009,0.060298507462686245,0.0638805970149256,0.0638805970149256,0.08179104477611969,0.06865671641791009,0.06865671641791009,0.07164179104477637,0.07104477611940324,0.06985074626865696,0.0805970149253727,0.06626865671641756,0.06985074626865696,0.08298507462686597,0.0722388059701495,0.07582089552238766,0.07940298507462644,0.08000000000000028,0.06328358208955247,0.07522388059701453,0.08059701492537343,0.07761194029850774,0.08955223880596967,0.07164179104477637,0.08179104477611897,0.08656716417910479,0.0805970149253727,0.06805970149253755,0.08238805970149282,0.10388059701492482,0.09373134328358242,0.11283582089552179,0.10208955223880634,0.11164179104477652,0.09850746268656664,0.10388059701492575,0.0805970149253727,0.08477611940298538,0.11223880597014965,0.0859701492537309,0.08179104477611969,0.071641791044775735,0.06686567164179127,0.07820895522388087,0.07641791044776079,0.05850746268656737,0.06447761194029816,0.057910447761194236,0.03880597014925387,0.033432835820895346,0.029850746268656823,0.02029850746268646,0.02149253731343291,0.01850746268656723,0.009552238805970099,0.00835820895522391,0.013134328358208885,0.0035820895522388186,0.0017910447761194093,0.004776119402985091,0.005373134328358132,0.0017910447761194093,0.005373134328358228,0.0011940298507462728,5.970149253731364e-4,0.0011940298507462515,0.0017910447761194093,0.0011940298507462728,0.0011940298507462728,0.0017910447761194093,0.002985074626865629,5.970149253731364e-4,0,0,0,0,0,0,0
C-10-12826,3.8,40,0.03373430962343108,0.029811715481171654,0.03085774058577362,0.037395397489539885,0.03556485355648548,0.04341004184100434,0.040794979079498056,0.04524058577405793,0.05910041841004205,0.04576359832636,0.04890167364016754,0.04707112970711314,0.054131799163179145,0.055439330543933255,0.054654811715481366,0.07139121338912159,0.05753138075313828,0.059100418410040996,0.057792887029288906,0.05570083682008388,0.05962343096234331,0.06406903765690342,0.07112970711297033,0.0724372384937241,0.06433054393305462,0.07792887029288731,0.07217573221757284,0.07635983263598285,0.07635983263598353,0.07740585774058605,0.08682008368200868,0.09231171548117105,0.08969665271966479,0.09858786610878696,0.10591004184100457,0.10094142259414261,0.11846234309623367,0.09754184100418357,0.09100418410041873,0.08080543933054422,0.08289748953974851,0.07714435146443542,0.08472803347280365,0.09597280334727983,0.09571129707113005,0.09492677824267731,0.09205020920502124,0.10512552301255174,0.08943514644351497,0.11427824267782467,0.11401673640167304,0.11401673640167405,0.09701882845188232,0.09806485355648571,0.0852510460251049,0.07034518828451845,0.07034518828451908,0.05753138075313777,0.06903765690376594,0.0622384937238496,0.06302301255230092,0.057008368200837024,0.04759414225941397,0.040533472803347424,0.03608786610878674,0.03451882845188266,0.02301255230125531,0.02144351464435135,0.01778242677824274,0.015167364016736455,0.013859832635983189,0.012813807531380799,0.014905857740585695,0.009675732217573256,0.012290794979079542,0.013598326359832564,0.0164748953974896,0.010983263598326302,0.011767782426778286,0.01778242677824274,0.022489539748954054,0.02615062761506239,0.018566945606694626,0.011506276150627655,0.006799163179916343,0.002876569037656914,0.0013075313807531194,0.0026150627615062856,0.002353556485355657,0.0015690376569037713,0.0013075313807531428,0.0013075313807531194,0.0010460251046025143,5.230125523012571e-4,5.230125523012571e-4,5.230125523012478e-4,7.845188284518857e-4,0,0,0
C-10-12848,12,0,0.03078790843108323,0.033277143580830386,0.03035120051007442,0.033801193086040314,0.035853720314779194,0.03974042081175282,0.03773156437511477,0.03978409160385295,0.04091953219847516,0.04340876734822232,0.042360668337802464,0.04043915348536606,0.046422052003178574,0.05087647279746378,0.05345304953141259,0.05485051487863907,0.056116967849563056,0.05314735398670586,0.059130252504520135,0.057296079236285394,0.05856253220720938,0.06262391587258576,0.05978531438603202,0.06913086389560959,0.06851947280619801,0.07520110399762457,0.07148908666905363,0.07105237874804535,0.07227516092686914,0.07415300498720472,0.08092197776283296,0.08109666093123553,0.08127134409963885,0.08341121291258011,0.08384792083358837,0.08550741093341982,0.08755993816215792,0.0863808267754356,0.08790930449896532,0.07694793568165767,0.08127134409963885,0.08480867825980658,0.08197007677325281,0.08389159162568846,0.08410994558619334,0.08690487628064551,0.08537639855711733,0.08131501489173967,0.07607451983964113,0.08410994558619334,0.08131501489173967,0.08314918815997514,0.08908841588568686,0.09035486885661165,0.08703588865694876,0.09603207182971833,0.08921942826199013,0.08725424261745213,0.08201374756535364,0.07694793568165767,0.07218781934266685,0.06201252478317474,0.05629165101796586,0.05052710646065716,0.04078851982217268,0.03794991833561857,0.03035120051007496,0.028429685657638308,0.026377158428899677,0.027381586647218705,0.024630326744866367,0.02489235149747155,0.024542985160664714,0.02484868070537072,0.025591084171084785,0.026333487636798616,0.026770195557807124,0.02834234407343665,0.02939044308385676,0.029128418331251796,0.031093603975789023,0.02960879704436037,0.02921575991545345,0.024499314368564104,0.02148602971360702,0.01864742822705325,0.01611452228520498,0.012795542085542393,0.010044282183190275,0.007467705449241465,0.004760116338990174,0.0032316386154611614,0.0017905024761339186,0.0013101237630248183,6.11391089411582e-4,4.803787131090915e-4,3.05695544705791e-4,8.734158420165456e-5,4.367079210082728e-5,0
C-10-12851,3.5,55,0.024426365087608037,0.029234704671782845,0.025965033754543513,0.027984536379897396,0.028850037505048862,0.03269670917238871,0.033369876714173186,0.03327370992248909,0.03269670917238871,0.03423537783932465,0.033754543880907165,0.03394687746427416,0.04039005250706768,0.03856288346508198,0.04260188871578882,0.03962071817360044,0.041159386840536376,0.045967726424710365,0.04789106225838111,0.04962206450868404,0.053564902967707384,0.051449233550670014,0.050968399592252536,0.05519973842632682,0.05375723655107438,0.05308406900928991,0.059238743677033134,0.05606523955147779,0.05721924105168024,0.05731540784336374,0.06500875117804343,0.06260458138595547,0.06529725155309334,0.06481641759467645,0.06308541534437351,0.0708749254707367,0.07174042659588753,0.07279826130440598,0.08193410651433877,0.08251110726443975,0.08818494797376523,0.08501144384821065,0.0937626218914088,0.09799396072548176,0.08828111476544952,0.0928971207662565,0.09193545284942237,0.09212778643278854,0.08905044909891749,0.09809012751716613,0.10789914026888178,0.11068797722770413,0.12020848960436918,0.1167464851037644,0.12838266689746744,0.13713384494066436,0.1217471582713062,0.11251514626968956,0.10943780893581868,0.0990517954340011,0.09405112226645845,0.08356894197295821,0.07895293597214968,0.06972092397053475,0.06779758813686483,0.07395226280460793,0.058757909718616184,0.06020041159386809,0.05481507125959284,0.05202623430077145,0.045198392091242816,0.04173638759063735,0.03683188121477872,0.024618698670975027,0.018848691169965258,0.015771353836093238,0.012309349335487513,0.010001346335083516,0.009424345584982629,0.009520512376666124,0.006058507876060261,0.006250841459427142,0.005193006750908795,0.003269670917238871,0.0036543380839728556,0.0036543380839728556,0.0022118362087203735,0.0013463350835689468,0.0017310022503029317,9.61667916834962e-4,4.80833958417481e-4,6.731675417844614e-4,2.885003750504886e-4,0,9.61667916834962e-5,9.616679168349449e-5,0,0,0,0
C-10-12858,4.6,50,0.030320924844988637,0.02948814039231729,0.03028307100623031,0.03206220142784691,0.03679393127257048,0.039103015436795584,0.039027307759280004,0.03736173885393665,0.039254430791826736,0.043607622248972425,0.044516114379159345,0.04614382944574426,0.04837720593245292,0.05337391264848187,0.056440073587862745,0.06181531869146872,0.06707700227880133,0.06878042502290059,0.06855330199035509,0.07184658596228269,0.06999174786315104,0.07601050822563876,0.08062867655408892,0.07756251561470875,0.07873598461620021,0.0840355220422906,0.08172643787806479,0.08131004565172911,0.07733539258216203,0.07657831580700626,0.08013657665023838,0.081688584039307,0.08289990687955621,0.07797890784104443,0.08146146100676098,0.08884295956452976,0.08872939804825561,0.0929311741503701,0.09145487443881717,0.0910006283737237,0.09573235821844643,0.09118989756751264,0.10000984199807737,0.1032274182924885,0.11212307040056972,0.11711977711659677,0.10035052654689748,0.09929061906167852,0.09005428240477899,0.09338542021546438,0.08369483749346977,0.081158630296698675,0.08176429171682258,0.08199141474937002,0.08127219181297204,0.08479259881744562,0.08146146100676098,0.07831959238986384,0.07385283941644548,0.06601709479358325,0.06018760362488328,0.05170834374313917,0.0424341532474806,0.03770242340275741,0.03024521716747306,0.028655355939645688,0.021425272736908325,0.019759703831565455,0.0205167806067214,0.01657998137591139,0.01627715066584894,0.01737491198982495,0.01752632734485595,0.020100388380385727,0.02362079538486006,0.02278801093218851,0.02577846419405401,0.023393672352313124,0.01839696563628524,0.01945687312150332,0.01472514327677975,0.015217243180630731,0.013210989726468208,0.00999341343205618,0.008289990687955695,0.007305790880253192,0.005223829748574728,0.003974653069567799,0.0028011840680763535,0.0019305457766472167,4.5424606509346274e-4,3.785383875778789e-4,7.570767751557713e-5,2.2712303254673137e-4,3.7853838757788564e-5,7.570767751557577e-5,3.7853838757788564e-5,3.7853838757788564e-5,0,0
C-10-12862,4,80,0.04553443042019508,0.0694999201150346,0.06470682217606555,0.04872982904617368,0.06550567183256134,0.06790222080204529,0.05671832561112018,0.054321776641635275,0.05991372423709879,0.047132129733184376,0.058316024924109484,0.053522926985141585,0.05671832561111918,0.05991372423709879,0.051126378015657635,0.082281514618949,0.0694999201150346,0.05591947595462455,0.0694999201150346,0.07349416839750784,0.066304521489056,0.06231027320658218,0.05991372423709825,0.07828726633647574,0.06870107045853995,0.06470682217606669,0.08308036427544291,0.0663045214890554,0.0758907173669918,0.0710976194280239,0.08308036427544366,0.07269531874101255,0.07589071736699111,0.08947116152740085,0.0838792139319383,0.0886723118709062,0.08148266496245363,0.09825850774884114,0.09266656015337946,0.0742930180540025,0.07269531874101255,0.08947116152740085,0.0790861159929704,0.07748841667998041,0.0694999201150346,0.10624700431378757,0.082281514618949,0.08787346221441077,0.0838792139319383,0.09745965809234736,0.08308036427544291,0.0838792139319383,0.09266656015337864,0.09426425946636875,0.08627576290142225,0.07109761942802326,0.053522926985141585,0.07988496564946433,0.07189646908451855,0.053522926985141585,0.06870107045853933,0.06870107045853995,0.06470682217606612,0.07349416839750784,0.06550567183256134,0.05192522767215182,0.03514938488576462,0.04393673110720538,0.030356286946796717,0.02875858763380742,0.02556318900782859,0.01757469244288231,0.012781594503914294,0.01677584278638766,0.010385045534430457,0.007988496564946435,0.005591947595462553,0.005591947595462504,0,7.988496564946505e-4,7.988496564946505e-4,7.988496564946365e-4,0,0,7.988496564946505e-4,0,0,0,0,0,0,0,0,0,0,0,0,0,0,0
C-10-12886,4,90,0.02171159761172434,0.028044146915143942,0.03437669621856292,0.027139497014655428,0.02985344671612097,0.027139497014655428,0.028044146915143942,0.040709245521982414,0.05066039442735679,0.031662746517097995,0.048851094626379765,0.037090645920029086,0.05066039442735589,0.05789759363126491,0.048851094626379765,0.05156504432784531,0.03618599601954057,0.04161389542247091,0.047946444725891255,0.04704179482540274,0.056088293830287884,0.05337434412882185,0.061516193233218414,0.06151619323321897,0.04342319522344868,0.07779989144201223,0.06513479283517243,0.06332549303419542,0.06694409263615005,0.04704179482540274,0.0768952415415237,0.07056269223810346,0.07418129184005749,0.06242084313370748,0.07237199203908114,0.08051384114347776,0.0606115433327299,0.07146734213859197,0.06875339243712708,0.07508594174054668,0.06875339243712646,0.07237199203908114,0.07960919124298925,0.07418129184005749,0.0823231409444548,0.06875339243712646,0.08594174054640885,0.06875339243712646,0.0886556902478744,0.08503709064592034,0.08775104034738508,0.07418129184005817,0.11308123756106325,0.09860683915324805,0.09951148905373657,0.10222543875520118,0.0886556902478744,0.07779989144201152,0.09136963994933994,0.09408358965080547,0.10222543875520118,0.08141849104396628,0.11669983716301728,0.11217658766057577,0.0886556902478744,0.07779989144201152,0.07327664193956965,0.073276641939569,0.07237199203908114,0.06694409263615005,0.05608829383028737,0.05156504432784531,0.04161389542247128,0.027139497014655428,0.024425547313189883,0.01809299800977012,0.020806947711235826,0.01899764791025863,0.013569748507327714,0.011760448706350684,0.014474398407816228,0.009951148905373478,0.008141849104396628,0.005427899402931085,0.007237199203908114,0.0018092998009770285,0.001809299800976996,9.046499004885143e-4,0,0,0.0018092998009770285,9.04649900488498e-4,0,9.046499004885143e-4,0,0,0,0,0,0
C-11-12194,4.2,60,0.08020873598763074,0.08214147661383872,0.06957866254348567,0.08697332817935864,0.08214147661383872,0.08600695786625466,0.0831078469269427,0.08020873598762931,0.09373792037108654,0.0763432547352148,0.0831078469269427,0.06667955160417496,0.08504058755314915,0.09277155005798254,0.09663703131039848,0.1217626594511021,0.08600695786625466,0.10436799381522852,0.07730962504831879,0.08600695786625466,0.08117510630073473,0.09180517974487776,0.08697332817935788,0.06667955160417496,0.09470429068419052,0.07827599536142278,0.08504058755314992,0.08310784692694197,0.08020873598763074,0.11113258600695826,0.07344414379590285,0.09083880943177378,0.07634325473521414,0.06571318129107097,0.06957866254348691,0.08117510630073473,0.07924236567452607,0.08117510630073402,0.07730962504831879,0.067645921917278945,0.08117510630073402,0.07151140316969488,0.06571318129107097,0.06378044066486244,0.06957866254348691,0.07344414379590221,0.063780440664863,0.082141476613838,0.06861229223038293,0.05798221878623909,0.07924236567452607,0.06281407035175902,0.082141476613838,0.05894858909934308,0.05701584847313511,0.06667955160417437,0.05218399690761518,0.04058755315036701,0.04928488596830323,0.04058755315036736,0.03768844221105508,0.03575570158484744,0.028024739080015314,0.02029377657518368,0.02802473908001556,0.03575570158484713,0.023192887514495636,0.0164282953227676,0.006764592191727894,0.009663703131039848,0.009663703131039763,0.005798221878623909,0.006764592191727835,0.013529184383455788,0.009663703131039848,0.007730962504831811,0.011596443757247818,0.011596443757247717,0.004831851565519924,0.008697332817935863,0.005798221878623909,0.005798221878623806,0.0077309625048318795,0.0028991109393119545,0,0.0028991109393119545,9.663703131039677e-4,0.0028991109393119545,0.0028991109393119545,0.0019327406262079699,9.663703131039849e-4,0,0,9.663703131039849e-4,0,0,0.0019327406262079699,9.663703131039849e-4,0,9.663703131039849e-4
C-11-12506,3.5,5,0.03223760701828571,0.03963640207166276,0.029595180213507665,0.039107916710707256,0.03276609237924121,0.047035197125039806,0.03857943134975175,0.03963640207166205,0.041221858154529264,0.04175034351548477,0.05073459465172833,0.05073459465172833,0.04809216784694996,0.054962477539372355,0.06288975795370491,0.06447521403657142,0.053377021456505844,0.06288975795370379,0.06764612620230444,0.06553218475848242,0.06447521403657142,0.07187400908994783,0.0829722016700133,0.07293097981185948,0.08138674558714752,0.10041221858154566,0.09142796744530128,0.09248493816721227,0.077687348060459,0.07345946517281497,0.08720008455765807,0.07240249445090333,0.0840291723919243,0.08138674558714752,0.0771588626995035,0.07028855300708195,0.0829722016700133,0.0835006870309688,0.08508614311383605,0.07557340661663699,0.09618433569390077,0.08667159919670256,0.08878554064052457,0.09037099672339029,0.09724130641581263,0.10411161610823325,0.11415283796638874,0.10939646971778824,0.1083394989958782,0.10569707219110068,0.11573829404925422,0.09829827713772364,0.09248493816721227,0.09459887961103511,0.09459887961103511,0.08984251136243478,0.07081703836803746,0.06024733114892686,0.05866187506606088,0.056547933622238866,0.04703519712503939,0.04227882887644027,0.04544974104217289,0.031709121657330204,0.031180636296374704,0.027481238769685935,0.02008244371630913,0.02166789979917545,0.013740619384843089,0.02325335588204215,0.013740619384842967,0.016383046189620606,0.010569707219109974,0.016383046189620606,0.02008244371630913,0.014269104745798466,0.025367297325864166,0.02166789979917545,0.024838811964908662,0.02325335588204215,0.017968502272487117,0.020610929077264268,0.013212134023887585,0.013212134023887585,0.010041221858154564,0.006870309692421544,0.004756368248599446,0.0031709121657330207,0.003699397526688524,0.0015854560828665104,0.0021139414438220137,0.0015854560828664822,0.0021139414438220137,0.0021139414438220137,0.0015854560828665104,5.28485360955494e-4,0,0,0,0
C-11-12507,5.2,5,0.04098630497761405,0.038681854095338565,0.04296154859099228,0.041644719515407054,0.04197392678430355,0.044936792204372036,0.055471424809059984,0.04608901764550896,0.04822886489333702,0.052673163023439745,0.05135633394785376,0.055142217540163484,0.05810508296023094,0.05695285751909423,0.06518303924150669,0.0632077956281277,0.06452462470371369,0.06518303924150552,0.0638662101659207,0.06649986831709269,0.06732288648933393,0.06781669739267807,0.07209639188833251,0.0729194100605744,0.07555306821174639,0.08246642085857285,0.07670529365288345,0.08065578087964138,0.08296023176191761,0.09497629707663979,0.08905056623650283,0.09316565709770822,0.08230181722412387,0.07818672636291837,0.07983276270740088,0.07900974453515962,0.07983276270740015,0.07538846457729746,0.08114959178298686,0.07785751909402187,0.07357782459836673,0.0732486173294709,0.07308401369502265,0.07752831182512468,0.07851593363181487,0.08970898077429501,0.08641690808533084,0.08526468264419233,0.0846062681064001,0.10320647879905226,0.09925599157229338,0.11094284961811997,0.1162101659204629,0.11423492230708496,0.13299973663418538,0.0938240716355012,0.0839478535686071,0.07769291545957294,0.06732288648933393,0.05102712667895726,0.04954569396892257,0.04049249407426931,0.032920726889649546,0.03341453779299459,0.027818014221754117,0.03193310508296006,0.02452594153278913,0.029957861469581088,0.02485514880168563,0.026171977877271626,0.018435607058203747,0.02551356333947863,0.01678957071372127,0.0210692652093759,0.01876481432710041,0.017941796154859004,0.01860021069265216,0.016460363444824773,0.013826705293652933,0.015143534369238928,0.01283908348696344,0.013991308928100934,0.01234527258361869,0.008723992625757208,0.005267316302343975,0.00427969449565448,0.0024690545167236943,0.0018106399789307413,0.002304450882275489,0.00213984724782724,8.23018172241246e-4,9.876218066894777e-4,6.584145377929968e-4,6.584145377929968e-4,0,1.6460363444824628e-4,6.584145377929968e-4,0,0,1.646036344482492e-4
C-11-12567,10.8,15,0.048166536753990755,0.0526993594740233,0.04655674924594098,0.04863252787474176,0.047446368658284645,0.05341952756972941,0.05397024434879878,0.054097332836275366,0.05113193479513354,0.056130748635917105,0.06265462432643125,0.05452096112786816,0.06307825261802194,0.06379842071372918,0.06278171281390879,0.06528111973430058,0.06680618158403115,0.06816179211712378,0.0698563052834923,0.0715931812790188,0.0679076151421699,0.07248280069136098,0.074346765174365,0.07265225200799837,0.07188972108313307,0.08002338428169616,0.07443149083268337,0.0779899684820547,0.07688853492391663,0.07214389805808817,0.0752363845867085,0.0743891280035242,0.0774816145321445,0.07760870301962275,0.07773579150710029,0.08260751686040631,0.07612600399905067,0.07451621649100174,0.07506693327007177,0.07345714576202284,0.07981157013589953,0.07739688887382683,0.08209916291049611,0.07803233131121387,0.07909140204019413,0.08586945470566261,0.07964211881926352,0.08070118954824236,0.0764649066323248,0.08222625139797365,0.07807469414037306,0.08264987968956548,0.07985393296505872,0.08536110075575318,0.08184498593554101,0.08392076456434022,0.08303114515199814,0.07349950859118136,0.07341478293286366,0.06600128783000668,0.0647727657843898,0.059477412139492536,0.05197919137831673,0.04600603246687243,0.04049886467617868,0.03685566136848863,0.028552546853289153,0.027535838953468523,0.022621750771003573,0.02194394550445665,0.02245229945436664,0.019105635950791407,0.01974107838817897,0.020588334971362802,0.020588334971362802,0.020122343850611613,0.023130104720913765,0.023214830379231922,0.021223777408750543,0.022875927745958667,0.020164706679770973,0.018004202392652335,0.017241671467787368,0.014403361914122125,0.013429016843460923,0.010929609923069142,0.010336530314840399,0.007879486223607986,0.006566238519673321,0.005252990815738657,0.0032195750160978866,0.002033415799640734,0.0010167078998203852,9.743450706612025e-4,3.8126546243264447e-4,1.2708848747754588e-4,0,0,0,0
C-11-12568,12.4,15,0.0393536208597053,0.04121516143149219,0.04033337905538189,0.04056198930104065,0.04307670200327908,0.04359923970764031,0.044121777412001545,0.04621192822944565,0.04719168642512378,0.048889933964297784,0.04836739625993655,0.0490205683903881,0.05166591551871591,0.05362543191007146,0.05506241059706484,0.059046760592819235,0.05617280321883246,0.05924271223195365,0.058818150347161195,0.06322706222770909,0.05875283313411604,0.06152881468853454,0.061822742147237736,0.06339035526032198,0.06783192574739245,0.06930156304090843,0.06982410074526903,0.0693015630409078,0.07175095853010169,0.06890965976263749,0.07168564131705654,0.07521277082149419,0.07328591303666217,0.07547403967367547,0.07632316344326248,0.08370400851736488,0.07860926589984217,0.07753153188459713,0.0754413810671529,0.07276337533230158,0.07965434130856462,0.07521277082149486,0.07743355606503009,0.08200576097819015,0.07939307245638472,0.08197310237166756,0.08370400851736488,0.08350805687822868,0.07746621467155267,0.08151588188035222,0.0867086003174412,0.0895172404783836,0.0945466658828596,0.09611427899594414,0.09905355358297607,0.10653237447664526,0.09431805563720241,0.08618606261307997,0.0829528605673456,0.07449428147799816,0.06642760566692105,0.057642440512348424,0.05307023559918717,0.04624458683596905,0.03840652127055057,0.03399760939000237,0.03004591800077085,0.02710664341373868,0.027498546692009844,0.025637006120222953,0.023873441368003585,0.025049151202816568,0.023938758581048738,0.023416220876687717,0.022632414320145868,0.025865616365880764,0.024885858170203685,0.027335253659396715,0.025179785628906878,0.02602890939849388,0.027596522511577574,0.02717196062678359,0.02893552537900323,0.028576280707254886,0.026518788496332532,0.021162777026629904,0.01864806432439114,0.015676131130836966,0.0109406331850633,0.00721755204148952,0.004180301634889858,0.0024820540957158086,0.0014696372935159656,9.797581956773104e-4,1.9595163913546207e-4,1.6329303261288216e-4,1.9595163913546207e-4,0,3.265860652257701e-5,3.265860652257701e-5
C-11-12655,3.7,65,0.042649272453587704,0.05644756648268961,0.055193176116406645,0.05644756648268961,0.043903662819869696,0.061465127947817576,0.06271951831409957,0.042649272453586955,0.06522829904666355,0.07526342197691949,0.06773707977922754,0.06773707977922754,0.080280983442046025,0.07526342197691949,0.08404415454089342,0.10787757150025126,0.07526342197691949,0.06773707977922634,0.06397390868038155,0.08028098344204744,0.08404415454089342,0.09407927747114853,0.09658805820371248,0.09157049673858537,0.10662318113396926,0.10035122930255931,0.09658805820371248,0.08028098344204673,0.09031610637230338,0.07651781234320147,0.09784244856999533,0.09658805820371248,0.09407927747114853,0.0727546412443555,0.08655293527345741,0.08655293527345741,0.09282488710486654,0.07400903161063684,0.08404415454089342,0.06648268941294554,0.0953336678374305,0.07777220270948347,0.06522829904666355,0.08404415454089267,0.07400903161063749,0.07526342197691882,0.08655293527345741,0.07902659307576476,0.07902659307576546,0.08906171600602139,0.09282488710486654,0.10787757150025126,0.06021073758153505,0.07777220270948347,0.05895634721525359,0.07400903161063684,0.06648268941294554,0.05644756648268911,0.07902659307576546,0.055193176116407616,0.05519317611640713,0.05268439538384364,0.04766683391871525,0.03637732062217775,0.04139488208730571,0.031359759157049506,0.022579026593075844,0.013798294029101783,0.012543903662819914,0.01003512293025593,0.013798294029101783,0.00878073256397394,0.005017561465127921,0,0.0012543903662819913,0.0037631710988459406,0.005017561465127965,0.0025087807325639604,0,0.0012543903662819913,0,0,0,0,0,0,0,0,0,0,0,0,0,0,0,0,0,0,0,0
C-11-12658,5.3,70,0.07032755298651278,0.06406551059730273,0.06069364161849625,0.06936416184971123,0.06695568400770736,0.06840077071290968,0.06791907514450891,0.07032755298651153,0.0838150289017344,0.08718689788053981,0.07562620423892126,0.08766859344894058,0.08381502890173291,0.08140655105973053,0.08622350674373826,0.08526011560693672,0.08622350674373826,0.08718689788053825,0.09393063583815062,0.08863198458574212,0.08236994219653208,0.10211946050096285,0.07466281310211907,0.08429672447013517,0.08236994219653208,0.09152215799614676,0.0876685934489398,0.07899807321772598,0.08622350674373826,0.08622350674373826,0.0732177263969174,0.08285163776493212,0.09730250481695517,0.08236994219653208,0.08622350674373826,0.08333333333333362,0.07851637764932522,0.07947976878612675,0.07369942196531817,0.06936416184971123,0.07658959537572214,0.07177263969171509,0.0905587668593452,0.07996146435452751,0.09007707129094444,0.08044315992292829,0.06888246628131045,0.06262042389209986,0.0645472061657035,0.058766859344894236,0.05250481695568373,0.05973025048169578,0.07032755298651215,0.06551059730250505,0.05973025048169578,0.061657032755298324,0.04431599229287106,0.05057803468208066,0.053949903660886506,0.04913294797687878,0.04431599229287067,0.03757225433526025,0.03901734104046222,0.03612716763005793,0.04142581888246643,0.03131021194604993,0.03034682080924866,0.035163776493256076,0.0226396917148363,0.01830443159922935,0.019749518304431495,0.015414258188824716,0.0105973025048169,0.009152215799614675,0.008188824662813132,0.008670520231213827,0.008188824662813132,0.0077071290944122905,0.008188824662813132,0.005780346820809269,0.004816955684007724,0.0019267822736030555,9.633911368015448e-4,0.002408477842003862,0.0019267822736030896,0.002408477842003862,9.633911368015278e-4,0.0014450867052023173,4.816955684007724e-4,9.633911368015448e-4,0.0014450867052023173,0.0014450867052022915,9.633911368015448e-4,4.816955684007724e-4,0,0,0,0,0,0
C-11-12664,2.1,60,0.05815982319413769,0.054670233802489435,0.05786902407816598,0.058450622310108384,0.055833430266372185,0.0555426311504015,0.06717459578922903,0.07211818076072947,0.06891939048505316,0.06630219844131698,0.07735256484820313,0.07444457368849625,0.06833779225311058,0.07269977899267212,0.07618936838432037,0.08113295335582209,0.07124578341281868,0.08316854716761543,0.07589856926834969,0.08636733744329447,0.0831685471676169,0.0866581365592644,0.08723973479120577,0.08229614981970483,0.08229614981970483,0.09421891357450307,0.09014772595091262,0.08375014539955754,0.0881121321391186,0.08462254274747034,0.09538211003838581,0.08229614981970411,0.0886937303710592,0.08753053390717723,0.08956612771897204,0.08229614981970483,0.08753053390717645,0.08520414097941097,0.08491334186344103,0.06746539490519972,0.08287774805164548,0.07967895777596865,0.07589856926834969,0.07793416308014382,0.07851576131208589,0.07880656042805588,0.08345934628358759,0.07764336396417314,0.08113295335582209,0.08258694893567553,0.08026055600790931,0.07793416308014452,0.08084215423985068,0.07531697103640832,0.07706176573223245,0.08055135512388,0.07008258694893592,0.05874142142607855,0.0529254391066653,0.0453646620914274,0.043619867395602883,0.03460509480051193,0.03402349656857025,0.025590322205420585,0.029661509829010224,0.02966150982900996,0.020646737233918883,0.024136326625566928,0.020646737233918883,0.021228335465860258,0.015121554030475666,0.013667558450622359,0.013376759334651551,0.009014772595091343,0.010468768174944784,0.007560777015237833,0.004361986739560327,0.007851576131208519,0.00581598231941377,0.003198790275677573,0.004071187623589639,0.00436198673956025,0.0023263929277655077,0.002617192043736196,0.002907991159706885,0.003198790275677573,0.0029079911597068332,5.815982319413769e-4,0.004071187623589639,0.0017447946958241308,0.0014539955798534424,8.7239734791205e-4,2.9079911597068846e-4,2.9079911597068846e-4,0,5.815982319413666e-4,5.815982319413769e-4,0,0,0
D-03-10846,49.2,45,0.01639857923338614,0.016858295951105558,0.01732103712091493,0.017928951991057367,0.01956215611979741,0.021624832445354278,0.022238796219676924,0.02266826841649335,0.023932489390222154,0.02499407207390318,0.026436735720956887,0.026070777018035507,0.029089180204113812,0.03008422494180965,0.031977531950312,0.03441221588297077,0.03466626985855255,0.03600005323035628,0.03658982138795749,0.038277465654322204,0.03682270419890746,0.0407938097934176,0.0419612483002577,0.04346137653702671,0.04470140189403304,0.04881465673678574,0.04743853103571732,0.04755346021514717,0.04949515845709409,0.04895983043711819,0.05267385760395666,0.053420897270250234,0.054733509477422775,0.056306224564358125,0.05724985361651904,0.06102134537307244,0.059675464192906494,0.06148408654288156,0.06232185977188395,0.06118466578594644,0.0657999796756816,0.06773865346553842,0.06837076395240263,0.07010982390430112,0.07082964350178347,0.07568388910664904,0.0735728215476487,0.07382385107113956,0.07069959206190232,0.0742200542949642,0.0748612381380985,0.07515158553876407,0.07455879292907257,0.07442571703710182,0.07449225498308754,0.07959753011144459,0.07534515047254067,0.07220274475076056,0.07379360655023763,0.07325525407817146,0.07087501028313672,0.06971059622838752,0.06489869295278433,0.061716969353832085,0.0592762365169928,0.05696253066794389,0.04893261036830585,0.04870275200944571,0.047840783163722235,0.04639207061248801,0.045732740056811064,0.04498872484260768,0.04514902080339102,0.04588396266132444,0.047051401168164544,0.04816742398946981,0.0503873718237206,0.053478361859965164,0.0566056453212938,0.060867098316469206,0.06552475453546859,0.06942932218399217,0.07500943629052188,0.07963684798861867,0.08318150583840261,0.08372288276255904,0.08287301172519469,0.07797037488688577,0.06983459876408815,0.06104856544188477,0.04936510701721294,0.03768769749672096,0.02767373662587296,0.01928995543167407,0.01241235137842433,0.007718401734341697,0.004279599707716965,0.0023137058490483946,0.0011281206296667337,5.413769241564217e-4
D-03-10867,44.7,95,0.0196435683932437,0.021061716590838282,0.021222366191346667,0.022820552734339375,0.023762291771804528,0.026961434678487616,0.02710269553410739,0.027972419233412947,0.029210529085610275,0.02966477968015229,0.030343385751266883,0.0304375596550134,0.033398497981631185,0.033492671885378286,0.03602705782443892,0.038647308205150784,0.03886889386102494,0.03922620073112131,0.04054740520427165,0.041633174918055,0.040181788872079294,0.04322859164034852,0.04508714132899297,0.045577399592614934,0.04669363733408098,0.05057415613257709,0.04833891082894614,0.04944406928761847,0.05078189268495911,0.04905075474844229,0.05124722256229483,0.0520116930750602,0.052737386098048046,0.053025447450684916,0.05412783608865883,0.05730759025045293,0.056027933087779196,0.056338153006003006,0.05723557491229383,0.055955917749620596,0.059168909759795295,0.05962593017503626,0.06105238783472612,0.060977602675868055,0.061905492609841614,0.06651447425202342,0.0637972801468672,0.06373634409150124,0.06169221641606274,0.06555888611106672,0.06639814178268949,0.06753653808974354,0.06694102663958115,0.06783013908377679,0.06782459944237994,0.07147245330220756,0.06904609037038621,0.06562259198712996,0.07056949175452101,0.0707855377689983,0.07156108756455722,0.07192947371744862,0.07160540469573204,0.0704863971335682,0.06965545092404013,0.07125363746703182,0.06351752825632608,0.06535668920008098,0.06494952555741279,0.06297741322013282,0.06288323931638576,0.06268381222609958,0.0621769350382869,0.06340396560769057,0.06381943871245462,0.06573061499436861,0.0664313796310712,0.06578324158763871,0.06817359685038173,0.06830100860250937,0.06801294724987296,0.06768887822815582,0.06597158939513233,0.0662568809270703,0.06430692715537775,0.06288600913708474,0.06156757448463244,0.056756395931465975,0.050554767387688104,0.04446947131324416,0.03670843371625194,0.027753603398237223,0.020333253747152003,0.014300584265978177,0.009999052721321173,0.006389976351270786,0.004019009833417458,0.002323879565980184,0.0013350535766417744,6.121303743523488e-4
D-04-2906,49,30,0.024341027595458625,0.02465320322546807,0.024057034487602384,0.026521921232885715,0.02804811320182078,0.030578036536688984,0.03096608818788128,0.032275491524864766,0.033582726975529886,0.03465366281736784,0.03616251169574682,0.03524766366891359,0.03914552327139193,0.040071210729823406,0.04155404497236827,0.044697480135657816,0.04446551629947024,0.045137561058517545,0.046167307060285614,0.04762195878067684,0.04696508922586531,0.05091714598633164,0.05241515543311306,0.05391966853885349,0.05506214462923527,0.05934372011026758,0.05813403954398047,0.059361063200823135,0.06059459051662487,0.05862181396587074,0.06278415569933,0.06424964685131822,0.06418677814805242,0.06546799896288341,0.06709391370251594,0.07072729117401476,0.06789819952705356,0.0691187195249377,0.07060588954012219,0.06731070233446694,0.07133646722979645,0.07198466523933057,0.07246160022962278,0.07309679092123857,0.07392709138161156,0.07727647574525387,0.07394443447216764,0.07344148484604066,0.0701961590257348,0.07353036818514122,0.07466417273024431,0.07426961742009414,0.07403114992494739,0.07304476164957098,0.07269139617949084,0.07553349514436783,0.07067092612970749,0.06723916208592252,0.06902766829951888,0.06716978972369879,0.06475476436376404,0.06205574589597463,0.059486800607354715,0.0559769926560685,0.05334301077786382,0.05271432374520544,0.044873078927538126,0.04520910130706178,0.044107815056751085,0.04278540440184997,0.042327980388432974,0.041213686820205195,0.041506351473338685,0.04298051417060587,0.044099143511473045,0.04575107288693928,0.04774769618720843,0.05124666470689716,0.054155968147680075,0.05726688501617697,0.059766457942572036,0.06344319314045992,0.06472007818265246,0.06486966233869865,0.06374452933887294,0.060418991724744554,0.05489304949631251,0.04798616368235453,0.03958560419425316,0.03134330040747602,0.02408088123711742,0.01706560110718266,0.012127156071339112,0.007591937890924128,0.004712984858614807,0.0028247558743215197,0.0015218561962960415,8.129573698162615e-4,4.2056994598494595e-4,2.0378131403394289e-4
D-04-2907,22.1,60,0.014232013331955144,0.014307648478094851,0.014471524628063963,0.0169674844506746,0.017761653485141537,0.01955168527711464,0.019526473561734734,0.020547548034620434,0.02151819907674706,0.023018296141851278,0.02493438651072389,0.02474529864537462,0.027569010767923244,0.031224709498009644,0.032107119536306246,0.034905619943475456,0.03573760655101225,0.03783017892754351,0.03819574880055278,0.041964900249848246,0.03771672620833462,0.04168757138066895,0.04429698392248887,0.0459987747106327,0.04592313956449299,0.04886030440625167,0.04776359478722548,0.04865861068321202,0.049150239133120555,0.048910727837011475,0.05114196464813287,0.052175644978708434,0.05296981401317536,0.05458336379748961,0.05458336379748961,0.05840293867754489,0.058150821523745344,0.05802476294684583,0.05939880143505105,0.05886935541207309,0.06130228594623317,0.06408818049571298,0.06518489011473874,0.0668614691875017,0.06930700557935286,0.0721181118442114,0.06913052357169354,0.0693196114370422,0.0687271361256151,0.07042892691375853,0.07191641812117217,0.07244586414415076,0.07187860054810231,0.07298791602481867,0.07516872940518027,0.07966902060049222,0.07625283316651608,0.07274840472870896,0.07857231098146715,0.08002198461581156,0.08158511096936481,0.08026149591192064,0.07608895701654604,0.07538302898590944,0.07234501728263115,0.07292488673636827,0.06594124157613583,0.06824811353339634,0.06638244659528413,0.06713879805668121,0.06474368509558988,0.064340297649512,0.06338225246507513,0.06479410852635026,0.06551264241467748,0.06401254534957271,0.06273935372288818,0.06226033113066947,0.0585289972544444,0.06135270937699352,0.05891977884283289,0.059222319427390674,0.061970396403801135,0.06328140560355608,0.06538658383777797,0.06565130684926695,0.063785639911153,0.05953746586964052,0.054394275932140336,0.045242423249235615,0.0325861421285244,0.021228264349877797,0.012530222543811703,0.0084837422253373,0.005773482821997746,0.003617881157015991,0.0020043313727022742,0.001046286188265967,6.302928844975705e-4,2.269054384191254e-4
D-04-2908,24.2,15,0.01995427452222037,0.021095570666480205,0.02107716266415306,0.022015970782818785,0.022825922885196734,0.024335379075992,0.02523737119000381,0.027427923466889135,0.028974195662338435,0.029949819785657326,0.0321035560578896,0.03201151604625574,0.03558266849764879,0.03834386884666516,0.03858317287691319,0.04143641323756278,0.0422647733422675,0.044216021588904496,0.04769513402866511,0.04900210219386589,0.046075229823909214,0.0492966302310938,0.04920459021945994,0.05295982269412178,0.05535286299660208,0.057819535308389465,0.05750659926883384,0.05794839132467636,0.0587031194200745,0.0578011273060627,0.06124342374116898,0.06337875201107392,0.06302899996686526,0.06273447192963748,0.064464824148354,0.06895637671608626,0.06660015241825891,0.06374691205760935,0.06910364073470043,0.06496184021117683,0.06967428880682973,0.07284046520703506,0.06908523273237366,0.07388972133966039,0.0742394733838697,0.08071909020289257,0.07554644154907048,0.07600664160723909,0.07550962554441694,0.0795409780539799,0.07803152186318395,0.08029570614937755,0.07994595410516818,0.0810320262424484,0.07836286590506653,0.08292805048210514,0.07781062583526338,0.07490216146763282,0.07442355340713741,0.0750126094815941,0.0734295212814911,0.07155190504416105,0.07210414511396356,0.06639766439266502,0.06556930428796029,0.06639766439266442,0.05555535102219657,0.05658619915249527,0.05336479874531075,0.050272254354413126,0.047676726026337914,0.04530209372618481,0.04491552567732221,0.046369757861137555,0.044933933679649374,0.047142893958861544,0.04898369419153912,0.048321006107774914,0.050161806340452496,0.05397226282209421,0.05588669506407845,0.05185534255451456,0.05340161474996429,0.0509349424381769,0.04892847018455881,0.04688518192628716,0.04338766148419979,0.039853325037460426,0.0362453565814132,0.028421955592535287,0.022108010794452643,0.017008994149936618,0.012351769561263716,0.007952257005165313,0.00508060864218895,0.0031293603955511095,0.0016014962024291258,7.363200930708624e-4,2.3930403024803026e-4,1.6567202094094403e-4
D-04-2909,32.8,60,0.023691541931637944,0.024502896107378967,0.024571220669546198,0.024929924620926875,0.02686009350216342,0.029029398350986793,0.02802161105901373,0.029550373137514716,0.03100227008357813,0.03205276022690599,0.03273600584858263,0.03262497843506018,0.035178608946076044,0.03743331949760963,0.03890229758421443,0.041635280070921044,0.04249787766828782,0.04542729327122566,0.04561518581718754,0.04756243583896601,0.04669129767132827,0.04975736239860182,0.05091033938518116,0.05279780541506336,0.054113053236790915,0.05621403352344662,0.0543863514854611,0.05477067714765421,0.055744302158543924,0.05410451266651996,0.058417500653353834,0.060954050023827866,0.06087718489138924,0.06215827043203351,0.06251697438341375,0.06897364550825812,0.06399449304028895,0.06925548432719912,0.06753882970273714,0.06526703801066228,0.06983624310562428,0.07089527381922371,0.0723044679139318,0.07233863019501499,0.07384177056270427,0.07841951622793715,0.07513139667361896,0.07469582758979942,0.06981916196508298,0.07476415215196776,0.0750886938222635,0.07542177606283153,0.07616480567640423,0.07456771903573571,0.07582318286556657,0.07818892083062129,0.07652350962778513,0.07119419377870662,0.07374782428972373,0.07303041638696324,0.0706475972813653,0.06813666962170421,0.06577947222691918,0.06081740089949307,0.059356963383159225,0.061065077437350325,0.051610666147400175,0.052310992909618284,0.050218553193234,0.048536060849855234,0.04563226695772906,0.04501734589822047,0.044436587119794924,0.044496371111692024,0.04559810467664563,0.046324053149676664,0.04817735689847499,0.048869143090422174,0.052550128877205574,0.05720473967487777,0.05816128354522509,0.06326000399698599,0.06467773866196616,0.06460087352952754,0.06190205332390476,0.05933988224261731,0.05260991286910135,0.04496610247659472,0.03796283485440903,0.03101081065384909,0.02375132592353465,0.017448385063567214,0.011384580171187231,0.007720675524946179,0.004287366276020998,0.002434062527223033,0.0013323289622694733,7.857324649281509e-4,3.0746052975449387e-4,2.049736865029959e-4
D-04-2910,26.5,30,0.025817403915624964,0.02604704897269176,0.025296286286126783,0.026868471676815307,0.02943872981552446,0.03200898795423362,0.03233579053544406,0.03354584333614159,0.03457924609294277,0.03693752417897489,0.03850087706746808,0.03885417715526316,0.04319093573294691,0.046909419156990824,0.04601733643530827,0.050778055118346876,0.05006262244056185,0.0518644528883158,0.05188211789270648,0.05392242589972302,0.05176729536417308,0.05467318858628707,0.059001114661776675,0.05925725722542863,0.062154317945348224,0.06657056904278665,0.06421229095675396,0.0645390935379644,0.06809859192250033,0.06556366379257068,0.07132245522363037,0.07406053090404154,0.07116347018412196,0.07396337337989854,0.07584469634740731,0.07831779696197282,0.07587119385399127,0.07792033436320267,0.07781434433686484,0.07595951887594071,0.08071140505678372,0.08073790256336907,0.08180663532894916,0.08257506301990272,0.08231008795405714,0.08578126131664297,0.08161232028066187,0.08263689053526685,0.07806165439832138,0.08276054556599587,0.08304318563623118,0.0799253123614404,0.07849444700586966,0.07814114691807528,0.07871525956074228,0.0804552624931323,0.07277098558359017,0.06786011436323805,0.06733016423154604,0.06423878846333916,0.06069695508319301,0.056201211466001245,0.05440821352044077,0.049832977383495056,0.046246981492375064,0.046538454064805584,0.04055885007887439,0.040426362545950875,0.03873935462672976,0.03799742444236011,0.037582296839200564,0.0372378292536007,0.03757346433700569,0.03611610147485134,0.03621325899899499,0.03811224697089317,0.039878747409868874,0.04077083013155107,0.04285530064954236,0.043623728340496645,0.04418900848096876,0.04464829859510157,0.04454230856876384,0.04484261364338965,0.04191905541688542,0.03960493984182769,0.037935596926995295,0.03154086533790515,0.026541669095604865,0.02203709297621768,0.017055561738307152,0.01180022293235523,0.007896256962219883,0.0045752361369461965,0.003153203283571027,0.0015986828972726773,7.860926953440375e-4,5.476151360823633e-4,1.7665004389753652e-4,9.715752414364509e-5
D-04-2912,33.6,60,0.021934809193952017,0.022971916011632964,0.021917524080323613,0.02296759473322596,0.024570789022224423,0.02735369231633496,0.02747036683332407,0.028740822684982716,0.030560080894331886,0.03250897745589067,0.034872716744521824,0.03473011455709069,0.03884829287896476,0.03936684628780592,0.04086632989503629,0.04500611460894607,0.04430606750701143,0.04584444261990402,0.04716243253404104,0.04779333918146361,0.045628378699554634,0.0504552466801776,0.0518985536681169,0.05403326520117731,0.05478516764399599,0.059897239999481655,0.05835454360818074,0.06067074883433483,0.06062753605026532,0.05940893553949021,0.06452532917338288,0.06400677576454185,0.06580010630344846,0.06723909201298135,0.06837990951243039,0.07388089692454641,0.0712665234883084,0.07337530735092632,0.07487046967975032,0.07146962357343822,0.07720396001953177,0.07876826280286787,0.0782410668372134,0.07830156473491076,0.07853059249048266,0.08348277754490845,0.07919174808675426,0.07864294572906406,0.07310306681128571,0.0768236875197161,0.07561805084416134,0.07442537800382891,0.0734617329190664,0.07223016857307091,0.06979296755152069,0.07239869843094343,0.06628408948503349,0.0626412517879286,0.0634493308500389,0.062062200481390634,0.06007009113576128,0.05820329886393611,0.05508333585407878,0.052983194548275346,0.05050710202106209,0.050265110430269426,0.04399925674011415,0.045261070034958904,0.04282819029181608,0.041713300462809064,0.04167008767873866,0.04127253006529466,0.04189479415590286,0.04300968398491025,0.04291461585995616,0.04420667810364995,0.04586604901193985,0.04772419872695113,0.04997990605540761,0.0539165906841882,0.05663899608060068,0.0601305890334588,0.06325055204331671,0.06600752766698523,0.06675943010980392,0.06435679931550972,0.05880827784091562,0.05289676898013527,0.0433942777631336,0.034721472000276685,0.025672715016010428,0.017907377718624023,0.012600847834823499,0.00807646934269037,0.00472315729885531,0.0029341480383556252,0.001516768720858384,7.864726700747177e-4,2.895256532692642e-4,1.382809090241262e-4
D-04-2914,13.6,85,0.018531068660256746,0.019226929197703125,0.02014970077996861,0.021042217556258888,0.022645722272983143,0.024778686094286167,0.02405257075086386,0.025565311049659874,0.02676037588570954,0.028046205139686538,0.02910512334884407,0.028182351766578222,0.0323575149912559,0.033295413976510285,0.03498968311116233,0.03660831523087456,0.03636627678306712,0.0389076804850445,0.04105577170933617,0.0410860265153121,0.04276516824697618,0.044050997500952795,0.046864694456714207,0.046410872367075674,0.05037425194992243,0.05333922293556351,0.05091883845748871,0.051750845621826753,0.05392919165209413,0.052522343174213414,0.05810435487677238,0.058149737085735766,0.059284292309833106,0.0633233089076202,0.06485117660940463,0.07261153434223053,0.07167363535697609,0.07112904884940936,0.07386710879023159,0.06807331344584111,0.0739276184021828,0.07554625052189567,0.07524370246213638,0.07356456073047166,0.07601520001452258,0.0844260360758302,0.07991806998541746,0.08354864670252826,0.08215692562763624,0.09006855739034178,0.09029546843516045,0.09265534330128374,0.09640693924229814,0.09583209792875633,0.09315454759988658,0.09692127094388893,0.09185359094292161,0.08326122604575693,0.0899324107634501,0.08858607189752124,0.09085518234571514,0.09067365350986037,0.08855581709154453,0.08752715368836371,0.0847890937475421,0.08593877637462666,0.07631774807428188,0.07569752455177466,0.07217283965557955,0.06442760932574162,0.06109958066838885,0.05426199451782935,0.04958762699454782,0.04563937481468948,0.03939175738066006,0.03627551236513901,0.03414254854383631,0.030965793916363452,0.030829647289472042,0.03409716633487241,0.03766723344003208,0.045367081560905305,0.04842281696447498,0.04200879809757795,0.03694111809660978,0.027395726811204058,0.023175181377561496,0.019000018152883654,0.012858292539769988,0.00934873504656218,0.005778667941402513,0.003433920478267924,0.002269110448194704,0.0013917210748927518,8.320071643380581e-4,3.479302687231817e-4,2.117836418315057e-4,1.3614662689168222e-4,9.076441792778815e-5,1.5127402987964692e-5
D-04-2922,37.2,70,0.020149489479860543,0.021804897160762456,0.02187604648802146,0.024285637037873346,0.0253955665431199,0.02858305640434078,0.02990169060288156,0.032244875113957044,0.03428448916206026,0.03569798913028024,0.03709251594456437,0.03632410321016291,0.0406120359996617,0.04151800410009871,0.04253306783566607,0.0458675996398897,0.04623757614163855,0.04834833951699973,0.049733379754316805,0.05231847197807481,0.05043538644994283,0.05475652225882958,0.05657794503667006,0.05837090808360731,0.06065242984439189,0.06445180392004356,0.06298612777849948,0.0638067166862245,0.0644944935163992,0.06240744658345696,0.06550955725196657,0.06695626023957366,0.06808516289875605,0.0690195907300967,0.06934213434700595,0.07257231380458247,0.07086947323884032,0.07210747153315378,0.0723683523997722,0.07092164941216451,0.07391466444554239,0.07392889431099492,0.07325534734627265,0.07551789595312074,0.07501036408533772,0.07772352509816194,0.07597799493606548,0.07598748151303274,0.07024335915895828,0.07420874833154854,0.07545623320282925,0.07243475843854763,0.07104497491274683,0.06950340615546058,0.06721714110619204,0.06854051859321617,0.06261140798826723,0.05745071011771863,0.058171689967281004,0.05493202393273657,0.05227103909323475,0.05025988477603632,0.04899817003930263,0.045971951986536815,0.04533635132968622,0.04554031273449608,0.04099624236686315,0.04190695375578303,0.04263267689382923,0.042319619853887894,0.041413651753451235,0.04191644033275132,0.04209668529514141,0.042319619853887894,0.044411410075314094,0.04465331778799564,0.045910289236245336,0.047603643225018505,0.049263794194404804,0.05053499550810599,0.05277382767253493,0.05469485950853761,0.056573201748186606,0.05891164297077871,0.06013066811115633,0.06197580733141663,0.06071883588316625,0.057227775558973036,0.05294458605795748,0.045962465409568894,0.0363715360950025,0.028194106748655585,0.020016677402309672,0.013409276544153897,0.008566379002031107,0.005122751562676318,0.002898149263699339,0.0014561895645756088,7.494395804656228e-4,3.130570399413361e-4
D-04-2926,39.7,15,0.01843933926671519,0.019556044561336992,0.019730743855894038,0.021532544423290303,0.022567038285179208,0.02531084485263952,0.025615712249024,0.027140049230945915,0.028489686918311396,0.02968860364566609,0.031435596591240074,0.031678805413074884,0.03457333294054488,0.03643336660612721,0.03785151382076962,0.04067068086823509,0.04042062109367253,0.04263347882473215,0.0439146069848205,0.04593221256314026,0.04480523083942684,0.04893635533425429,0.05042986302890184,0.052060389778104676,0.05470143205464888,0.05855509296400325,0.055896923305639196,0.05900725584403363,0.060606953305961705,0.05854139105854776,0.06318291153159236,0.06456680398259548,0.06575886975722244,0.06783813391009245,0.06866024823742138,0.07280164916134088,0.0727468415395183,0.07339083109592595,0.07485350950329935,0.07160273243398618,0.07613463766338624,0.07706636723435972,0.07739178748892742,0.07782682298713828,0.07898463399812723,0.08176269532922552,0.07766240012167319,0.07753565749620929,0.0737539315904969,0.07648403625250172,0.07677177626706616,0.07781654655804737,0.07723764105255256,0.07606270265974564,0.07453494020145938,0.07835092087081047,0.07353812657957305,0.06985916496477544,0.07199323673946743,0.06860544061559945,0.06631722240453333,0.062473837924271164,0.05789740150213958,0.05305035244726327,0.04825811101420836,0.046480288781359125,0.03869760648264565,0.03764255976257318,0.03598805467882404,0.034121170060514586,0.03400127838777881,0.03424448720961393,0.03425476363870523,0.0358407591951776,0.03767681452621222,0.04102350493371339,0.0434487421993341,0.0457746406504018,0.050275716592528115,0.054715133960104356,0.058531114629456156,0.06254234745154746,0.06528272854264501,0.06763603080462409,0.0685883132337801,0.06773536961917632,0.06446061421531493,0.05907919084767544,0.052159728592656926,0.045140927523086155,0.035789377049719545,0.02674611944910081,0.019874613863176953,0.013088745186349386,0.008621924007862184,0.005179320262172185,0.0029493351492925466,0.0014695293601004677,7.090736073212047e-4,3.0144192002060874e-4
D-04-2930,13,75,0.028576672665813634,0.029978739567347756,0.03051407420247842,0.032451475739144295,0.03492421191094084,0.037779329964973955,0.03765186933756176,0.037626377212078656,0.041526672410892425,0.04109330627769097,0.04376997945334702,0.04022657401128806,0.04501909360198571,0.05093326671391226,0.053278542258296605,0.05944763662504674,0.05656702644553118,0.05914173111925642,0.059116238993775036,0.06069675077368623,0.05852992010767895,0.0620988176752198,0.06469901447442851,0.0643166325921925,0.06666190813657685,0.07395265602455428,0.07020531357863519,0.07425856153034288,0.07306043163266894,0.06727371914815537,0.07285649462880943,0.07504881742029848,0.0777254905959545,0.07571161268284254,0.07943346300327858,0.08654576601287893,0.08279842356695973,0.08356318733143288,0.08325728182564436,0.08172775429669804,0.08715757702445669,0.09052253758813936,0.08417499834301215,0.08404753771559921,0.08353769520595118,0.08868710455340299,0.08287489994340778,0.08195718342603926,0.07752155359209568,0.07961190788165565,0.07953543150520762,0.07930600237586638,0.07726663233727062,0.07719015596082399,0.07604301031411424,0.07856673073687497,0.07701171108244691,0.07617047094152576,0.07815885672915665,0.07609399456507912,0.07701171108244623,0.0764763764473157,0.07328986076201023,0.06847184904583,0.0633224396983774,0.06607558925048018,0.05315108163088441,0.05330403438377857,0.04787421165601963,0.04468769597071481,0.03961476299970918,0.03650472369085203,0.0325789363665562,0.02918848367739216,0.02686870025849025,0.022840944432264754,0.0217447830365201,0.02151535390717796,0.01871122010410991,0.01799744059060163,0.01776801146125968,0.017946456339636433,0.016773818567444577,0.01529527528946314,0.015014861909156317,0.012899015494113915,0.01121653521227277,0.009712499808809094,0.007622145519249132,0.004919980218110643,0.0039002951988131008,0.0023707676698667447,0.001656988156358507,7.64763764473157e-4,4.588582586838942e-4,3.313976312716955e-4,3.568897567541399e-4,1.7844487837706996e-4,7.647637644731571e-5,2.5492125482438567e-5
D-05-2937,10.8,40,0.019050796951872555,0.020098396784256584,0.021727996523520247,0.02347399624416068,0.0240947961448327,0.024133596138624702,0.02681079571027278,0.03166079493427236,0.03200999487840093,0.031815994909440926,0.03263079477907295,0.03375599459904098,0.03879999379200044,0.04081759346918519,0.04101159343814519,0.042835193146369244,0.04198159328294522,0.044736392842176516,0.045551192711809324,0.04912079214067343,0.048693992208961416,0.051681591730945046,0.05063399189856102,0.05792839073145768,0.05754039079353768,0.0652615895581459,0.0637483898002573,0.06553318951468932,0.06398118976300986,0.06312758989958583,0.0651451895767699,0.0696459888566414,0.06828798907392138,0.07263358837862612,0.07282758834758613,0.07985038722393832,0.08000558719910561,0.07763878757779356,0.07872518740397029,0.07620318780749022,0.08031598714944162,0.0753883879378582,0.08116958701286636,0.08089798705632163,0.08268278677075441,0.08749398600096177,0.08279918675213041,0.08237238682041767,0.07942358729222632,0.08726118603821054,0.08683438610649775,0.08788198593888255,0.08826998587680178,0.09688358449862682,0.09335278506355471,0.09847438424409799,0.09657318454829081,0.09090838545465783,0.0929259851318427,0.08966678565331461,0.08605838623065774,0.0862135862058265,0.07775518755916958,0.07325438827929813,0.06828798907392199,0.06941318889388941,0.057191190849409664,0.05563919109772912,0.052108391662657516,0.047103192463489374,0.04252479319603286,0.03895519376716913,0.03654959415206474,0.03406639454937699,0.03022519516396888,0.028634395418496578,0.02681079571027278,0.028323995468160574,0.029410395294336856,0.030341595145344884,0.0310011950398089,0.03239799481632037,0.032553194791488944,0.030302795151552882,0.028789595393664838,0.02475439603929672,0.020563996709760234,0.01823599708224053,0.013657597814784397,0.011135598218304324,0.007488398801856218,0.0058975990563840675,0.003918799372992114,0.001513199757888044,0.0012415998013440362,4.6559992550400533e-4,1.5519997516800452e-4,1.5519997516800452e-4,1.1639998137600339e-4,0
D-05-2941,16,30,0.02502770241870782,0.024722020557105283,0.026422375912268932,0.027931680103931933,0.028180046616483996,0.03358679454357889,0.03339574338007731,0.03412173780138272,0.037904550838714746,0.037331397348209984,0.0407894234075887,0.04113331550189155,0.04319666806770792,0.047036796454090576,0.044686867143021065,0.04894730808910644,0.048966413205456596,0.047724580642695434,0.0518321806579804,0.05215696763593309,0.051316342516526114,0.054717053226853864,0.05746818998127668,0.05849986626418576,0.060238431852050196,0.06407856023843209,0.06566428489549467,0.0651866569867407,0.06595086164074764,0.06362003744602827,0.06902678537312318,0.07076535096098698,0.07066982537923619,0.07261854724695299,0.07655420121508567,0.08186542356042978,0.07573268121202818,0.07833097703564973,0.07842650261740122,0.07605746818998155,0.08121584960452366,0.07928623285315836,0.08062359099766947,0.07838829238470021,0.08115853425547391,0.08641244125176677,0.0813495854189755,0.07812082075579799,0.07609567842268188,0.07951549424936026,0.07720377517099038,0.08056627564861898,0.07865576401360243,0.07915249703870725,0.08297352030873897,0.08518971380535663,0.08083374727752121,0.07540789423407548,0.07697451377478917,0.07370753887891204,0.07139581980054222,0.06705895838905683,0.061212792785907744,0.05828970998433401,0.05481257880860514,0.054334950899850694,0.04728516296664264,0.0497306178594625,0.0486416262275039,0.04770547552634613,0.04277635550800482,0.041668258759696,0.03782813037331377,0.03607045966909952,0.03490504757173984,0.03553551641129476,0.0334912689618281,0.031408811279660526,0.03309006151847477,0.03498146803714047,0.03645256199610269,0.03742692292996011,0.038764281074471885,0.03979595735738045,0.03939474991402712,0.03572656757479666,0.03356768942722813,0.027511367544228445,0.020748156356272286,0.01434794237896914,0.01110007259944217,0.007145313514959205,0.004852699552940295,0.0026938214053723684,0.0018340911696152296,8.406251194069652e-4,4.585227924038074e-4,2.4836651255206234e-4,5.7315349050475924e-5,9.552558175079321e-5
D-05-2942,24.5,35,0.032871265292354915,0.03228746383674328,0.030892827026114945,0.03480105343729336,0.03457401953788884,0.04059041787210871,0.04239047236024457,0.04286075686615318,0.045439213295105314,0.0474663016826457,0.047904152774354426,0.04722305107614085,0.05495842036299399,0.054909770241694,0.05560708864700789,0.05975856566469061,0.057099025700237616,0.057877427641052095,0.05889908018837348,0.06052075089840579,0.05670982472982986,0.0614775366173243,0.0649316952296931,0.0668452666675318,0.06619659838351888,0.07297518195145393,0.0679804361645538,0.0695372400461848,0.07047780905800417,0.06679661654623083,0.07062375942190709,0.07289409841595167,0.07459685266148557,0.07511578728869658,0.07767802701054763,0.08199167109923357,0.07848886236556307,0.08009431636849505,0.07886184662887122,0.07612122312891662,0.08077541806670861,0.08147273647202323,0.08169977037142775,0.08332144108145932,0.08144030305782259,0.08272142291874737,0.07994836600459286,0.0777266771318479,0.07076970978580999,0.07509957058159625,0.07424008510527846,0.07385088413487137,0.07568337203720721,0.07132107782722097,0.07240759720294263,0.07813209480935597,0.07607257300761563,0.07065619283610709,0.0747103696111885,0.07295896524435361,0.06908317224737577,0.06528846278590078,0.061250502717919784,0.05698550875053536,0.050417742374904505,0.04610409828621815,0.039276864596982534,0.03574162244911178,0.03353615028346816,0.030892827026115496,0.03006577496399875,0.028590054617869617,0.025314279783604125,0.026206198674122123,0.02505481246999918,0.02667648318003125,0.02735758487824506,0.028395454132665487,0.030406325813105803,0.03139554494622551,0.03209286335153941,0.03392535125387531,0.03567675562071081,0.03355236699056848,0.03176852920953294,0.030682009833811297,0.029790090943292994,0.025573747097209523,0.021779037635733918,0.01740052671864668,0.01289228214475686,0.008513771227669473,0.005643414070912437,0.0034865920265694655,0.0023352058224465257,0.001183819618323565,8.432687692168009e-4,3.567675562071081e-4,9.730024260193857e-5,3.243341420064619e-5
D-05-2947,19.8,55,0.024637426254743168,0.026362182436937418,0.025741815588795944,0.027957411475014314,0.029225414043742105,0.03182959136231208,0.03144100992996002,0.03150918211107385,0.033227121075157226,0.03418834882887022,0.03498596334790867,0.03509503883769171,0.037290183069574635,0.04011932858582279,0.04075332987018668,0.04541630705841145,0.045804888490763515,0.04638435203023507,0.0496634339418384,0.050570123950659886,0.048811281677908436,0.055028584595540976,0.05632385603671451,0.058191773799249495,0.05894166779150787,0.0629638264772573,0.05935751809630516,0.061832168270757756,0.062261653011779015,0.06044145577602461,0.06363873107028983,0.06432045288143323,0.06627699447941642,0.06574525146672472,0.06575206868483616,0.07036732534628085,0.07072863790618653,0.07140354249921906,0.0739804509453439,0.0711649398653193,0.07535071178574261,0.07695275804193162,0.0789570201666949,0.08243380140352842,0.08272694178232107,0.08721267129964763,0.08421991254872636,0.0826178662925373,0.07877295527768603,0.08178616568294239,0.08131577763325232,0.08238608087674909,0.08263831794687161,0.08447896683696109,0.08456077345429835,0.08905332018973634,0.08526976413788809,0.08102945447257186,0.08355182517380527,0.08064087304022051,0.07743678052784315,0.07263745897739028,0.06860166585541734,0.06484537867601467,0.05990971276333231,0.05795998838346003,0.049158959801591864,0.048811281677908,0.04673203015391932,0.0452186077331797,0.043023463501295725,0.04101920137653283,0.04156457882544764,0.04035111400161174,0.0416668370971196,0.04223948341848016,0.0432279800446393,0.041571396043559077,0.03991481204247959,0.039969349787371114,0.03808779758861375,0.03831958300440201,0.03825822804139974,0.03683342945610884,0.03685388111044316,0.03419516604698166,0.03187731188909159,0.02806648696479735,0.0238534461719276,0.019701760342060805,0.013538995169319295,0.008064769025833052,0.004826590422899325,0.0025360051374555778,0.0015747773837425766,9.271416631557862e-4,0.00043630195913214246,3.0677481501478765e-4,1.295271441173548e-4,6.135496300295754e-5
D-05-2949,34.3,80,0.02434379956059314,0.025716946267223532,0.025662384146429816,0.027017343479462913,0.02957266946994729,0.03240989975119684,0.03229168182281145,0.03308283257431314,0.03264633560796764,0.03347386110666543,0.03541991008162506,0.03517438053805538,0.03902101005397957,0.03894826055958925,0.04162180447845902,0.04540477818679176,0.044549971627697346,0.04637780267427075,0.04760545039211994,0.04956968674067733,0.04642327110826596,0.0529616319166579,0.05438024705728266,0.05488949351802024,0.054962243012411253,0.060673078322105875,0.05693557304776701,0.05927265055507833,0.06059123514091598,0.05638995183983491,0.06147332276040703,0.060473017212530046,0.06327387274658407,0.06353758966375206,0.0647015815740083,0.06903927017707251,0.06606563459383921,0.06643847575259317,0.06808443306319045,0.06574735555587911,0.06848455528234042,0.06980313986817815,0.07130359818999282,0.07177646990353378,0.07312233554976819,0.07417720321843724,0.07308596080257268,0.0726676512098237,0.06816627624438033,0.07220387318308163,0.07308596080257203,0.0724948711606457,0.07293136812699112,0.07278586913820974,0.07376798731248843,0.07783286531158566,0.07375889362568956,0.06951214189061349,0.07240393429265692,0.0720583741942996,0.07078525804245622,0.07016688734013322,0.06881192800709998,0.06592922929185666,0.06251000305547898,0.06383768132811443,0.05559880108833263,0.05524414730317594,0.05291616348266398,0.05102467662849761,0.0496424362350679,0.049351438257504286,0.047614544078918394,0.046386896361070455,0.04606861732310977,0.04640508373466779,0.043949788298971476,0.04652330166305319,0.04827838321523682,0.04932415719710765,0.050660929156542536,0.052397823335127075,0.05189767056118978,0.053270817267820174,0.052688821312692063,0.051461173594843694,0.0477600430677,0.04336779234384336,0.03547447220241832,0.030054634870287755,0.02166116195492449,0.01661416578154758,0.011667200162958908,0.0076386969110564945,0.0049196845581923375,0.0030372913908247906,0.0018278310465742328,9.184623666865547e-4,4.7287171354159254e-4,1.9096742277641238e-4
D-05-2950,21.2,20,0.032780527750685025,0.033646020232551296,0.0315738315019286,0.035768141221742634,0.035368683153188966,0.038040058986641596,0.03780704177998529,0.039155212761353204,0.04099438428531973,0.04302496280046752,0.044123472488990095,0.043183081619270015,0.04644532251245744,0.04759376445955005,0.04974085157802599,0.05277839730765281,0.05398509355640867,0.0560572822870298,0.05981052372281626,0.05957750651615996,0.059702337162582976,0.06398818935643942,0.06815753294696825,0.06950570392833748,0.06877336413598908,0.07367504751886633,0.07128662115063858,0.07166943513300252,0.07394967494099698,0.06816585499006372,0.07221036793416957,0.07362511526029647,0.07521462549141625,0.0750897948449939,0.075730592163298735,0.08035764812404533,0.07657111851587971,0.07746989917012545,0.07841029003984623,0.076155016361137,0.0784685443415096,0.0792508163924279,0.07916759596147921,0.08099012339925457,0.08205534491539841,0.08570872183404468,0.08242983685466747,0.08048247877046763,0.07848518842770004,0.08263788793203916,0.08344512611224061,0.0810983099594886,0.07900115509958114,0.07661272873135475,0.07410779375979948,0.0762632029213696,0.06920611037692223,0.06282310332315791,0.06519488560519586,0.06135010169536684,0.05797135219884992,0.05654828282962801,0.05295316021264456,0.05157170105889695,0.04738571338217835,0.047926646183344336,0.0407946552510429,0.039987417070840345,0.039280043407776924,0.03558505627365553,0.035177276162006686,0.034328427766330466,0.032397713768320804,0.0328637481816337,0.03240603581141596,0.033745884749689405,0.03451151271441757,0.035751497135552576,0.037299397151198344,0.038580991787808015,0.03883065308065405,0.038938839640886645,0.03656705735884996,0.03303851108662593,0.02972633793486847,0.026480741127869953,0.023135279803732606,0.01898258029939389,0.016053221130000357,0.013456743684401544,0.011168181833312847,0.009095993102690554,0.00642461726923809,0.0046270559607466035,0.0029293591693935334,0.0016976967913530402,9.82001085194423e-4,4.910005425972115e-4,2.246951635614358e-4,1.4147473261275588e-4
D-05-2951,37.5,25,0.021903525098570627,0.023530349415609157,0.023380325271097985,0.025522857584892658,0.025954177000361088,0.02894528338154432,0.028917153854448555,0.030093905737954275,0.031223775076301453,0.033385060408159556,0.03301937655591458,0.03371323822427684,0.03687312176803402,0.03747790660059366,0.03908597789956835,0.042203667152682534,0.04134571657626164,0.04229743224300101,0.04576205233029707,0.047576406827974045,0.04669032672445738,0.05079254942592296,0.051495787603317134,0.053727396752915116,0.05472130671029888,0.05879071163015319,0.05790463152663601,0.057853060726960434,0.05870163479434992,0.05734204098472118,0.060764466781372845,0.06211468408196911,0.06251787397034177,0.06329612421999188,0.06511047871766885,0.07057698348327959,0.06875794073108604,0.06838756862432512,0.06918457189203912,0.06547147431539786,0.06968152687073038,0.06949868494460852,0.07069887810069458,0.07160371122227445,0.07269607452449404,0.07634822479242713,0.07436978138669219,0.07482923032925572,0.07315552346705824,0.07962531469908467,0.08115837392580325,0.08203507752028871,0.08415885681601838,0.08489491277502503,0.08422918063375855,0.08809699060942573,0.0818194178125545,0.07577625774147986,0.07991598647907426,0.07728587569562004,0.07265388023384975,0.07083483748165746,0.06569182227764746,0.06096137347104321,0.05645596088120452,0.055372974088016995,0.04652154956188278,0.046057412364802215,0.044754077609365416,0.04359139048940704,0.04187548933656488,0.04190830711817698,0.04260685704105482,0.045152579243222114,0.04691536294122352,0.0496064210333848,0.05119105105978011,0.05335233639163774,0.05554643950510805,0.05892667101111606,0.06023469402106923,0.06510579046315174,0.06281323400484788,0.05823749759726977,0.05121449233235992,0.04507287891645077,0.03706065194867247,0.03205359612562658,0.026587091360015847,0.02251299818564558,0.017712225561301333,0.01381159780402139,0.010750167605098985,0.007430883407798469,0.004871096442083665,0.002892653036347996,0.001753407188969481,9.517156667401194e-4,4.688254515961179e-4,1.9690668967036953e-4
D-05-2952,33.1,85,0.025671973592616804,0.02714840679945219,0.026890171333617385,0.02952305032223306,0.029472525991961124,0.03257135158197304,0.031746120854198125,0.03313834684391303,0.0345193452046798,0.035928412637819276,0.03639997305369065,0.03507511283767107,0.03731502481305945,0.03930792895156415,0.04157590999932649,0.04456807311431988,0.04494981249859671,0.04818336963599958,0.04946893315069741,0.05084431769698893,0.04949700222307071,0.054038578133069566,0.05601464082814961,0.05711494846518333,0.05846787775357621,0.062111243347630074,0.05973098601037401,0.060056587249904245,0.06058989962499741,0.05833876002065905,0.06225720252397121,0.06407607841376024,0.06449150068488502,0.06653492915366156,0.06718051781824738,0.07157052073743092,0.06975725866211537,0.06928008443176932,0.07082388341230124,0.0669447376103117,0.07172209372824609,0.0733108032245753,0.07278310466395732,0.07285047043765258,0.07434935890238727,0.07974984842700876,0.07235645476388322,0.07212628837042155,0.07056003413199226,0.07368131497990281,0.07517458963016149,0.07491074034985319,0.07345676240091578,0.07292906384029847,0.07314238879033552,0.07745379830687314,0.07410235106550225,0.0690779871106816,0.07267082837446415,0.07190173579143583,0.0703579368109039,0.06965059618709746,0.06840432937372248,0.06575460894168393,0.06369995284395864,0.06578267801405664,0.056592863719040015,0.059253811780027976,0.056126917117643296,0.0535221072014014,0.050872386769361774,0.04758830530168656,0.046852895605505776,0.04440527249455476,0.04277165248242892,0.041789234949363166,0.04020052545303497,0.042030628971773516,0.04221027103496299,0.043057957020636535,0.04575820178294764,0.048447218916308564,0.04941279500595082,0.04789706509779282,0.047476029012193374,0.04521366177890569,0.041424337008509955,0.03595648171019257,0.030247232389464102,0.024908494824063144,0.019345204679675817,0.014388206498551432,0.01004311409516542,0.0066692115958952025,0.004373161475759565,0.0028518177531268543,0.0016055509397525489,8.701412435721856e-4,4.098084566501261e-4,2.919183526822816e-4
D-06-8664,35,45,0.022468943839640404,0.023188939126943982,0.02212349155532769,0.024330749835092078,0.02501074538421212,0.027134367847774187,0.027905271892765895,0.029057991620418073,0.030392528339814612,0.03206524466385323,0.03326523680935919,0.03314160125497372,0.03594885560749006,0.0368724859255468,0.03829065846114476,0.041476092156487857,0.04127245712573533,0.04267244796215819,0.04360335095988478,0.04542879355698779,0.04421425605214237,0.04888695273994544,0.04944694907451489,0.05106512030103094,0.05330146929947387,0.0564069035184499,0.05496327660400739,0.05686871867747745,0.057785076315864325,0.05575963502784366,0.0595487011357746,0.0604905131530045,0.060763238640619485,0.062101411699850916,0.06206141196166739,0.06734137740189361,0.06425412488209134,0.0653559358520559,0.06594138656547,0.0639304906367888,0.06741410419859034,0.06925045581519855,0.0687777316366659,0.07007954129754751,0.07145407775512769,0.07480678308287397,0.0739631522411856,0.07309406702065184,0.07001408718052053,0.07384315302663501,0.07478496504386478,0.07547223327265522,0.0758904123536642,0.07551586935067361,0.07466496582931484,0.07799948945788678,0.07387224374531394,0.0701122683560613,0.07338861054727669,0.0720395284685412,0.07114862520899826,0.0678104652405914,0.06534866317238616,0.06217413849654825,0.05812689226034178,0.058530525982011444,0.050966939125489545,0.050377852072240714,0.04872331744737689,0.047566961379889326,0.04650151380827301,0.04558515616988705,0.04579242754047404,0.04599969891106184,0.047988776800733844,0.049857855475854806,0.05285419949978529,0.05535963764600785,0.0584941625836633,0.06085778347632656,0.061970503465795725,0.0631341322129519,0.06318867731047602,0.061323234975189475,0.060388695637628775,0.056737810443422756,0.05211238617347158,0.04743241680599926,0.04182881712046991,0.03565431208086651,0.028159815681206554,0.02149440476389579,0.01589807775803655,0.01106174577766404,0.007367224505439628,0.004709060086152097,0.0023381665138191908,0.0013927181567538881,7.272679669733098e-4,4.399971200188524e-4
D-06-8665,31.9,55,0.020797854898932815,0.021544885287864603,0.02044086692546062,0.02165727039062425,0.023032335177330554,0.02524037190213779,0.025042045250208995,0.027600459060089937,0.029431675146232957,0.03135544366994226,0.032320633375995715,0.03356348039474949,0.0379597211791704,0.04108667139124839,0.04359880898234644,0.04687780962756916,0.04555563194804387,0.04783638844522414,0.047618229128103325,0.04864952771813305,0.04704308183750982,0.05183597592578854,0.05373991178430494,0.05501581324504732,0.055643847642821834,0.06013925175320782,0.05885012851567014,0.060106197311219155,0.061011889021694514,0.0579841021355816,0.06269766556308926,0.0643503876624953,0.0655998455696467,0.06660470060608649,0.06619482552543365,0.07065717519383151,0.07032663077394956,0.06975148348335607,0.0714042055827633,0.06921600152314894,0.07322219989210992,0.07330153055288208,0.07437910536169519,0.07640864809976584,0.07831919484668055,0.08171719148305984,0.07545006928211068,0.07677885785003291,0.0732816978876892,0.07784321088205146,0.07705651516273322,0.07668630541246682,0.07744655757819319,0.07463693000920263,0.07571450481801574,0.07588638791635335,0.07301065146338652,0.06757650120053697,0.06764261008451385,0.06585105932875708,0.06411239568018075,0.05912117493997335,0.05689330554997273,0.05376635533789592,0.051664092827450714,0.051657481939052625,0.04423345426851858,0.0448614886662927,0.04336081700003189,0.041522990025491736,0.04182709089178218,0.042104748204482866,0.041549433579081876,0.04325504278566986,0.04355253276356306,0.04584651103753903,0.04644810188172344,0.048021493320358113,0.04944944521424585,0.05157815127828157,0.05384568599866744,0.0545530510572125,0.057613892385314516,0.05811631990353413,0.05839397721623444,0.057673390380893155,0.056278492928992965,0.05198141547053678,0.04775705778445348,0.03942733840344415,0.032135528500862175,0.023349657820416207,0.01726102960620266,0.010584032324599948,0.006762938830771859,0.0040260310341544365,0.0020097100728784408,0.001057742143620232,5.354819602077425e-4,2.1815931712167286e-4
D-06-8681,21.6,2.5,0.025073836656537795,0.026665086513391893,0.025772921321682442,0.027404118873688148,0.028662471270949338,0.03236429102162247,0.031578653016983205,0.03289692695697054,0.033935567030901,0.03482107427341813,0.036418982079464084,0.03661872055521983,0.040300566458316665,0.04097301932669506,0.04266413842142703,0.04597313916978053,0.04518750116514127,0.04835002703127303,0.051599106236900665,0.053816203317789434,0.05309048685587689,0.057544654865229486,0.05954869757197877,0.061193211022368264,0.062484853165588744,0.06725860273615104,0.06486174102708152,0.06712544375231327,0.06792439765533685,0.06681252014029654,0.06995507215885359,0.06967543829279492,0.07092713274086425,0.07090050094409744,0.07260493593721314,0.07783142605282178,0.0759871741266764,0.07817098146160585,0.07903651485654811,0.07654644185879315,0.08349734081509232,0.08324433874580246,0.08587422867658642,0.08557462096295204,0.0852417235033599,0.09044158182220031,0.08751874212697539,0.08751208417778275,0.08149329810834376,0.08776508624707414,0.08811129960504997,0.08805137806232403,0.08893688530484038,0.0882977221824228,0.09004876281988149,0.0952086734435707,0.09031508078755582,0.08138011297208145,0.08209251353561099,0.07641994082414785,0.07036786500874817,0.06586043340586083,0.05837024056501989,0.052571166818911955,0.046379274070483874,0.042737375862537084,0.034641309645237955,0.03278374182070924,0.031046017081634555,0.02922839695225728,0.029494714919931345,0.030320300619722018,0.03168518020405266,0.03177173354354709,0.03320985056898845,0.03444822911867376,0.03543360559906908,0.03643229797784747,0.035087392241092454,0.036711931843905844,0.037244567779254494,0.03623255950209141,0.03576650305866198,0.03655214106330125,0.03635906053673736,0.03687172262451044,0.03521389327573713,0.03021377343265229,0.024201645312404377,0.01832267617599363,0.013329214282100018,0.00902817910415949,0.006118655307317641,0.0036885038522894154,0.0023968617090689343,0.001258352397261168,5.992154272672336e-4,2.6631796767432605e-4,1.0652718706973041e-4,6.657949191858151e-5
D-06-8685,2.2,95,0.017908309455587454,0.031041069723018257,0.03462273161413513,0.03223495702005742,0.021489971346704946,0.04059216809933157,0.0393982808022924,0.02865329512893942,0.044173829990449054,0.04536771728748822,0.04297994269340989,0.03581661891117491,0.0477554918815657,0.04894937917860571,0.0525310410697232,0.05372492836676237,0.05372492836676237,0.0644699140401137,0.05491881566380153,0.05850047755491902,0.0525310410697232,0.06446991404011428,0.06088825214899681,0.06805157593123233,0.07402101241642815,0.06805157593123233,0.0740210124164275,0.06208213944603597,0.05611270296084069,0.0823782234957023,0.07043935052531065,0.09789875835721056,0.06805157593123173,0.08834765998089811,0.08357211079274146,0.07999044890162396,0.08118433619866242,0.09789875835721056,0.07521489971346731,0.09789875835721142,0.08118433619866242,0.08715377268385895,0.08954154727793727,0.09789875835721056,0.09431709646609393,0.1122254059216804,0.09073543457497645,0.08715377268385818,0.06327602674307567,0.07640878701050648,0.07999044890162327,0.08476599808978062,0.07163323782234919,0.09431709646609393,0.09789875835721142,0.08954154727793649,0.08118433619866314,0.08834765998089733,0.09551098376313309,0.09312320916905477,0.09670487106017141,0.07521489971346731,0.06805157593123173,0.07640878701050648,0.060888252148997346,0.06446991404011428,0.065663801337154007,0.06208213944603597,0.07163323782234982,0.0393982808022924,0.04059216809933121,0.037010506208214076,0.03939828080229205,0.021489971346704946,0.031041069723018257,0.017908309455587298,0.007163323782234982,0.007163323782234919,0.005969436485195818,0.0023877745940783274,0,0,0,0,0,0,0.0011938872970391424,0,0,0,0,0,0,0,0,0,0,0,0,0
D-11-9404,36.1,15,0.02787555418814778,0.028995569193650025,0.02826688473223842,0.030530529517455815,0.03174163008063445,0.03489926274674922,0.0342684109213609,0.03493299813848059,0.03604963960481026,0.03737881403905088,0.03761158824200164,0.03567180321741191,0.03866075892486601,0.03962559112840177,0.04185550052188666,0.04583290320708892,0.04498614487461583,0.04574856472775811,0.047151957023809934,0.04778955592754465,0.04625796914291206,0.05081899410507738,0.05227973656707276,0.05266432003281798,0.054462416412133334,0.058314998147927205,0.05564315512275267,0.057380527796950416,0.057424383806202524,0.05453663427394372,0.05826102152115601,0.05927983035146174,0.060804670057747916,0.06221143589297267,0.06283216710084139,0.06751126593406914,0.06414110030004222,0.06566931354550161,0.06481580813468271,0.06069334326503288,0.06233963038155369,0.06310879731304375,0.062673610759701,0.06340904229945793,0.06470785488114032,0.06779801676379049,0.0649440026232643,0.0643705009638198,0.06171215209533914,0.06540617748999263,0.06510930604275049,0.06454255146165355,0.06220468881462571,0.06210685617860349,0.05999164711700738,0.06168853732112618,0.057063415114670175,0.05234383381136355,0.05317709798714431,0.05085947657515623,0.04818088647163536,0.0459509770781509,0.04388974464332559,0.04172055895495868,0.04106609235535797,0.043211663269512486,0.04238177263290579,0.047367863530894276,0.05149370193971774,0.054651334605832505,0.05647979283770615,0.056965582478647386,0.05756607245147639,0.05962393134712862,0.061297206777035596,0.0622822802156093,0.06523750053133266,0.068381639040754,0.07157975417694779,0.07847189470779443,0.0861129609350914,0.0955217616891432,0.1013849727721657,0.10053484090051941,0.08765466833724359,0.06787223462560149,0.05139249576452084,0.04028680480634888,0.03186645103004283,0.025706368499780474,0.019860025112625676,0.014563568610702142,0.010373632957588579,0.008140350024930484,0.0055663396357792366,0.00400101745941458,0.0028135316704484144,0.0016496606556945738,9.715792818814668e-4,4.925367192871325e-4
D-11-9423,58.1,30,0.023886294938090382,0.02525404336653154,0.024835766812252,0.026885799049764826,0.027660326357498367,0.03041808888647158,0.03034015903415342,0.03227091088546397,0.033361928817918766,0.03505571030197671,0.03597973569374917,0.03559803845790512,0.03880270483384505,0.03999868950615708,0.041352124288254084,0.04421326315193506,0.04325583925202625,0.04465221497315491,0.04526134014535683,0.047196863212116004,0.045821162757928094,0.04940593596456296,0.05064804238620545,0.051602285475816,0.052737834752452036,0.05652936062850287,0.05486579684228209,0.05602679260130771,0.05748042290781428,0.055688036304496626,0.05914080588373587,0.06028748799641681,0.06166159804545536,0.0629227893288906,0.06346511748481902,0.06749361372812303,0.0658125554852593,0.06698150327003168,0.06841604871474613,0.06511754843499386,0.06928122911599201,0.07013050546574563,0.07129627244021931,0.07112768949438755,0.07199127949048534,0.07611520004274969,0.07324610915332264,0.07298369230367921,0.06938778626099909,0.07302981405301101,0.07385205351522439,0.07451048124705603,0.0743116806033866,0.07461067677146509,0.07531681665777656,0.07884115446873587,0.07343377696094595,0.06927009627994656,0.07112609908923884,0.06937824383010299,0.06683518599629146,0.0633633315552606,0.05995191250990393,0.05636077768267175,0.05263127760744557,0.051882196782101174,0.044246661660071414,0.04469833672248647,0.04268488380340953,0.041286917677130726,0.04112787716219534,0.040898858820689284,0.04190240446992887,0.04228251130062394,0.04388723009631827,0.04579094506009004,0.048593238933245464,0.05091841126159497,0.05425826207523081,0.05749314614900908,0.05981195685676165,0.06209736905637675,0.06355577057833198,0.06443685503107198,0.06299276715546201,0.06179042086255327,0.058485558962202554,0.053345369519503805,0.046877191777096615,0.039521567961352026,0.03207370064694512,0.02462742373768713,0.017842755370559692,0.012199997900665246,0.00785819184293925,0.004838012464323168,0.002614626065531699,0.0013884236953827088,6.472948957855241e-4,2.751400908375815e-4
D-12-9368,43,15,0.029408112816383763,0.030867983309315814,0.030092897429047232,0.031966648731831686,0.03416774212968027,0.03683162952399957,0.035996342798662165,0.03694450610850397,0.038246349383129596,0.039454128837333693,0.04023297727041857,0.04059794489365159,0.04299845359079167,0.04441693600273929,0.046290687305523215,0.04994788864348701,0.04893576193575835,0.05113309278078918,0.05259672582653897,0.053018131742024514,0.05085842642516112,0.05496337154832782,0.0569951500694188,0.05875602478769816,0.060614725879214744,0.06503196288617924,0.061935381917923346,0.06341782772775639,0.06453154336154017,0.06205578360806262,0.06423806424182701,0.06616449128404606,0.06608171512207568,0.06661599762206685,0.06663857293896787,0.071338001407195,0.0693175105445539,0.06965237774525224,0.07029201172411483,0.06748890987557261,0.0703446874635499,0.0718722839071856,0.07321175270997893,0.07354661991067661,0.07413357815010355,0.0782121854035522,0.07501025295642613,0.07373098499870154,0.07019794790369395,0.07360682075574662,0.07256835617829947,0.07218457579098292,0.07030706193538155,0.06938899904807438,0.0683204340480932,0.06982169262200981,0.062386888255944115,0.0569951500694188,0.05565191871380914,0.05190817866105814,0.04700557234072149,0.04261467320347524,0.03877686933030302,0.03490520248177996,0.03305402649589705,0.03275302227054995,0.027876753819931845,0.03020953656636939,0.031161462429028956,0.03222626487619331,0.03496164077403218,0.038246349383129596,0.04124134142533004,0.0461288975343993,0.051204581284309957,0.05676563434759185,0.061235547093992544,0.06546841901293154,0.06861767572062318,0.07177069498113105,0.07365197138954864,0.07254201830858098,0.07163148052690815,0.06878322804456391,0.06450896804463915,0.05827065547432642,0.05327398533356836,0.04691903362593469,0.03924342587959092,0.031383453045222234,0.023147224929170023,0.01499001042227109,0.008977451020968738,0.005049345880192811,0.003074005651354342,0.0018135504577145244,9.255879929414542e-4,5.982458978767935e-4,2.93479119713144e-4,1.655523239407479e-4
D-12-9374,27.8,35,0.03294767414178939,0.033423796600485764,0.032528686378135996,0.036051992572489776,0.03747083749940498,0.039422939580060136,0.041289339618149935,0.042651049850020814,0.04387944579345823,0.04682188258820186,0.04823120506594313,0.047745560158072825,0.0517164214635997,0.05097367042803427,0.052192543922297004,0.05615388277865087,0.053135266390515835,0.05533495214969211,0.055772984811693765,0.05869637670808953,0.05526829500547561,0.06154358901109333,0.06054373184783094,0.06189591963052919,0.06687616054849331,0.07055182592962936,0.06809503404275544,0.07032328714945447,0.07103747083749966,0.06679045850592796,0.07280864638385019,0.0735894872161116,0.07634147502737663,0.07678903013855191,0.07916011998285988,0.08353092415369263,0.07920773222872882,0.080759891444079,0.08229300576108205,0.07774127505594466,0.08196924248916779,0.08332143027186623,0.08312145883921375,0.0843308098843018,0.0831405037375616,0.08853020997000383,0.08648288339761018,0.08573060991286914,0.08200733228586422,0.08272151597390878,0.08431176498595394,0.08161691186973319,0.08317859353425658,0.08249297719373452,0.07995048326429587,0.08317859353425658,0.07735085463981364,0.07093272389658582,0.07109460553254322,0.06622863400466623,0.06167690329952832,0.05810598485930602,0.053459029662428895,0.04783126220063818,0.04439365804885032,0.04340332333476147,0.03712802932914359,0.03609960481835909,0.033147645574441865,0.032166833309527326,0.031290767985525714,0.03034804551730716,0.02940532304908807,0.029424367947436185,0.02893872303956588,0.030071894491262994,0.03070037613674248,0.032223968004570606,0.03393800885587785,0.0348521639765749,0.03630909870018582,0.03529019663857494,0.03351902109222504,0.0327096129124412,0.02878636385278304,0.024996429081559867,0.02104461267437955,0.01597866971385046,0.013426653335237872,0.009474836928057931,0.006875208303575704,0.004237489882397692,0.0026948531162215017,0.0014283673760891354,6.951387896967125e-4,3.6185306860924115e-4,2.1901633100033407e-4,9.522449173927568e-6,4.7612245869637845e-5,9.522449173927568e-6
D-12-9388,20.2,2.5,0.024294899897705773,0.025066166561125,0.026223066556253383,0.02851657005536893,0.029653173559355164,0.03273824021303209,0.03162193320018847,0.033692175296734225,0.033570396349879156,0.03679753844155435,0.035518859499569844,0.036188643707276015,0.04008557000665668,0.04083654017893401,0.04471316998717278,0.048021498043418424,0.04794031207884798,0.048244759445986295,0.05092389627681185,0.0537045155633496,0.04974669979054039,0.058839527822429745,0.05739847695130435,0.0603211716758409,0.0606865085164079,0.06754672252261053,0.06431958043093476,0.06541559095263576,0.06576063130206074,0.06669426989462085,0.06969815058372733,0.07398071021481767,0.07357478039196545,0.07371685582996437,0.07649747511650214,0.08193693474272197,0.08211960316300475,0.08291116631756658,0.0845145891178336,0.08197752772500719,0.08788380664750632,0.08660512770552257,0.0870110575283748,0.08648334875866615,0.08118596457044536,0.08688927858151836,0.07946076282332339,0.07810089791676773,0.0782226768636241,0.07960283826132167,0.08266760842385525,0.08041469790702611,0.0804146979070254,0.0793186873853251,0.0827082014061412,0.0854888206926782,0.07976521019046255,0.07262084530826272,0.07493464529852106,0.06734375761118441,0.06407602253722343,0.059854352379560834,0.05244613311250723,0.04310974718690648,0.03655398054784302,0.033245652491597076,0.02638543848539474,0.026750775325961505,0.024031045512851824,0.0218390244694498,0.02123012973517127,0.0218390244694498,0.023219185867147166,0.025066166561125,0.026649292870248687,0.029348726192215735,0.03178430512932936,0.03352980336759363,0.037528212122688365,0.04065387175865051,0.04294737525776559,0.047148748924285305,0.05068033838310051,0.05151249451994758,0.05208079627194069,0.05443518924448361,0.05189812785165627,0.04678341208371913,0.039395489307808604,0.03328624547388259,0.025411206910549395,0.020073229740042258,0.0139639859061166,0.010554175394157896,0.007205254355627025,0.004850861383084023,0.0029835841979638667,0.0014816438534106277,5.885982431357287e-4,4.465228051374494e-4
E-04-6267,10.4,100,0.02171017240054315,0.02510438814458087,0.023951635627737448,0.02740989317826687,0.02657734969388026,0.029267105566513924,0.028306478469144757,0.031188359761251703,0.03195686143914759,0.032725363117042924,0.03576734892537861,0.03717626866818673,0.04015421267003043,0.04076260983169828,0.046974665061352214,0.04665445602889583,0.048223480287932136,0.050048671772932665,0.0486077311268798,0.050048671772933546,0.046974665061352214,0.048479647513896815,0.05008069267617874,0.05081717345082888,0.05283449035530413,0.055011911776007574,0.05305863667802313,0.055652329840919855,0.05760560493890432,0.05382713835591894,0.0582460230038171,0.05872633655250116,0.06285703307118853,0.06324128391013677,0.06461818274969923,0.06964546455926453,0.06929323462356189,0.07640187514409366,0.07595358249865539,0.0729115966903197,0.07480082998181173,0.07803494120962191,0.07611368701488358,0.07620974972461983,0.07582549888567283,0.07816302482260377,0.07473678817532112,0.07329584752926671,0.07095832159233573,0.07284755488382842,0.07633783333760238,0.07781079488690244,0.081333094243922,0.08479135179445171,0.08203755411532677,0.09132361605656124,0.08373466198734564,0.07662602146681313,0.08341445295488925,0.07973204908164078,0.07825908753234069,0.08107692701795761,0.07841919204856888,0.08367062018085436,0.08315828572892414,0.08533570714962682,0.07739452314470914,0.07464072546558354,0.07044598714040551,0.06388170197504954,0.05581243435714805,0.049184107385301296,0.04582191254450881,0.03864923021748611,0.03647180879678267,0.03451853369879839,0.030996234341778423,0.02913902195353111,0.029619335502215953,0.029843481824935424,0.030868150728795868,0.03368599021441149,0.03976996183108347,0.04947229551451205,0.05642083151881568,0.04569382893152666,0.032661321310551064,0.023119092143351262,0.015113866331941546,0.009478187360709104,0.007204703230268745,0.005251428132284681,0.0032661321310551643,0.0023055050336859982,0.0013128570330711935,5.123344519302128e-4,2.881881292107498e-4,1.2808361298255548e-4,9.606270973691659e-5,3.202090324563887e-5
E-04-6270,33.6,60,0.0198376916140668,0.019755717681777266,0.01971473071563215,0.024469218788425368,0.025698827772768353,0.027727682596934273,0.028383474055250532,0.030268874497909236,0.033650299204852976,0.03207230100827948,0.03506434953684741,0.03594556930895988,0.03947044839740906,0.04053610951717369,0.04131486187392424,0.04420444298713025,0.0443888843347817,0.0430977949012208,0.045864415115993276,0.04836462005082401,0.045987376014427574,0.05359045823428121,0.05318058857283355,0.056357078449053404,0.05576276743995429,0.06123452742028057,0.056705467661283405,0.05725879170423775,0.05990245102057567,0.05816050495942311,0.06100909910648435,0.0644929912287889,0.0654561849331909,0.06637839167144871,0.06926797278465473,0.07217804738093313,0.07068202311664852,0.0743093696204603,0.07422739568817142,0.07131732109189304,0.07560045905402042,0.07707598983523267,0.0763177309615545,0.0747807197311251,0.07297729322075606,0.07867448151487785,0.0733051889499142,0.07377653906057834,0.07172719075334069,0.074739732764981,0.0757439134355271,0.07541601770636965,0.07652266579227765,0.07568243298631062,0.07676858758914692,0.0817280104926629,0.07572341995245539,0.07004672514140466,0.07287482580539414,0.06957537503074047,0.06850971391097595,0.0662759242560868,0.06250512337076776,0.05969751618985184,0.05186900565620151,0.05215591441921441,0.04404049512255118,0.04244200344290493,0.041745225018444285,0.03832281334535632,0.03813837199770453,0.03559718009672937,0.036130010656611006,0.03674481514878282,0.040433642101811766,0.040700057381752384,0.042155094679891945,0.0471350110664806,0.050803344536437596,0.05178703172391198,0.054820067218624674,0.05527092384621612,0.05754570046725162,0.058119517993278344,0.05707435035658681,0.057771128781047835,0.05184851217312821,0.0516435773424053,0.04483974096237413,0.03774899581932959,0.028608902369046747,0.022850233625706703,0.01643577342405121,0.012644479055660345,0.008627756373473267,0.004959422903516611,0.002930568079350777,0.0014345438150668139,8.812197721124714e-4,4.098696614476611e-4
E-04-6273,13.2,55,0.03080163222324613,0.033987100171120305,0.032855074371461956,0.03656706594708451,0.03793602737922878,0.04138475714097685,0.04354350401474282,0.04483348690272412,0.04641305778596831,0.0479926286692117,0.05128340134263544,0.047782019218112586,0.0535737791233374,0.05362643148611313,0.05436356456496005,0.05902329867052805,0.05823351322890636,0.056390680531788064,0.059470843754113684,0.06033960773989755,0.057601684875609,0.06510464657101453,0.06750032907726698,0.06839541924443884,0.07205475845728604,0.07616164275371885,0.07321311043833052,0.07545083585625864,0.07766223509280007,0.0752402264051602,0.07874160852968305,0.07950506778991664,0.07687244965117769,0.07908384888771912,0.07789917072528658,0.08300644991444021,0.07742529946031286,0.07795182308806066,0.08108463867316075,0.07595103330261974,0.07605633802816861,0.07805712781361092,0.07555614058180889,0.07439778860076306,0.07624062129788102,0.08184809793339433,0.07753060418586312,0.07800447545083544,0.07121232065288956,0.07637225220481797,0.08005791759905183,0.07871528234829567,0.0793997630643671,0.07892589179939478,0.08387521390022408,0.0829274713702773,0.0791628274318813,0.07500329077267302,0.07789917072528658,0.0744767671449259,0.07152823482953759,0.07005396867184441,0.06673686981703268,0.06318283532973565,0.057654337238383785,0.05644333289456334,0.04704488613926567,0.04738712649730131,0.04091088587600383,0.03825194155587746,0.036172173226273335,0.03180202711596695,0.02703698828484914,0.022851125444254394,0.022587863630380494,0.021139923654073862,0.02187705673292097,0.02124522837962342,0.021060945109911883,0.02214031854679487,0.021166249835461445,0.02103461892852412,0.02161379491904707,0.02029748584967758,0.019007502961695476,0.01803343425036205,0.013768592865604648,0.01266289324733452,0.010662103461892891,0.0090825325786495,0.007897854416216956,0.0051599315519283194,0.004264841384757157,0.002869553771225494,0.0018954850598920695,7.108068974595134e-4,3.9489272081084784e-4,2.369356324865087e-4,1.0530472554955942e-4,0
E-04-6274,15.6,40,0.02957600827300941,0.028042054463978037,0.02724922440537707,0.03317821440882466,0.03350568769389877,0.03679765598069644,0.03740089624267507,0.039365735953119055,0.03988279903481572,0.04451913133402291,0.04719062392278541,0.04736297828335073,0.05077559462254323,0.05120648052395744,0.05165460186142728,0.05382626680455035,0.05158566011720114,0.05275766976904441,0.05846259910375753,0.059083074801792694,0.057083764219234945,0.06420199931058222,0.06708031713202309,0.06971733884867312,0.07076870044812159,0.07786970010341289,0.07276801103067869,0.07590486039296754,0.07838676318510886,0.07428472940365417,0.08129955187866282,0.07973112719751768,0.07940365391244357,0.08260944501895927,0.08217855911754596,0.08500517063081726,0.08166149603584928,0.08669424336435666,0.08391933815925573,0.07950706652878346,0.08372974836263314,0.08248879696656354,0.08216132368148943,0.08150637711134048,0.08128231644260628,0.08671147880041319,0.08304033092037258,0.08340227507755903,0.08005860048259249,0.08416063426404717,0.08550499827645594,0.08740089624267525,0.08543605653222981,0.08414339882799064,0.08388486728714266,0.08905549810410157,0.07907618062737015,0.07414684591520126,0.07281971733884893,0.06721820062047594,0.06404688038607342,0.0573250603240264,0.05211995863495319,0.04781109962082057,0.04379524301964855,0.042364701826956,0.034039986211651274,0.034039986211650976,0.03371251292657716,0.032368148914167644,0.029593243709065683,0.030265425715270702,0.02537056187521531,0.026370217166494406,0.026680455015511986,0.02480179248534975,0.025542916235780855,0.026146156497759254,0.026197862805929083,0.026835573940020778,0.028024819027921505,0.029317476732160907,0.02947259565667022,0.029024474319200376,0.027094105480868762,0.023026542571527142,0.019924164081350976,0.015770423991727046,0.013322992071699461,0.01030679076180631,0.007359531196139288,0.005911754567390471,0.0040330920372285564,0.002895553257497425,0.0015856601172009707,0.001378834884522559,8.445363667700823e-4,2.930024129610489e-4,1.551189245087906e-4,1.0341261633919374e-4
E-04-6275,11.3,65,0.02671799586302009,0.027196812993181742,0.025728440460685557,0.02799484154345116,0.028984396945785237,0.03358104139533708,0.03281493398707844,0.038688424117060666,0.04264664572639766,0.04255088230036533,0.04140172118797737,0.03805000127684582,0.04347659541867708,0.04679639418779863,0.04871166270844523,0.05343599172604018,0.048552056998391345,0.04947777011670299,0.054393625986363485,0.054776679690492804,0.05509589111060057,0.06004366812227042,0.06033095840036741,0.06607676396230776,0.06722592507469571,0.07335478434076484,0.07067340841185896,0.06834316504507229,0.07140759467810746,0.06767282106284658,0.07456778773717435,0.07044996041778352,0.07408897060701204,0.07514236829336833,0.07827064021042444,0.0876554559615928,0.08318649608008331,0.08503792231670834,0.08318649608008406,0.08159043897954522,0.08264383666590011,0.0862828468551294,0.08155851783753444,0.08449526290252515,0.08369723435225648,0.08771929824561356,0.08385684006231037,0.08398452463035272,0.07705763681401494,0.08187772925764221,0.08302689037002943,0.08098393728134047,0.08427181490844972,0.08976225133430406,0.08823003651778677,0.09228402155315459,0.08609132000306474,0.08216501953573847,0.08564442401491386,0.08305881151204095,0.0782067979264022,0.07392936489695882,0.07163104267218226,0.06566178911616766,0.06163972522280979,0.05359559743609359,0.046764473045787854,0.0419443806021602,0.03887995096912601,0.0339640950994664,0.031825378584744074,0.030548532904313294,0.02751602441328926,0.02499425419443815,0.023493960519931644,0.023302433667866777,0.022440562833576014,0.023015143389769788,0.023813171940039412,0.022791695395694558,0.025696519318675237,0.022217114839500184,0.023078985673791547,0.02228095712352213,0.021865982277382033,0.02250440511759757,0.02074874230700448,0.01726933782783019,0.015130621313108153,0.012321560816159803,0.009480579177200677,0.006416149544166001,0.004500881023519514,0.00395822160933631,0.0020429530886897085,0.0011491611123879404,7.341862662478639e-4,2.872902780969902e-4,2.5536913608621356e-4,3.1921142010776695e-5
E-04-6280,10.6,60,0.026613278523229755,0.027485845032188108,0.026758706274722335,0.025449856511285285,0.026516326688901047,0.03243038858295211,0.03267276816877387,0.03276972000310199,0.03339990692623916,0.03577522686729245,0.036938648879236924,0.036550841541922105,0.03950787248894693,0.041737764678507865,0.04217404793298704,0.044113084619561156,0.049057628170325156,0.04983324284495392,0.051869231365857624,0.051529899945707155,0.05206313503451504,0.0582680524315517,0.05797719692856559,0.06272783681067268,0.061515938881563856,0.06660591018382092,0.06665438610098467,0.06747847669277868,0.07029007988831174,0.06820561545024456,0.07242302024354326,0.07024160397114676,0.07213216474055652,0.07416815326145997,0.07411967734429561,0.07668890095400632,0.07833708213759363,0.07988831148685291,0.0806154502443189,0.0812456371674555,0.08507523462343863,0.08565694562941162,0.08260296284805738,0.08333010160552194,0.08560846971224725,0.09394632746451513,0.0855599937950829,0.08623865663538309,0.08366943302567315,0.09215271852943491,0.09685488249437628,0.09932715426975913,0.09927867835259391,0.09656402699139102,0.09733964166602067,0.09719421391452675,0.09491584580780302,0.08730512681299885,0.09273442953540714,0.08488133095478197,0.08376638486000111,0.08269991468238609,0.07780384704878575,0.06990227255099692,0.06195222213604303,0.06180679438454943,0.052984177460637744,0.04823353757853073,0.04246490343597316,0.03950787248894763,0.03611455828744261,0.0339816179322114,0.028891646629954085,0.02603156751725752,0.023607771659039874,0.02215349414410909,0.02103854804932917,0.017839137516481716,0.019293415031412464,0.01856627627394717,0.017742185682153168,0.016772667338865812,0.019051035445590697,0.017499806096331404,0.01808151710230364,0.019341890948576815,0.016627239587372757,0.015657721244085994,0.013136973551539642,0.011634220119444701,0.007659194911967762,0.00494454355076391,0.003053982781354234,0.00232684402388894,0.0013088497634375289,8.72566508958337e-4,3.3933142015047047e-4,9.695183432870584e-5,9.695183432870584e-5,4.847591716435292e-5
E-04-6283,11.2,20,0.030236747297992903,0.030604367325932025,0.030328652304977145,0.033866995073891744,0.03395890008087653,0.03878391294757752,0.03749724284979059,0.0398408205279018,0.0408058231012427,0.041908683185060074,0.04347106830380135,0.04223035070950681,0.0491232262333645,0.04907727372987298,0.052202043967355526,0.05730277185501086,0.057210866848026086,0.05629181677817728,0.05854348944930541,0.060657304609955366,0.05854348944930541,0.06566612749062534,0.0640577898683917,0.06479302992427051,0.0667689875744433,0.07458091316814967,0.06975590030144806,0.07334019557385447,0.07655687081832245,0.07265090802146927,0.07981949856628218,0.07637306080435222,0.07720020586721524,0.07798139842658657,0.0753621057275203,0.08367950885964297,0.08299022130725638,0.07775163590912391,0.08128997867803867,0.07701639585324636,0.08027902360120537,0.07931402102786589,0.07867068597897242,0.07940592603484996,0.07945187853834305,0.0879990441879269,0.08299022130725711,0.08625284905521607,0.08207117123740931,0.09002095434159285,0.0874935666495106,0.09438644217336994,0.09218072200573439,0.09934931255054812,0.09424858466289276,0.1003602676273798,0.09185905448128846,0.08482832144695199,0.08749356664951138,0.08312807881773429,0.07784354091610869,0.06906661274906281,0.06391993235791452,0.055188956694360906,0.04668774354826868,0.04025439305933366,0.03244246746562764,0.029547459745606786,0.027525549591941867,0.026009116976692982,0.02187339166237765,0.025090066906845173,0.02104624659951463,0.020081244026174616,0.020632674068083303,0.01764576134107777,0.019667671494743105,0.01989743401220488,0.017829571355047487,0.018335048893463782,0.019943386515697447,0.018702668921402574,0.01939195647378876,0.019667671494743105,0.019713623998235494,0.017002426292184458,0.019851481508712313,0.018610763914418123,0.016588853760752944,0.016680758767737724,0.012407175942945416,0.010615028306742002,0.0068469230203661744,0.004733107859716214,0.002757150209543426,0.002159767664142312,8.271450628630278e-4,8.271450628630278e-4,1.378575104771713e-4,4.595250349239043e-5
E-04-6293,16.1,65,0.025157017438776123,0.026483322779936088,0.027103691407252366,0.029970222305888902,0.029756302089572778,0.030355278695257924,0.02905036537572957,0.029114541440623892,0.030483630825047597,0.030718943062995333,0.03255865692331399,0.03215220851231336,0.03613112453579262,0.03705098146595259,0.03904043947769254,0.0419283623979602,0.04391782040970015,0.044987421491279975,0.048452928995601975,0.05010011466123612,0.04896633751476067,0.05397207057655748,0.0548919275067168,0.056881385518457235,0.060667773347252624,0.0632348159430461,0.0606891653688837,0.06160902229904302,0.06248609518593967,0.060967261650095195,0.06396214467852093,0.06601577875515513,0.06563072236578611,0.06879674156726531,0.0673848681395789,0.0722408570499549,0.07025139903821433,0.07057227936268852,0.07262591343932392,0.07005887084353045,0.07390943473722002,0.07577054061917095,0.07557801242448643,0.07549244433795932,0.07589889274896061,0.07932161621001789,0.0762197730734348,0.07382386665069357,0.07472233155922194,0.07793113480396378,0.08043400133486173,0.07994198483733535,0.08131107422175782,0.0833219242551301,0.08963257063645574,0.09528006434720056,0.09252049355672341,0.09157924460493165,0.09887392398131228,0.09707699416425684,0.0967561138397818,0.08963257063645574,0.08573922269950154,0.07602724487875029,0.07247616928790264,0.06770574846405249,0.0549133195283489,0.05144781202402725,0.05018568274776257,0.044388444885595624,0.040837369294747614,0.0370723734875842,0.03889069532627091,0.033264593637157204,0.033072065442472695,0.03204524840415501,0.032665617031472055,0.032152208512313075,0.03129652764704887,0.0313607037119437,0.032473088836787546,0.03388496226447336,0.03540379580031844,0.03557493197337134,0.03621669262231971,0.03484760323789652,0.03296510533431404,0.03022692656546825,0.02276111101603554,0.017070833262026654,0.013498365649547393,0.009391097496277655,0.006973799051905626,0.00464206869405988,0.003294371331268302,0.0016685776872657338,0.0013690893844231903,5.134085191586964e-4,1.711361730528988e-4,6.417606489483705e-5
E-04-6296,11.3,70,0.026154716784440552,0.02743918330267998,0.027159951450888314,0.029337959894860006,0.03214889386955789,0.035034289671400085,0.03533213697997734,0.037175067201798466,0.03762183816466502,0.03855261100396896,0.04214539416368214,0.04141939134902507,0.04424894078050824,0.04423032532372295,0.0483815721870185,0.051434507099935405,0.05016865603848205,0.051266967988859775,0.054394364728921916,0.0551017520867929,0.056628219543251354,0.058713150703291646,0.06070500457940205,0.06064915820904435,0.05966253899938218,0.06306916759123458,0.061728854702636365,0.061189006455840085,0.06359040038124479,0.06135654556691534,0.06379517040589165,0.06431640319590128,0.06640133435594207,0.06856072734312779,0.07246997326820431,0.07481552082325023,0.07677014378578781,0.0776450702547335,0.08133093069837777,0.07468521262574768,0.08365786279663685,0.08207554896982092,0.08434663469772252,0.08641295040097648,0.08319247637698564,0.08948450077067943,0.08363924733985152,0.08157293163659607,0.08023261874799913,0.0851470993395239,0.08699002956134491,0.08909357617817258,0.0910668145974961,0.0924815893132389,0.09142050827643242,0.1004303893608936,0.09529252328793679,0.09075035183213277,0.09140189281964634,0.08739956961063942,0.08071662062443645,0.07831522669903303,0.07178120136711877,0.06885857465170506,0.06338563035659792,0.06083531277690459,0.04834434127344634,0.04836295673023199,0.04173585411438841,0.038720150115043664,0.03320997490636408,0.030305963647736096,0.029244882610929352,0.026080254957296236,0.023529937377603456,0.021426390760776372,0.021966239007572847,0.021035466168268725,0.020179155156109293,0.022133778118647557,0.02416286290833013,0.02732749056196302,0.031218121030253954,0.034140747745668304,0.03410351683209615,0.030603810956313357,0.023623014661533426,0.017293759354267097,0.01273297244167782,0.00806049278837207,0.005733560690112234,0.0037230913572156702,0.0016753911107470815,0.0013589283453837439,4.840018764380458e-4,3.1646276536333195e-4,2.7923185179118024e-4,5.584637035823605e-5,1.8615456786078682e-5,0
E-04-6300,14.9,45,0.02145479964291136,0.02168640199430687,0.01979147366470689,0.021770621031177967,0.021875894827266835,0.025749970523337187,0.02737118698310576,0.029308224831140414,0.028971348683656556,0.031097879364651696,0.030908386531691735,0.03012936044063411,0.03623524061378783,0.03848809985009025,0.04071990432717426,0.04343596826626706,0.043920227728275855,0.04490980141151042,0.045078239485253406,0.046278360760666507,0.04829961764557278,0.0513525577321495,0.05328959558018466,0.05604776903771348,0.06038504943657486,0.06345904428236981,0.06284845626505382,0.06495393218683117,0.06657514864660032,0.06333271572706317,0.07251259074601249,0.07177567417338977,0.07489177853762025,0.072744193097408,0.0766603783119139,0.0820925061900995,0.07615506409068666,0.07828159477168177,0.0790606208627401,0.07722885681079379,0.08221883474540542,0.08329262746551261,0.08356633933534366,0.08085027539625014,0.08792467449342281,0.09097761457999919,0.0915250383196621,0.09226195489228337,0.08996698613754685,0.09411477370344827,0.09657818053192692,0.10251562263133995,0.1007259680978283,0.10396840101736633,0.10573700079165932,0.11133756674358614,0.10333675824083313,0.09786252084421111,0.10398945577658411,0.09417793798110159,0.09238828344759001,0.08453485825936125,0.07708147349626869,0.06718573666391575,0.06265896343209441,0.058511175866192484,0.04554144418804443,0.04213057319476472,0.03998298775455218,0.03522461217133534,0.032929643416597716,0.030045141403763014,0.028150213074163134,0.02570786100490164,0.023455001768599857,0.022149606697097694,0.022296990011622306,0.022823358992066445,0.021307416328386945,0.022528592363017817,0.02414980882278639,0.023981370749043773,0.02404453502669752,0.02339183749094654,0.023833987434519786,0.022760194714413328,0.02177062103117758,0.018507133352423048,0.015601576580370282,0.013580319695464011,0.010506324849669057,0.008190301335713808,0.00557951119271002,0.004189897084336958,0.0025686806245683864,0.0015791069413329966,6.105880173154362e-4,3.1582138826660494e-4,1.2632855530664197e-4,2.105475921777366e-5
E-04-6314,13.7,80,0.027360084009691577,0.028815071136218527,0.027644755404011578,0.03183575093150817,0.03422382762830784,0.037197062191210745,0.03604256153646653,0.035457403670362674,0.03710217172643725,0.03844645331072845,0.04099268078215062,0.03898416594444493,0.042669078993148306,0.04407662088728926,0.0458162794081367,0.048947664745662096,0.049991459858170564,0.04972260354131144,0.05416664030820442,0.056159340068447854,0.05375544829418594,0.0609829386944334,0.06152065132814988,0.06457296127836457,0.06120434977890543,0.0650632286796943,0.06417758434180776,0.06253281628573383,0.0636873169404786,0.057361285955578815,0.06232722027872514,0.06275422737020532,0.06373476217286478,0.06302308368706412,0.06610702379220276,0.07105714303788685,0.06854254572138858,0.07047198517178299,0.07466298069927972,0.07225908892501781,0.07667149553698473,0.07722502324816415,0.07896468176901159,0.08010336734629284,0.08195373140937673,0.08930774242932195,0.08378828039499767,0.08037222366315107,0.07556444011462794,0.07936005870556782,0.0809890116841788,0.07936005870556782,0.0821118821839985,0.08252307419801772,0.08206443695161247,0.08956078366871793,0.08345616376829043,0.08021407288852858,0.08555956907076961,0.08619217216925959,0.08606565154956083,0.08306078683173419,0.08157416955028202,0.0754221044174677,0.07222745877009332,0.070408724861934,0.05979680788476523,0.0609513085395089,0.05536858619533538,0.05261676271690397,0.04766664347121947,0.04317516147194104,0.03914231671906708,0.03458757440993958,0.03490387595918457,0.030285873340207457,0.028008502185643804,0.026426994439418622,0.024450109756637674,0.024149623284854933,0.02539901440437264,0.025177603319900703,0.026727480911201598,0.028815071136218527,0.029479304389633004,0.024023102665156938,0.020464710236150447,0.017017023349380427,0.013885638011855031,0.009568121864660927,0.006990264238314264,0.004301701069731778,0.0027676385558936564,0.0018503640630831875,0.0011386855772819616,6.642332534144658e-4,2.846713943204904e-4,1.897809295469936e-4,1.2652061969799572e-4,4.74452323867484e-5
E-04-6316,12.3,99,0.02174202515000965,0.020805765693789138,0.019703060112017962,0.022553450012067423,0.023198428748574886,0.025383034146422744,0.02552867450627927,0.026090430180011115,0.02821261828077807,0.03033480638154456,0.03281069249910547,0.032665052139248946,0.03730473788896326,0.03757521284298318,0.03817858004810307,0.041736365981741005,0.04121622183939628,0.045481403806622245,0.04568946146356094,0.04571026722925473,0.04616799407451809,0.047624397673082915,0.05087009712131399,0.05380371008413871,0.05471916377466543,0.05904676303897357,0.05902595727327926,0.06206359906457245,0.05973335330686861,0.05833936700538474,0.061689095282084785,0.06239649131567307,0.06312469311495568,0.061897152939022676,0.06426901022811464,0.07113491290706506,0.06734826355079485,0.06863822102380976,0.06738987508218301,0.06620394643763704,0.07069799182749487,0.07096846678151474,0.07369402208740113,0.07479672766917128,0.07535848334290425,0.08101765161161419,0.07829209630572852,0.07710616766118186,0.07427658352682721,0.08245324944448634,0.08282775322697382,0.08372240115180749,0.08621909303506142,0.08534525087592304,0.08420093376276463,0.09100441914463288,0.08642715069200008,0.08399287610582601,0.0886741733869293,0.08632312186353112,0.08690568330295646,0.09027621734535106,0.08501235862482166,0.08646876222338765,0.08445060295109011,0.08642715069199931,0.080809593954677,0.08353514926056264,0.07964447107582481,0.08249486097587393,0.07381885668156321,0.07282017992826198,0.06603750031208613,0.06048236087184502,0.0534292063016505,0.0451901230869096,0.03955176058389315,0.03532819014805364,0.031187842774989916,0.027754891435514708,0.026381710899724624,0.02430113433034528,0.022990371091636996,0.02122188100766492,0.018829217952879167,0.015229820487853648,0.013586164998044065,0.010673357800913826,0.008530363934453545,0.006366564302299475,0.00530547025191623,0.0033705340423937804,0.002746361071580166,0.0020805765693789136,0.0010194825189956676,4.1611531387577536e-4,4.1611531387578273e-4,6.241729708136741e-5,2.0805765693789136e-5,2.0805765693789136e-5
E-05-4532,48.8,15,0.021209611669247903,0.022141078713783274,0.021504040907462725,0.023722966711830412,0.02456610498490122,0.02647989503330004,0.02708481328636037,0.028152788432249557,0.029472366745341833,0.030947189565856167,0.032288180914454505,0.0318599202043233,0.03559381827077911,0.03705793457354079,0.03858361335338321,0.04294919596728317,0.043572850626411745,0.044324983498578885,0.04665365110991809,0.04830513147336155,0.0470551455256661,0.05198549695105113,0.05308291502076233,0.05457379761790706,0.05598170470246339,0.0603794068696232,0.05891529056686162,0.06026698843321322,0.060952205569423684,0.05926325239384375,0.06294629450097211,0.06375195996190587,0.06526693222399499,0.06563363045704541,0.06657045076045742,0.07165069343438885,0.06864216194571651,0.06951474314260885,0.07066301717164875,0.06797300458613711,0.07171225591146957,0.07196385907867228,0.07225561168744916,0.07378664372616757,0.07433802939046215,0.07760084067577358,0.07448524400956975,0.07419616803023053,0.07084235134401619,0.07432196961383222,0.07485461887205724,0.07439423860866687,0.07321116839692876,0.07248847844858301,0.07182199771844132,0.07434605927877645,0.06951206651317114,0.06447732653969059,0.06566842663974358,0.06201750408587506,0.058500413003922024,0.05536072667277315,0.051359165662484246,0.04733886824612802,0.043066967662569254,0.04182501160318839,0.03569285355999758,0.03475603325658526,0.03421803073948324,0.03455528604871157,0.03519767711390806,0.035623261194601255,0.03795728206481599,0.04004505302670595,0.04331589420033302,0.04617721106989672,0.05037684265862125,0.05418300971991186,0.05742708459915621,0.06157586022855226,0.06406244897675156,0.06691038269912288,0.0699215908172341,0.06998850655319211,0.07070584324266187,0.0697208436093601,0.06777761063713855,0.061417939091691374,0.056136949209885954,0.047654710519849784,0.03872279808417585,0.029600844958380668,0.021466568095326627,0.014515361444009514,0.009796463744251305,0.006113421637122836,0.0036348627772385986,0.001969999266603541,0.0010144425571232908,4.817932988976051e-4
E-05-4537,4.9,90,0.02560853736883441,0.024537797130416247,0.024983938896423374,0.027125419373260143,0.027393104432864683,0.0307837818545222,0.031051466914126743,0.030426868441715608,0.03738667999143421,0.03756513669783724,0.041758869298308375,0.04238346777071897,0.04639874366478627,0.05246627168249001,0.0523770433292885,0.05362624027410969,0.05710614604896872,0.05228781497608606,0.05318009850810212,0.05915839817260354,0.052020129916482444,0.055678492397744014,0.05871225640659545,0.0576415161681778,0.05523235063173693,0.06656435148832916,0.05880148475979696,0.05532157898493796,0.06031836676422321,0.06049682347062624,0.06629666642872463,0.06790277678635127,0.07245342279962842,0.07298879291883814,0.07673638375330172,0.08325005353701222,0.07861017917053281,0.08637304589906443,0.09395745592119385,0.0969019915768438,0.09244057391676731,0.08681918766507275,0.08539153401384854,0.09056677849953554,0.08423156542222886,0.08842529802269923,0.08289314012420616,0.083339281890213,0.0838746520094228,0.08690841601827427,0.08851452637590074,0.0929759440359772,0.10020344064529893,0.10421871653936791,0.10582482689699516,0.10243414947533674,0.09841887358126952,0.08815761296309468,0.08342851024341524,0.0877114711970879,0.08414233706902662,0.08360696694981827,0.07745021057891315,0.07486258833606993,0.06825969019915792,0.06192447712184991,0.055767720750946013,0.05148475979727291,0.04247269612392049,0.037475908344635725,0.03372831751017186,0.024270112070811707,0.020879434649154007,0.018291812406310292,0.017399528874295158,0.014008851452637517,0.01231351274180888,0.013205796273823902,0.011332000856592231,0.013384252980227045,0.014187308159040667,0.016685702048682752,0.018381040759511805,0.021771718181169325,0.028642301377685874,0.0248947105432223,0.017756442287100896,0.009636662145763471,0.007584410022128658,0.006335213077307468,0.004372189306874168,0.0035691341280604818,0.0036583624812620585,0.0021414804768363272,8.922835320151363e-4,0.0010707402384181445,6.245984724105954e-4,5.353701192090818e-4,3.569134128060545e-4,0
E-05-4540,9.9,35,0.023432156769455016,0.021618246156591112,0.023194266853013436,0.0261381545689733,0.028279163816943807,0.028457581254274684,0.029736239555145958,0.030628326741799796,0.03238276487555395,0.034702191560855335,0.03815159534925226,0.03722977192304274,0.03916262749412654,0.04210651521008668,0.04466383181182923,0.04760771952778868,0.05061107972285842,0.05087870587885383,0.0526034077730532,0.05194921050283999,0.050967914597520175,0.055933866603229056,0.05810461209075469,0.06176216955603816,0.06301109161735428,0.06848255969550114,0.06619286924975432,0.06967200927770636,0.07270510571233187,0.06836361473728056,0.07454875256475092,0.07555978470962521,0.07779000267626114,0.07680870677094201,0.08100151654821759,0.08510511760682773,0.08287489964019105,0.08138808766243377,0.08430223913883879,0.08299384459841237,0.08341015195218368,0.08451039281572481,0.08311278955663295,0.08349936067084911,0.08290463587974693,0.0901900145707569,0.08596746855392697,0.08680008326147029,0.08575931487704094,0.09334205596360316,0.09468018674358389,0.09604805376312145,0.09863510660441827,0.10214398287192637,0.10140057688304772,0.10434446459900625,0.09557227393023911,0.09167682654851418,0.09117131047607752,0.08920871866543788,0.08516459008593727,0.08061494543400069,0.07374587409676132,0.06681733028041296,0.05819382080942064,0.05756935977876207,0.04582354515447992,0.04448541437449796,0.03595111362217147,0.033958785571976687,0.033661423176424926,0.02899283356626731,0.025454221059204717,0.026286835766749027,0.025513693538315233,0.02307532189479306,0.02236165214546976,0.021647982396146067,0.020131434178833816,0.021529037437925676,0.021231675042374214,0.019209610752623948,0.019596181866841186,0.01796068869130816,0.016979392785988343,0.016503612953106008,0.014422076184245534,0.011894495822058383,0.010645573760742254,0.008207202117220284,0.005768830473698316,0.003865711142168906,0.0029736239555145957,0.00154628445686759,0.001367867019536714,4.4604359332718147e-4,6.83933509768357e-4,1.1894495822058383e-4,8.920871866543787e-5,2.9736239555145958e-5
E-05-4542,5.3,99,0.026558377026147245,0.023988211507487835,0.024673588979129905,0.026044343922415364,0.030670641856002306,0.03649635036496363,0.032898118638840464,0.037353072204516106,0.03409752921421485,0.032384085535108575,0.0337548404783936,0.03718172783660614,0.032898118638839874,0.03820979404406991,0.03803844967615928,0.050889277269456336,0.051574654741098847,0.05071793290154481,0.05431616462766888,0.05311675405229449,0.05397347589184763,0.06391144923066346,0.06082725060827219,0.07162194578664226,0.06322607175902151,0.06322607175902151,0.0642541379664847,0.05774305198588092,0.05859977382543457,0.0644254823343959,0.06322607175902151,0.06870909153216098,0.06476817107021658,0.06511085980603841,0.0587711181933452,0.06768102532469782,0.06408279359857408,0.06545354854185909,0.07110791268291038,0.0738494225694804,0.07402076693739038,0.07761899866351421,0.08361605154038616,0.075562866248586,0.09098385936054315,0.09903704465234175,0.09201192556800691,0.09235461430382734,0.08927041568143687,0.09064117062472189,0.08293067406874292,0.08310201843665428,0.08173126349336854,0.07744765429560359,0.07607689935231857,0.08550083958740232,0.08018916418217362,0.07367807820156913,0.08138857475754802,0.080017819814263,0.08652890579486607,0.08721428326650935,0.08755697200232983,0.0807031972859055,0.07367807820156978,0.07127925705082036,0.062026661183647115,0.05911380692916593,0.056886330146328296,0.05431616462766888,0.045406257496315855,0.044549535656763124,0.03958054898735458,0.03581097289332113,0.031870052431376694,0.0337548404783933,0.03615366162914238,0.030499297488091406,0.027757787601521637,0.026558377026147245,0.0269010657619685,0.02484493334704053,0.023302834035845325,0.0231314896679347,0.02158939035673905,0.020047291045543404,0.01730578115897306,0.01850519173434776,0.015592337479867093,0.013536205064939565,0.011994105753743918,0.007025119084335598,0.00394092046194443,0.001713443679106274,5.140331037318822e-4,8.567218395531218e-4,1.713443679106274e-4,1.713443679106274e-4,0,0
E-05-4549,39.1,30,0.02333079357936569,0.024027521387626198,0.023615237501086305,0.02660988867695873,0.027201148514244024,0.029850631785106236,0.030016823739370212,0.030662415561702804,0.0323978430841137,0.03316168687390389,0.03440493053176324,0.0338168666935984,0.03762969364430777,0.03826889346840065,0.039710289071728584,0.042372556339072644,0.042276676365458815,0.04363817199077445,0.04546628348767894,0.04701314706198209,0.04517864356683745,0.04905858649907674,0.05123825789923116,0.05259655752542755,0.05388774117009382,0.0582055359818367,0.05617607654034344,0.05757912015422583,0.05866895585430355,0.05654042044007649,0.0607335712861214,0.060880587245662074,0.062079086915834955,0.06376657445143893,0.06393915840394383,0.06788621731771323,0.06649915369943256,0.06786384532386941,0.0680779772649409,0.06526869403805563,0.07099592446192121,0.07202823217783076,0.07322992784712411,0.07420151157974363,0.07412161160173275,0.07949728212234754,0.0756684751760359,0.07508360733699086,0.07149769632383422,0.07570682716548142,0.07726327873714528,0.07943975413817994,0.07797918254012856,0.07859281437125776,0.07844899441083701,0.08186871346972963,0.07582507913293848,0.07021610067652873,0.07070508854195988,0.06736846546019853,0.06305067064845511,0.058068108019656874,0.05331246132841036,0.049039410504354404,0.045658043434906606,0.0453384435228601,0.039138205229166056,0.0394514131429709,0.03785660958186118,0.03712792178239605,0.03656542593719459,0.037054413802625454,0.038786645325915005,0.0405955808280963,0.043254652096319894,0.04494213963192294,0.04821803873039591,0.049860782278312456,0.053481849281795266,0.05528758878485576,0.0597236355640557,0.06347254253235539,0.06457516222891559,0.06636492173637377,0.06726619348834378,0.066387293730217,0.06382729843472656,0.05792109206011567,0.05079081802236706,0.041848412483317034,0.03345891479210677,0.025628716946976732,0.018290702966398606,0.013039676411481098,0.008753841590942824,0.0054172185091813894,0.003055375159160767,0.001677899538242053,7.510597933083475e-4,3.259919102870274e-4
E-05-4553,14.7,65,0.028660819040169944,0.029163640426839593,0.0281207516248576,0.03134253310240807,0.03510438199526988,0.0378233420861502,0.0377674730431869,0.03791645715775502,0.037972326200718984,0.04007672681900307,0.039871873661470984,0.03849377060170973,0.041622437007653466,0.04089613944913138,0.04108236959234236,0.045775369201259075,0.0436523455686539,0.045533270015084,0.048475706277818296,0.04961171015140528,0.04855019833510269,0.05452818593217469,0.056148388178110215,0.057154030951450004,0.05903495539788091,0.06393280816432971,0.0643238914650722,0.06635380002607187,0.06575786356779731,0.061027617930238406,0.06698698251298979,0.06845820064435594,0.06897964504534668,0.0688120379164574,0.07160549006462211,0.07607501350168565,0.07519973182859338,0.07462241838463934,0.07505074771402526,0.07531146991452063,0.07933404100787711,0.07931541799355672,0.08101011229677664,0.07814216809132685,0.07981823938022636,0.08512579846173857,0.0813639495688775,0.07994860048047335,0.07765796971897898,0.08367320334469366,0.08618731027804115,0.08698809989384912,0.08991191314226073,0.0891297465407754,0.09084306385831643,0.09872059891614005,0.09179283758869243,0.08708121496545385,0.08942771476991297,0.08810548075311501,0.084827830232601,0.081326703540235315,0.07864498947799649,0.07503212469970416,0.06825334748682446,0.06434251447939329,0.05169748775536827,0.04990967838054241,0.0436150995400117,0.03847514758738863,0.03618451682589325,0.0329441123340225,0.029871314971041056,0.029815445928078024,0.02745032310929857,0.026500549378922333,0.026537795407564763,0.02597910497793159,0.02489897014730813,0.026575041436206957,0.026686779522133545,0.02776691435275674,0.02771104530979394,0.02646330335028037,0.026183958135463897,0.024936216175950328,0.023111160772482306,0.020820530010987652,0.01867888336406137,0.016202022459355328,0.012663649738346694,0.009143900031658995,0.006182840754604562,0.004134309179283774,0.00242099186174275,0.001620202245935504,9.870197590181981e-4,5.028213866696481e-4,2.42099186174275e-4,2.0485315753207887e-4
E-05-4563,28.3,45,0.02668323590903282,0.027355250245338664,0.026347228740879428,0.027787259461535277,0.029312625336007272,0.031659342065964186,0.03161134104194234,0.03327537654136574,0.03466207279088633,0.036006101463498016,0.0361287707471094,0.03667811579980386,0.039910184750607446,0.041104876904040764,0.04281157998037307,0.04685433289243521,0.0468810001280029,0.04719034006058728,0.04892904381960166,0.05087575201604319,0.04924371719930043,0.05320113495754548,0.05399048513034916,0.05608119639885671,0.05629453428339825,0.06034795408968746,0.05835324486922357,0.059003925417075255,0.06057729231556962,0.057638562956009935,0.06028928617143854,0.059499935998634325,0.06161731450270907,0.062385330887059144,0.06289734180995883,0.06655608652984621,0.06442270768443026,0.06568673465033886,0.06687609335665852,0.06443337457865791,0.06795344967359268,0.06998549302385143,0.06862013056278558,0.07148952510986864,0.0738255749455991,0.07529227290182151,0.07318022784486095,0.07378290736869014,0.06990549131714835,0.0735749029312628,0.07482292955583013,0.07695097495413263,0.0760549558390575,0.07667363570422862,0.07832700430942555,0.0830151043222251,0.07893501728036893,0.07611362375730642,0.08167107564961415,0.07940436062636032,0.07847634082860393,0.07487093057985264,0.07064150701881602,0.06596940734735698,0.06195332167086253,0.060998634637538615,0.050219738021077966,0.04996906600674121,0.047675683747920125,0.04425161070102845,0.04321692196100161,0.04336092503306753,0.04474762128258713,0.044464948585569986,0.04707833767120382,0.050171736997055676,0.050854418227589036,0.04924371719929999,0.0496970602039512,0.049051713103213046,0.04835836497845305,0.04878504074753525,0.04786768784400751,0.047985023680505355,0.04506762810939983,0.04287024789862199,0.04101954175022342,0.03792614242437185,0.034752741391816486,0.028608610317020198,0.022331143064385453,0.014810982634295988,0.008960191150744581,0.005280112642403057,0.0032694030805990645,0.0020213764560310333,0.0010080215044587653,6.880146776464589e-4,3.0400648547169117e-4,1.3333617783846104e-4
E-05-4565,13.9,80,0.02530199345432916,0.025587622731330053,0.02477833977982708,0.027003867896459484,0.028074977685212835,0.030312407021719837,0.030859863135971548,0.03139541803034766,0.03331151443022922,0.03377566200535567,0.03567985718536163,0.03575126450461185,0.03876227313299558,0.04102350490925335,0.04173757810175558,0.04502231478726586,0.04364177328176154,0.04418922939601246,0.04622433799464462,0.046676584349896036,0.044439155013389034,0.05012793811365638,0.05119904790240972,0.051270455221660405,0.052044034513537826,0.05672121392442746,0.05407914311216871,0.05581672121392413,0.05811365664980682,0.05526926509967292,0.05913716155906002,0.06017256768818772,0.06302886045819663,0.06592085688783124,0.06801547158583779,0.07595358524248763,0.07460874739660775,0.07502529009223405,0.0761678072002383,0.07045522166022043,0.07371615590597996,0.07339482296935462,0.07452543885748317,0.07383516810473034,0.07648914013686431,0.07989288902112424,0.07785778042249358,0.0806188634335015,0.07938113656649835,0.08996132103540645,0.0915798869384107,0.09424576019041986,0.09707825052067785,0.09814936030943207,0.09481701874442165,0.10123177625706581,0.09892293960130949,0.09391252603391798,0.09982743231181232,0.10164831895269302,0.10137459089556625,0.09898244570068468,0.0927343052662893,0.08789050877714998,0.08193989883963136,0.07579886938411147,0.06158881285331769,0.05775662005355518,0.048176138054150726,0.04166617078250536,0.035525141326985823,0.03256173757810187,0.02928890211246637,0.02753942279083616,0.026313597143707325,0.023397798274322992,0.02324308241594772,0.02464742636120189,0.024933055638203007,0.029907765545968572,0.03485867301398406,0.04659327581076994,0.04665278191014596,0.0415828622433801,0.03521570961023518,0.026480214221957846,0.020089259149062493,0.014186254091044384,0.010746801547158623,0.00809282951502532,0.005069919666765862,0.0029634037488842184,0.0019160963998809948,0.0010949122285034256,7.735792918774203e-4,2.9753049687592556e-4,1.9041951800059575e-4,1.1901219875037235e-4,2.380243975007447e-5,2.380243975007447e-5
E-05-4572,17.3,55,0.02661906136686903,0.02728122707251254,0.02736068695718927,0.03044637914548851,0.03216800998016163,0.03686938649023054,0.03538613530958908,0.036657493464423964,0.038167231273291816,0.03930615628699865,0.041080760378123256,0.0391075065753056,0.04456375198980731,0.044629968560372456,0.04576889357407929,0.05311893290672223,0.052364064002288636,0.05288055325268962,0.05503921345308841,0.05661516783251996,0.05375461198414,0.060839785034525,0.06175357370831303,0.06446845310145197,0.06605765079499638,0.07127551655546722,0.06947442583611627,0.06984523863127663,0.07232173837038397,0.06780576825789525,0.07119605667079001,0.06977902206071228,0.0711033534719993,0.07094443370264547,0.07344742006997794,0.07616229946311633,0.0739241793780406,0.07351363664054164,0.07401688257683135,0.07290444419135027,0.07568554015505233,0.0764404090594866,0.07907582856794776,0.08077097277439442,0.08506180654696507,0.09499429213161685,0.08914074729372909,0.08874344787034219,0.08577694550906007,0.0904650787050161,0.09106102784009446,0.09123319092356257,0.08908777403727682,0.08911426066550335,0.08857128478687566,0.09197481651388248,0.08637289464413922,0.08122124545423201,0.08198935767277919,0.08236017046793956,0.07759257738730561,0.07294417413368887,0.07005713165708255,0.06188600684944228,0.05612516521034376,0.05440353437567016,0.04595429997165947,0.04179589934021787,0.04147805980150936,0.037332902484180995,0.0335585579620127,0.0321812532942745,0.028936641336621056,0.03018151286323111,0.03138665444750229,0.031135031479357485,0.031558817530969605,0.031240977992260444,0.0321812532942745,0.030221242805569717,0.0288969113942827,0.026738251193884385,0.023824722089053427,0.021215789208818007,0.01916307552132313,0.016620359211652058,0.015494677512057816,0.013243314112870165,0.012183848983840553,0.010780057687876314,0.00799896172417358,0.00553570529917963,0.003125422130637359,0.001681900892334511,9.800052443523922e-4,5.42975878627667e-4,3.840561092732348e-4,1.7216308346731216e-4,9.270319879009116e-5,1.3243314112870165e-5
E-06-6374,8.1,15,0.028441363180755196,0.02915135315736729,0.025726695623120247,0.030070163715335888,0.030153691947878487,0.03303541597059818,0.03366187771466767,0.03387069829602357,0.03600066822586047,0.03541597059806227,0.03725359171399946,0.038798864016037556,0.04401937854994926,0.04539759438690293,0.04681757434012713,0.05095222185098581,0.05132809889742751,0.05216338122285258,0.0536668894086203,0.057008018710324286,0.058636819244904985,0.06189442031406583,0.06264617440694921,0.06619612429001026,0.06515202138322776,0.06991313063815593,0.06861844303374504,0.07028900768459702,0.07129134647510883,0.06849315068493175,0.07133311059138013,0.07576010691613726,0.07517540928833906,0.07580187103240922,0.08035415970598091,0.09046107584363547,0.08603407951887693,0.09154694286668845,0.09509689274974975,0.09447043100568026,0.0959739391914462,0.09476277981957935,0.09526394921483494,0.09827096558636766,0.10403441363180792,0.10762612763113875,0.10065152021383263,0.09948212495823536,0.09313397928499866,0.09760273972602773,0.1035332442365514,0.10015035081857702,0.10336618777146621,0.10411794186435051,0.10265619779485502,0.10921316404944813,0.09622452388907485,0.08402940193785455,0.0816906114266625,0.06928666889408644,0.06147677915135283,0.04865519545606432,0.04310056799198106,0.03888239224858016,0.03178249248245918,0.030863681924490315,0.02380554627464091,0.026770798529902964,0.025601403274306805,0.025183762111593806,0.0240143668559972,0.02439024390243911,0.02167557634480443,0.02142499164717682,0.02155028399599072,0.01987971934513855,0.017582692950217235,0.01937854994988296,0.01900267290344143,0.018042098229201532,0.01841797527564323,0.019378549949882785,0.020965586368192523,0.0266872702973606,0.025267290344136405,0.022761443367858417,0.022719679251586713,0.01641329769462084,0.01077514199799536,0.008561643835616469,0.0052622786501837805,0.0026729034413631426,0.0016288005345806939,0.0011276311393250958,6.682258603407976e-4,2.0882058135649552e-4,1.670564650851994e-4,4.176411627129985e-5,4.176411627129985e-5,0
E-06-6384,21.4,50,0.030526727374654443,0.032277617344959986,0.030220517917963704,0.03226191429589895,0.03369874328498376,0.03727903847090003,0.03613271588944438,0.03709845340669745,0.03948531686397562,0.041353979702238926,0.041503158668318774,0.04143249494754411,0.04507560232970372,0.046991374315150936,0.049252613379940156,0.052801502467734344,0.05090143353134896,0.05145889177301484,0.05389286437747636,0.05393997352465947,0.05294282990928367,0.05759878395588041,0.05990713216785271,0.0588942855034164,0.06013482637923827,0.06390355815388697,0.06135966420599855,0.06217622275717243,0.0616658736626893,0.05921619800916765,0.06245102611574111,0.0649007017692622,0.06680862223017808,0.06664374021503779,0.06848099695517902,0.0733253875905087,0.07014552015564825,0.07134680340881751,0.0720220345184427,0.06956450734039053,0.07564158732701089,0.07630896691210559,0.07623830319133093,0.07517834737971033,0.07649740350083803,0.08127898193992285,0.07661517636879579,0.07718048613499243,0.07490354402114285,0.07785571724461766,0.07858590902595515,0.07739247729731709,0.07853094835424153,0.0796929739847589,0.07971652855835046,0.08527540792595653,0.08225257098170781,0.07886856390905381,0.08281788074790511,0.08065871150201263,0.07757306236151833,0.07421260986245726,0.06852025457783102,0.061477437073956864,0.05623261868757076,0.0518514679995412,0.04172300135517328,0.040553124200125724,0.03657240126315339,0.03526119666655687,0.03545748477981951,0.03351030669625133,0.03453100488521838,0.035512445451533446,0.03542607868169775,0.038166260742848235,0.03699638358780137,0.038009230252237874,0.038770828131698465,0.03884149185247313,0.038197666840970645,0.038723718984514675,0.04056882724918712,0.04063949096996178,0.041275464456933746,0.041087027868201315,0.03780509061444407,0.0343190137228947,0.027401820611508233,0.02069661866244576,0.014054228909627433,0.008997847111973604,0.005810128152583407,0.0037687317746486967,0.002316199736502845,0.0012483924003523588,8.244100757044024e-4,3.2191250575124285e-4,1.4132744154932614e-4,3.925762265259059e-5
E-08-9267,40.4,25,0.02107521124185404,0.022110198377976075,0.02196001097021034,0.024216087030337945,0.025525329432814083,0.029022084078828905,0.029903618863538522,0.030915751394130497,0.031509971137898274,0.032698410625432724,0.0342655835760276,0.033426493058729925,0.03665878726933121,0.037455433519217596,0.03918911859581318,0.04188269710464813,0.04115461467135092,0.042610779537944565,0.044625249768189164,0.04606835486019528,0.044514241684188695,0.04818403834349794,0.05068825012080264,0.05184730511551389,0.054093586344699886,0.05761319559624422,0.056059082420237126,0.05858288385942428,0.0599802797403719,0.058161706128952426,0.06197842525238037,0.06230818456073415,0.06451202152250818,0.06471444802862726,0.0656057776442781,0.07102231915477164,0.0686617648979375,0.06876950803829089,0.07086886680335923,0.06840383434981936,0.07217810920583473,0.07149247103995011,0.07331430959501666,0.07355918036854645,0.07336328374972274,0.07742487364668045,0.07423828864713822,0.07225973279701153,0.07005263089159107,0.07316085724360424,0.07269070535842513,0.07191691371406955,0.07131289913936048,0.07045095401653392,0.06935393295111751,0.0735297958757228,0.07037912525629833,0.06497237857674543,0.06741129148110928,0.06435856917109634,0.06123728304449433,0.05815191129801121,0.05435151689281814,0.05059683169868506,0.047021718405140495,0.04518682007548526,0.03876794086534081,0.038627548288516333,0.037370544984393704,0.03656736884721383,0.03495448668555962,0.03552258688015058,0.036182105496858935,0.03739992947721736,0.04002167922581671,0.041934936203000914,0.04535986208878051,0.04793916756996749,0.051615494116571736,0.055108983818939486,0.05946441864413442,0.06371211032897481,0.0678259393242875,0.07059134659335806,0.07169163260242153,0.07339593318619347,0.07037586031265,0.066859516004754,0.06089119901790517,0.05286596753340057,0.043325802196654245,0.03385746562014291,0.02483642632328175,0.017611106032309944,0.01222068407099298,0.007639968134149896,0.0045252118948427116,0.002386673806010117,0.0012276188112993213,5.125961525904081e-4
E-08-9269,55.5,50,0.018907828686476086,0.01977276505415539,0.01955608694972614,0.0214369239381708,0.022534522860605727,0.025575120522755554,0.025811335177583782,0.026932022750490163,0.027981668321945402,0.029585441504726532,0.030620878675890872,0.029780807008719802,0.033077155876096595,0.03457081395662756,0.03534872387252804,0.03868592189074038,0.038170867380212664,0.039474488106857976,0.04038204967540924,0.042234469863272714,0.040689306331689566,0.0445966164115546,0.046528958851051676,0.04751111452112735,0.04992831862053501,0.05287656168079711,0.05124792379750729,0.052425444971575814,0.053348990990453565,0.05167772790629294,0.05592071144301954,0.056698621358919524,0.05808394038723543,0.059433738414825826,0.060359060483739416,0.064737023823225,0.06321139684204062,0.06427702686382208,0.06623778610390059,0.06417046386164452,0.06982007902712205,0.07037243058841273,0.07205967812290008,0.07283403593872731,0.07346453370161533,0.07708945182570799,0.07378777480822238,0.07393163486116222,0.07090524559930347,0.07438630367045632,0.07416607346595415,0.07280917123821973,0.07200994872188297,0.07101713675159053,0.07130840895754413,0.07401510921286844,0.06982363112719527,0.06563392909155716,0.06853244275080338,0.06712048297194291,0.06608859790085059,0.06363232070064487,0.06038925333435602,0.05837876469326216,0.05571113753873585,0.05425122440889474,0.04613645179302924,0.045953518639289676,0.04391816529768746,0.04206219300975138,0.04146366414751707,0.04109246968993023,0.04139972634621019,0.042793925624708,0.04465345001271668,0.04761234937319617,0.05025511182721467,0.05408782780555491,0.0582633214409025,0.062042755918154155,0.06575470049402632,0.07021258608514426,0.0725090187820846,0.07476105022811613,0.07532761018969662,0.0755283038437988,0.07349827865230377,0.06939915516851898,0.06328599094356588,0.05521384352857116,0.04550062588003296,0.03437900055270628,0.02462315770329743,0.016755256042477493,0.010578154016217506,0.006100731874698873,0.0035982773735488026,0.0019181340392066667,9.50186769421821e-4,4.315801588215e-4
E-08-9272,5.5,95,0.025491624180626456,0.028829813061422776,0.02822286962855022,0.032319737800437114,0.03186453022578307,0.03467164360281634,0.03770636076717663,0.04005826656955515,0.03580966253945145,0.039906530711337845,0.04172736100995402,0.040058266569555856,0.05007283321194394,0.051893663510560996,0.04908655013352773,0.051210852148579934,0.046582908472930486,0.047872663267782764,0.04954175770818177,0.052273003156106036,0.04772092740956559,0.05083151250303445,0.0548525127458118,0.05424556931294022,0.05379036173828618,0.06198409808205897,0.058797645059480146,0.06251517358582147,0.06259104151493103,0.05879764505948066,0.07146758922068489,0.0697984947802861,0.07260560815731935,0.0768542121874244,0.07723355183296944,0.09066217528526373,0.09278647730031511,0.0868687788298126,0.08140628793396484,0.08087521243020179,0.07617140082544266,0.07700594804564241,0.07973719349356669,0.07632313668366067,0.07746115562029646,0.08170975965040014,0.0820890992959459,0.08709638261713962,0.08390992959456207,0.09384862830784203,0.10219410050983194,0.10924981791697053,0.10242170429715895,0.09468317552804112,0.08944828841951961,0.09316581694586015,0.08125455207574682,0.08049587278465604,0.093393420733188,0.09597293032289424,0.09771789269240055,0.0870963826171404,0.09172432629278902,0.07639900461277035,0.07245387229910198,0.060542607428987295,0.04847960670065567,0.04734158776402014,0.035430322893906414,0.03269907744598215,0.027160718621024375,0.02511228453508142,0.020939548434085832,0.017904831269725724,0.0176772274823987,0.015856397183782386,0.01631160475843657,0.019725661568341726,0.020408472930322965,0.026705511046370572,0.036795945617868545,0.054093833454721255,0.04096868171886395,0.024732944889536382,0.012214736586550177,0.009028283563971869,0.007435057052682585,0.005538358824957533,0.00477967953386746,0.0028829813061422775,0.00197256615683419,0.0011380189366350896,6.828113619810657e-4,3.7933964554503656e-4,1.5173585821801462e-4,0,0,0,0,0
F-04-3274,26.4,25,0.02336971106539055,0.02456475310850711,0.024278222560157096,0.027541875391358897,0.02870197468467673,0.03144148626889715,0.032119375614992514,0.03303487565971865,0.03601199794257102,0.03736777663476174,0.04059648671616438,0.03991160882010927,0.04454501744342007,0.04553040298774504,0.04835377717148242,0.05310599114410968,0.05042238795956722,0.05179913230163627,0.053672063690849106,0.05454563243581735,0.0523791819482961,0.05707548752124489,0.058060873065569056,0.061128846497898064,0.06250559083996803,0.06726479336255503,0.0654198161731815,0.06618855666875356,0.06843886975579236,0.065999865819841,0.07064026299311234,0.07068918284282993,0.07285563333035117,0.07289057608015054,0.0743581715716972,0.079480778692191,0.07727239690491058,0.07790835495124745,0.07964151534126515,0.07619616021111039,0.08037531308703777,0.0820805192772165,0.08300999642186271,0.08312880177117765,0.08449855756328861,0.08829334019142988,0.08223426737633091,0.0810671795330526,0.07574889301368665,0.07941089319259353,0.07622411441094869,0.07697887780660194,0.07582576706324318,0.07333784327757428,0.07268091958135817,0.07457481662044865,0.07145093478844287,0.06585310627068576,0.06960595759906993,0.06999731639681571,0.06820824760712013,0.06692235441452747,0.06360279318364757,0.06165298774487901,0.057271166920118285,0.05614601037659868,0.046327097683156085,0.04493637624116623,0.041644769210126276,0.038073620180696086,0.03810856293049447,0.03494274979872988,0.03446752840146685,0.0330907840593972,0.03261556266213447,0.032343009213704095,0.031595234368011565,0.03376168485553251,0.033866513104929004,0.03375469630557307,0.0372699369353253,0.039045028625100085,0.041071708113427106,0.04167971195992501,0.04068034931568133,0.041162559262903804,0.03669687583862548,0.033048852759638724,0.027276310492888547,0.02289448966812782,0.01730364970033104,0.012544447177743808,0.008973298148313835,0.005779530816709923,0.0035571719295107024,0.0020755993380445186,0.0011111794435996103,5.381183469004402e-4,1.8869084891314137e-4,8.386259951695173e-5
F-04-3275,37.9,80,0.019969721000648907,0.020855433226567324,0.020852000233443236,0.022990754949517918,0.024157972611580945,0.026344789231387264,0.0268631711930682,0.028226069463182464,0.02867922455551332,0.029671359568266893,0.029650761609524602,0.029194173524070537,0.0320813207411141,0.032386857129125285,0.03347168295621916,0.0360807577302424,0.03612538664085069,0.036784521320603274,0.03901596685101854,0.04040632906612303,0.039400462080874596,0.04436800313088949,0.04587165411907655,0.047437098983490904,0.049277183297802035,0.052785702270238544,0.05169057746377306,0.05179700025060822,0.053534094771208365,0.05179356725748497,0.053705744427394106,0.05441294101087886,0.054625786584549176,0.056932757963686006,0.05793862494893444,0.06146430888698952,0.05986110109821418,0.061591329632566416,0.06329066122880579,0.05992289497444158,0.06495909588693059,0.06548434383485953,0.06667215945566485,0.06919540940159459,0.07071279236227715,0.07467446642704334,0.07088444201846289,0.07267303143591765,0.07020470937996737,0.07312618652824865,0.07381965113923837,0.07242585593101084,0.0718731440380921,0.07197956682492791,0.07156760765008213,0.07514821947811598,0.07073339032101944,0.0675922016128198,0.07135476207641182,0.07095996786718461,0.07127237024144202,0.07128953520706123,0.07060980256856507,0.0703969569948954,0.068656429481172,0.07032486413929676,0.06352067176809467,0.06422786835157934,0.0623877840372688,0.06012200857561704,0.05906807968663607,0.05654482974070623,0.05470817841951833,0.05377783728299212,0.05121339141957717,0.05127861828892729,0.04946943091273006,0.05112413359836013,0.05131981420641233,0.05343453797062064,0.05588569506095299,0.05941824498525445,0.06293019695081574,0.06643528293012853,0.06802475874640848,0.06784967609709902,0.06575211729850812,0.0616222265706804,0.05246986690285678,0.044113961639734994,0.03538386012612829,0.02542474707423125,0.018325317294389524,0.0121665276304452,0.007676172624626261,0.004720365545107746,0.002863116265178131,0.0014384241188364951,7.586914803409676e-4,4.4285611295920735e-4
F-04-3276,20.1,95,0.020374307434609013,0.02106687282566687,0.021614482669758746,0.02407872696817429,0.024722973843576947,0.02729996134518757,0.02874951681484355,0.031568096894729614,0.03068225744105152,0.03003801056564886,0.030907743847442447,0.03135871666022431,0.03338809431774208,0.03443499549027199,0.03522419791264025,0.03871923721169966,0.04021711119701084,0.04145728643216021,0.04285852338616173,0.04306790362066759,0.04414701713696704,0.0463213503414506,0.04748099471717537,0.05026736245329228,0.05315036722071917,0.05604947816003112,0.05358523386161549,0.05664540651977808,0.05757956448911243,0.05434222394021408,0.05811106816131962,0.059737791521710805,0.06031761370957319,0.06031761370957372,0.06260469011725316,0.06605141090065736,0.06539105785336907,0.06569707511918532,0.06711441824507175,0.06708220590130161,0.07015848473134868,0.07239724262337353,0.07196237598247673,0.0747326375467075,0.07779281020487078,0.08119121247261908,0.0762949362195596,0.0776478546579045,0.07337971910836258,0.08016041747197554,0.07830820770519221,0.07916183481510143,0.0749259116093283,0.07528024739080041,0.0724133487952586,0.07945174590903192,0.07321865738951192,0.06904715887127912,0.07265494137353459,0.07260662285787939,0.07252609199845343,0.07410449684319056,0.073395825280247,0.07547352145342122,0.07410449684319056,0.08053085942533136,0.07265494137353459,0.07444272645277632,0.07157582785723514,0.06827406262079654,0.06445689988403522,0.05883584589614761,0.05513142636258185,0.05163638706352292,0.04624081948202567,0.041296224713309924,0.03939569643087245,0.038268264398917465,0.038735343383584725,0.03899304213374579,0.04153781729158628,0.04422754799639159,0.0444530344027833,0.047239402138899794,0.04587037752866915,0.04645019971653154,0.04485568869990917,0.042745780182966264,0.036577116350985824,0.0317935833011211,0.025270583687669202,0.018538203839711116,0.013094317742558995,0.008230253833268938,0.005153975003221252,0.003140703517587895,0.001981059141863169,0.001320706094575446,6.60353047287723e-4,1.7716789073573056e-4
F-04-3277,41.4,90,0.022840459044332923,0.02435966388902479,0.024080269894598275,0.026280497600704163,0.027747316071441142,0.03022257224080979,0.029886426341265898,0.029624494471490917,0.030545621546864958,0.030776994698499063,0.03080318788547651,0.02984277102963682,0.033972563509746874,0.03437419237673498,0.03525166414047942,0.03784478965124658,0.037796768808454596,0.03768326499821833,0.03919810431174796,0.041385235424364696,0.0409312201834223,0.04621351289054017,0.04654092772775824,0.04836135422269115,0.04977142078831033,0.05392304092423552,0.0510941767306709,0.05174027534278123,0.05359562608701745,0.051967282963252884,0.05541605258194995,0.055621232546606114,0.056372103906626225,0.057210285889904997,0.056428855811744526,0.060816214630466735,0.05936685828438086,0.0606503244462757,0.06057611041650681,0.05815760615225596,0.062095315261198124,0.06240963350492803,0.06370619626031161,0.06453128165010058,0.06507697304546461,0.069804843294893,0.06697597910132945,0.06754786368366976,0.0638720864445021,0.06721171778412646,0.06770502280553443,0.06815903804647742,0.06609850733758442,0.06725100756459264,0.06695851697667782,0.07062992868468254,0.06684064763527932,0.06354030607612055,0.06708511738040214,0.06568814740827168,0.0653956568203563,0.06430863956079287,0.06358396138774963,0.06231359181934406,0.06107814650024119,0.06288984193284732,0.054521118693553874,0.05648997324802473,0.05490965096705266,0.05403217920330822,0.053028107035838976,0.052106979960465934,0.0515525575027762,0.051478343473007226,0.0534559290898044,0.05419806938749822,0.05656855280895757,0.06130078858954894,0.06581038228083311,0.06870472944184089,0.07381240090244286,0.07776320660487293,0.08061826398541591,0.07968840584771658,0.07771082023091941,0.07356793115732004,0.06732085606319797,0.05968554205927364,0.051120369917648796,0.04181305747832965,0.03352291379996799,0.02573480620534025,0.018937674184693467,0.013554974260828311,0.00958670643374524,0.006364944435519268,0.004579442189890144,0.0026280497600704167,0.001252907443754501,5.500569265263662e-4
F-04-3279,25.4,95,0.02520638587970885,0.025059037560069088,0.02440088173234438,0.027102267592407137,0.026994212158004644,0.029675951575448337,0.029135674403435872,0.028949033198558325,0.030717213034236,0.0312771366488671,0.03178794415695161,0.030736859476854634,0.033379306009060465,0.03516713228735685,0.03669955481161039,0.039980510728922454,0.039941217843685185,0.04093336319592553,0.042397023171014576,0.04395891535919606,0.04238719994970526,0.04620843303902938,0.048006082538634476,0.049626914054672296,0.04954832828419775,0.05372319734065772,0.051375447447730364,0.05227918380818757,0.05302574862769617,0.05081552383309972,0.05608077045489393,0.05765248586438423,0.05635582065155432,0.05706309258582568,0.057544430429982245,0.060599452257180005,0.058359757798655085,0.058389227462583036,0.059843064216362554,0.056915744266185925,0.05978412488850612,0.06067803802765455,0.06231851598631058,0.06302578792058089,0.06351694898604732,0.06721048019835013,0.06448944789566975,0.06527530560041458,0.06321242912545848,0.06807492367357067,0.06701401577216377,0.06817315588666384,0.0697841641813913,0.07246590359883562,0.07069772376315846,0.07560933441781656,0.0720631515251536,0.0691063619110484,0.06955823009127762,0.06873307950129494,0.06903759936188318,0.06545212358398288,0.06486273030542325,0.06353659542866595,0.060628921921107956,0.06428316024817352,0.05769177874962201,0.05937154959351478,0.06007882152778617,0.05729884989724931,0.05671927983999907,0.0558941292500169,0.0556681951599021,0.0568469817170207,0.057013976479279097,0.05826152558556191,0.06147371895370927,0.06662108691979107,0.0696073461978242,0.07393938679523325,0.07736769103218508,0.07832054349918749,0.07655236366351172,0.07549145576210542,0.06723994986227867,0.06101202755217134,0.05418488874219468,0.04560921653916141,0.03834985599157574,0.03364453298441263,0.025471612855060423,0.020255482339812444,0.014803594513141557,0.01113953296476611,0.007632642957339742,0.00439097992526487,0.00221022479459645,0.001149316893190154,4.911610654658778e-4,3.045198605888442e-4
F-04-3288,28.9,85,0.017131883230690297,0.018888815583774903,0.018752563687004745,0.019756525031624853,0.021599511214248295,0.024489485656260933,0.023858424239642788,0.025493447000880253,0.025730095032112512,0.02892125787751108,0.030025615356592834,0.029796138477822597,0.03252834756568012,0.03282236481660506,0.034780089438613625,0.03774894655770353,0.03738321778216347,0.03748361391662478,0.03850191756616836,0.03957041928294226,0.03880310596955429,0.0430125724644954,0.045515304673583244,0.046763085201896794,0.04765230810713145,0.052141449548074155,0.0509797228492994,0.05202671110868858,0.052134278395612584,0.05239961103669067,0.05597801611501401,0.057010662069479565,0.05666644675132421,0.05906161167348903,0.05961379041302991,0.06367266270627843,0.06118427280211316,0.06309897050935229,0.06552999119382501,0.0625611340747351,0.06645506986136693,0.06595308918905762,0.06925181932137975,0.06997610571999768,0.070047817244614,0.0755194065727911,0.07133862468769656,0.07230673027000785,0.06872115403922358,0.07306687243093489,0.0748811740037114,0.07531144315140624,0.07839503870988057,0.07735522160295363,0.08113441895020093,0.08588889303222097,0.0845622298268313,0.08125632854204691,0.0855375065616048,0.08662752173576342,0.08732312352453492,0.08650561214391672,0.08589606418468254,0.0853223719877577,0.08413913183159868,0.08543711042714208,0.07449393177078728,0.0738843838115532,0.0704995998496929,0.06792515611598933,0.06501366821659141,0.06063926521503439,0.05668796020870892,0.05266494367776875,0.049660230796371,0.04796066766297853,0.04666986021989638,0.04532885470958243,0.04576629500973858,0.04874949443375163,0.05082195749514531,0.052543034085921134,0.05409917417008272,0.05409200301762115,0.05219881876776671,0.04877817904359791,0.04357192235649745,0.03717525436077794,0.031036747853674176,0.024453629893953083,0.018867302126390192,0.013553478152366717,0.009774280805119663,0.005772777731563704,0.0039728184637096795,0.001907526554777538,0.001226267070928439,5.880345018487252e-4,2.0796342138552475e-4,1.3625189676982655e-4
F-04-3289,11.8,95,0.021130044494530553,0.022660151164824144,0.022271552645384104,0.023655934870888226,0.02700759710105514,0.027979093399654247,0.027906231177259315,0.03050498377601138,0.030577845998406857,0.03242368896574516,0.03470670526745306,0.03473099267491803,0.03735403268113495,0.03752404453339046,0.03698972156916095,0.04187149046962146,0.04325587269512519,0.0433773097324493,0.046558960110362146,0.045563176404298064,0.046461810480502234,0.05141644160335722,0.05284939864379089,0.054330930499154995,0.05207220160491207,0.054840966055919524,0.05282511123632591,0.053650883090135146,0.05590961198437854,0.05190218975265723,0.05321370975576602,0.05535100161268357,0.056103911244097866,0.05724541939495231,0.059261274214545454,0.06117997940427869,0.059601297919054615,0.060572794217653714,0.06173858977597317,0.062102900887947836,0.06632890978685337,0.06710610682573323,0.06900052460800149,0.07332368313676686,0.07640818388481967,0.0819942876017638,0.07893407426117735,0.07796257796257755,0.07490236462199105,0.07951697204033681,0.08002700759710063,0.08060990537626081,0.08216429945401865,0.0812656653778152,0.08359725649445306,0.08755610391124363,0.08175141352711475,0.0829657839003629,0.09030058095478688,0.09110206540113115,0.09207356169972944,0.09270503429381967,0.08806613946800816,0.08682748168729508,0.07990557055977646,0.08345153204966245,0.0708463675753398,0.07208502535605302,0.06744613053024293,0.06360872015077645,0.06385159422542566,0.05989274680863487,0.05379660753492501,0.05233936308702682,0.050372083082363635,0.04668039714768662,0.04563603862669299,0.04291584899061512,0.04029280898439791,0.037184020828880775,0.03587250082577198,0.03361377193152846,0.03230225192842027,0.030140672664037256,0.027444770435424738,0.026691860804010432,0.026764723026404886,0.023680222278353202,0.02195581634833979,0.022441564497639344,0.01972137486156185,0.015228204480540712,0.010467872617405364,0.006241863718499255,0.004420308158625931,0.0027930518584723795,0.0014086696329687035,8.014844463442623e-4,2.4287407464977645e-4,2.9144888957973174e-4
F-04-3316,5.1,40,0.05243102520470662,0.05337638349549883,0.05250374507322816,0.054685341128903435,0.05519438020856078,0.06101196969035902,0.05904853324025212,0.06355716508864462,0.06879299562226417,0.07235626917986558,0.07613770234303444,0.07482874470962983,0.07839201826722986,0.08595488459356897,0.08610032433061392,0.08733656209549605,0.07737394010791657,0.07475602484110602,0.07671946129121426,0.08195529182483267,0.07322890760213532,0.07977369576915763,0.0770103407653035,0.07948281629506843,0.07933737655802346,0.08108265340256295,0.08180985208778699,0.08079177392847231,0.08457320709164189,0.08282793024710242,0.09446310921069889,0.09642654566080494,0.09337231118286089,0.09766278342568792,0.09998981921840722,0.10537108948907058,0.10915252265223847,0.101007897377721,0.0937359105254741,0.07802841892461887,0.08420960774902875,0.0746105851040624,0.07104731154646098,0.07781025931905074,0.07475602484110735,0.07839201826723056,0.06682955917215726,0.07541050365780899,0.07664674142269179,0.08340968919528223,0.07562866326337642,0.08435504748607445,0.07053827246680301,0.06981107378157886,0.06355716508864574,0.05650333784196489,0.0458862370376836,0.04145032505781208,0.03701441307794129,0.036359934261238985,0.03672353360385105,0.03374201899442978,0.0320694620184125,0.026179152668092072,0.02297947845310304,0.02421571621798495,0.019561644632546574,0.016943729365737216,0.018179967130619493,0.015271172389720374,0.01199877830620876,0.01148973922655152,0.011635178963596372,0.009599022644967092,0.010471661067236827,0.011198859752461508,0.012071498174731344,0.009889902119056916,0.011053420015416652,0.014616693573018072,0.014616693573018072,0.020216123449248516,0.023561237401282863,0.02232499963640074,0.017016449234259847,0.01039894119871435,0.005526710007708227,0.003999592768736289,0.0037814331631688546,0.0033451139520339866,0.002036156318629383,0.0018907165815843935,0.0015271172389720374,0.0010907980278371697,9.453582907922136e-4,0.0011635178963596267,3.635993426123899e-4,2.908794740899119e-4,7.271986852247797e-5,7.271986852247797e-5
F-05-3231,28.5,30,0.02332252556562482,0.025447942268547206,0.024713318374583657,0.026852999619136834,0.028193866532389884,0.030240828256345335,0.03011244738167217,0.03166015014856475,0.032915429812036254,0.0337855668514877,0.03439180987077764,0.03342895331072891,0.037273247280107995,0.03917043131694542,0.03925601856672753,0.04283641851594577,0.04228010139236206,0.04349258743094117,0.045190067884953784,0.047286955504615466,0.04513300971843238,0.049362446311831176,0.05067478414182351,0.051316688515189786,0.0535205601970791,0.058306313914062054,0.05799962626900897,0.059040937808024635,0.06092385730323157,0.05946174178612053,0.06286383496495938,0.062136343341810896,0.06349860706750945,0.06434734729451594,0.06670812893433913,0.06969655040589778,0.0670433456626518,0.06837708030508965,0.06978926992649506,0.06599490185282154,0.06951824363551777,0.07199314160838438,0.07118006273545435,0.07349805075038582,0.073519447562832,0.07807696861372863,0.07652926584683618,0.07845497896693295,0.07364782843750517,0.079118280152745,0.08158604585479509,0.08336911355858977,0.08146479725093711,0.08222081795734647,0.08095127375224517,0.08441755736841985,0.0804448825243677,0.07488171128852991,0.07805557180128381,0.07680742440862805,0.0733554053340823,0.07300592406413935,0.07029566115437193,0.06701481657939169,0.0638338237958233,0.06396933694131106,0.05416246457044492,0.051787418388990925,0.048092902106730326,0.04454816351158796,0.042144588246873345,0.03906344725471778,0.03827176519423293,0.03862837873499206,0.03927741537917306,0.04012615560617862,0.0401475524186245,0.041852165143451144,0.0455966073214188,0.04885605508395414,0.05009707020579472,0.05131668851518886,0.05053213872552045,0.050924413620355116,0.05020405426802236,0.048656351501129215,0.04482632207337902,0.0408251181460662,0.036075025783159125,0.029142458550808263,0.023293996482364118,0.01715311131049746,0.01255992890552456,0.008551592707395767,0.0058627266100744965,0.003687384011445816,0.0020968876196616813,0.0013266023716226962,6.34772102550645e-4,4.208039780953714e-4
F-05-3233,50.2,95,0.023636153186474468,0.025140869894617307,0.02493305062898175,0.02754789050292272,0.02853174373516996,0.031770041406015824,0.0314464747012928,0.033295803103083145,0.03456376368581948,0.03510567215064016,0.03613950723158445,0.035410824490053734,0.03825452861855377,0.03956194855552471,0.0405037118099218,0.044204999237119305,0.04358680268744524,0.044878438882720896,0.047251261384023864,0.04838769078597789,0.04757745871236252,0.05179171774460826,0.05363841552278354,0.05448021507978701,0.05665311018630097,0.06100153102294451,0.05766590027831967,0.05731865796105594,0.058494546717244994,0.05602702176577999,0.05888124838874324,0.0590022570750619,0.06001767779069674,0.05992297534053444,0.06058852311528992,0.06466335909590751,0.06157500697115225,0.06307709305567945,0.06427665742440926,0.06025443391610436,0.06415301811447387,0.06455813415128213,0.06541308682636329,0.0659102746897176,0.06632854384460403,0.06959314775160562,0.06732818081854508,0.06749391010632945,0.06494220519916474,0.06764648627603684,0.06901177993255043,0.06915646423141095,0.06928536478857641,0.06888024875176933,0.0687618706890658,0.07199227648906412,0.06786745865975012,0.06412671187831753,0.06721506400307281,0.06626803950144444,0.06549989740567864,0.06569982480046743,0.06483171900730753,0.06396887446138004,0.06233262657245549,0.0640320094281547,0.05629271475095906,0.058886509635973985,0.057200279898352906,0.05660049771398828,0.054914267976366185,0.05494057421252301,0.053604217415780295,0.054711709957962824,0.055287816529786746,0.05738705417506243,0.058986473333368615,0.06073583803776491,0.061311944609589365,0.06128300774981739,0.06176441187147847,0.06148030452098887,0.06134614271659261,0.05962571487196776,0.05713451430796205,0.054022486570666634,0.04758008933597731,0.04257138197181039,0.03604217415780598,0.029949649863996865,0.023736116883868574,0.0174173589591146,0.011808869410582514,0.008094428865306837,0.005211265382571611,0.0031883158221487533,0.001825652789250226,9.180876418563817e-4,4.99818486970523e-4,2.841073504885078e-4
F-05-3236,11.9,60,0.026642277715921838,0.02710109994983553,0.027865803673024526,0.02936462297047642,0.03245402601216196,0.03643048537274731,0.03379990456497547,0.03395284530961276,0.03539048830920961,0.03572695794741298,0.0375010705852126,0.03499284237315107,0.03985635805263552,0.04098811956295667,0.04328223073252514,0.04419987520035253,0.04667751526348648,0.04933868422018503,0.04692222045490711,0.04878809753948947,0.049399860518041065,0.05120456130476781,0.053345731729698365,0.05343749617648157,0.05762807257955998,0.06117629785515921,0.056068076984252924,0.05738336738813884,0.060839828216955834,0.058576305196314946,0.060228065238404245,0.06402099570542355,0.06548922685394735,0.0673551039385303,0.06845627729992315,0.07099509366091226,0.07258567740514577,0.07105626995876681,0.07353391002190138,0.07029156623557793,0.07393155595795926,0.07405390855367022,0.07234097221372576,0.078458601999241,0.07711272344642818,0.08072212501988187,0.07662331306358691,0.07851977829709617,0.07316685223477042,0.07870330719066233,0.08292447174266758,0.0851879947633092,0.08521858291223604,0.08515740661438162,0.08592211033757112,0.09506796686691658,0.09158091788917334,0.08959268820887988,0.0965973743132964,0.10283735669452264,0.10317382633272511,0.1013997136949264,0.09867736844037094,0.09873854473822696,0.0934467949737557,0.09142797714453464,0.07218803146908787,0.0675080446831676,0.05582337179283278,0.05004221164552024,0.046096340433862064,0.04120223660544973,0.03649166167060215,0.032239908969668905,0.026948159205197632,0.023889344312439463,0.02177876203643668,0.020432883483622998,0.021381116100378145,0.020616412377188656,0.02251287761069859,0.022726994653191245,0.021350527951450565,0.022145819823567635,0.02101405831324719,0.02018817829220254,0.018750535292605966,0.01798583156941681,0.015110545570224326,0.012541141060307638,0.009421149869694518,0.0062399823812261295,0.003792930467019871,0.0022023467227857314,0.0012235259571031843,7.647037231894767e-4,1.8352889356547763e-4,1.5294074463789804e-4,9.176444678273881e-5,3.0588148927579605e-5
F-05-3238,8.1,75,0.03756114605171222,0.034191873814515446,0.03506538883897325,0.03781072177298606,0.038933812518718316,0.041304781870819755,0.04211590296495972,0.04386293301387579,0.04342617550164735,0.040244085055405956,0.04105520614954592,0.04504841768992728,0.047419387042027875,0.04635869022661492,0.05128781072177317,0.054220325446740734,0.05578017370470221,0.05758959768393649,0.05615453728661296,0.06220674852750347,0.0560921433562945,0.06488968753119662,0.06888289907157795,0.06557602076470025,0.06757262653489093,0.06825895976839398,0.06488968753119662,0.06576320255565503,0.06513926325247103,0.06195717280622963,0.06258111210941422,0.06077168813017837,0.05796396126584775,0.06445293001896799,0.06201956673654809,0.0691324747928524,0.06451532394928587,0.06557602076469966,0.06825895976839398,0.07069232305081387,0.07019317160826558,0.07268892882100456,0.0739992013576922,0.08192323050813573,0.08410701806928252,0.09221822901068134,0.08454377558151173,0.08491813916342172,0.07998901866826424,0.08516771488469632,0.07886592792253128,0.08523010881501478,0.08005141259858198,0.0815488669262257,0.07711889787361513,0.08429419986023715,0.08367026055705332,0.08416941199960022,0.08529250274533325,0.08473095737246711,0.07992662473794507,0.08235998802036568,0.07811720075870977,0.07518468603374291,0.06857092941998627,0.0741863831486469,0.058088749126485185,0.058400718778076954,0.0582135369871221,0.052598083258460805,0.04486123589897151,0.040181691125087494,0.0372491764001196,0.031134571228910963,0.029949086552860243,0.02576869322152327,0.021713087750823677,0.01927972446840361,0.019654088050314537,0.018468603374263818,0.01672157332534697,0.015161725067385229,0.015161725067385499,0.017470300489168478,0.015224118997703958,0.016971149046620806,0.01734551262853125,0.015224118997703958,0.01559848257961471,0.014974543276430122,0.009359089547768826,0.0068633323350303505,0.0041179994010182835,0.0025581511430568128,0.0010606968154138004,4.991514425476619e-4,1.247878606369177e-4,6.239393031845885e-5,2.495757212738354e-4,0
F-05-3240,16,90,0.02681318681318691,0.02779518353986449,0.028131868131867733,0.031190086509235555,0.031788636895019984,0.0352115969137247,0.03437923778349322,0.03589431844750943,0.035997194295066766,0.03787701660042099,0.04030862754267024,0.03842880523731601,0.04328267477203586,0.04460135609071795,0.0444236614449382,0.048613514145429214,0.04632218844984819,0.04842646714987072,0.04794949731119961,0.04968903436988561,0.047743745616086214,0.051157353285012586,0.05123217208323564,0.05254150105213953,0.05360766892681805,0.05637596446107104,0.05409399111526742,0.0563479074117369,0.05591769932195484,0.054037877016600615,0.05911620294599039,0.05966799158288488,0.06191255552957648,0.06493336450783282,0.07005845218611201,0.07510872106616814,0.07631517418751421,0.074070610240822607,0.07740004676174916,0.07191956979191047,0.07522094926350206,0.07535188216039307,0.07544540565817189,0.07638999298573726,0.07572597615150833,0.08250642974047186,0.07878419452887565,0.08254383913958338,0.07802665419686725,0.08695814823474429,0.08932429272854757,0.09072714519523062,0.09112929623567873,0.0874631751227499,0.08502221183072277,0.08701426233341081,0.08129997661912584,0.07501519756838866,0.0800935234977791,0.0800935234977791,0.07970072480710737,0.07878419452887565,0.07727846621463602,0.07193827449146624,0.06677577741407552,0.06628010287584721,0.05504793079261184,0.05268178629880729,0.046135141454290554,0.04252513444002821,0.0373439326630814,0.03563245265372938,0.03177928454524182,0.030516717325228072,0.03018003273322433,0.02935702595277048,0.029469254150105317,0.030357727379003812,0.03399579144260007,0.040664016834229745,0.05377601122281992,0.07726911386485745,0.07239653963058244,0.06301613280336707,0.045704933364507996,0.026757072714519617,0.016983867196632915,0.012326397007248115,0.00943652092588266,0.007163899929857402,0.005125087678279186,0.003638064063595927,0.002356792144026195,0.0013841477671264954,7.294832826747746e-4,3.6474164133738085e-4,1.776946457797528e-4,7.48187982230538e-5,3.74093991115269e-5,1.870469955576345e-5
F-05-3250,13.9,99,0.0274201385911399,0.029053505000143025,0.028747248798454427,0.032361071978374345,0.033647348025464305,0.0350561265532295,0.03362693094535176,0.0336473480254637,0.03462736787086618,0.03509696071345458,0.03434152874929063,0.03387193590670223,0.04089541146541493,0.04120166766710374,0.03856786433258621,0.04491757624758584,0.044652154206122834,0.043672134360720184,0.045856761932762634,0.048123057825254466,0.0490826605905438,0.05232897632843704,0.05302315705226336,0.054186930618678554,0.05853576868264937,0.06394629491247221,0.06076123041491558,0.06180250150065506,0.06204750646200608,0.05880119072411238,0.06453839023573583,0.06198625522166791,0.06441588775506003,0.06433421943461044,0.06257835054493209,0.06694760568901545,0.06161874777964221,0.06543674176068698,0.06768262057306684,0.06241501390403178,0.06721302773047785,0.0688668112195941,0.07123519251264863,0.07213354403759971,0.07172520243534958,0.07823825099124883,0.07936119039743916,0.08123956176779203,0.08168873753026862,0.08850804228785665,0.08771177616346684,0.09079475526046102,0.09159102138484922,0.08914097177134536,0.0895288962934836,0.09424524179947927,0.08934514257247075,0.08330168685915845,0.08505755574883755,0.08270959153589556,0.08450629458579825,0.08401628466309806,0.08164790337004281,0.08464921414658677,0.07989203448036518,0.08548631443120011,0.07190895615636242,0.07540027685560592,0.07393024708750379,0.0667638519680026,0.06180250150065506,0.052798569171025905,0.04994017795527,0.04432548092432221,0.040446235702939794,0.03875161805359871,0.03632198552020691,0.035668638956605346,0.03487237283221664,0.03187106205567341,0.029829354044419505,0.026807626187763254,0.024255491173696353,0.01941664318702461,0.01790577925869672,0.013883614476526532,0.011984826026060191,0.010249374216494588,0.008677259047829082,0.006982641398488344,0.005696365351398386,0.003838411061157267,0.002429632533392143,0.0016742005692281996,9.187686050642559e-4,4.6959284258838905e-4,2.245878812379292e-4,1.6333664090031216e-4,1.020854005626951e-4,0
F-05-3254,10.2,90,0.024042685751713425,0.024388815225436875,0.0248148207315576,0.026944848262163885,0.02609283724992155,0.02806311271573195,0.028861873039709142,0.031045151258579574,0.030246390934602938,0.031018525914447554,0.03272254793893223,0.029234627857565164,0.03365443498357168,0.035198704943261515,0.037594985915193085,0.04294668008584026,0.04110953134069272,0.04334606024782808,0.04688723101746107,0.04792561943863142,0.04619497207001417,0.05418257530978559,0.05628597749625884,0.05407607393325578,0.0551410876985587,0.05846925571513033,0.056951611099573154,0.05671198300238,0.06062590858986874,0.05540734113988443,0.05966739620109611,0.058921886565383545,0.0578834981442132,0.06225005458195569,0.05969402154522868,0.06701599118168626,0.06350144575618606,0.0665899856755645,0.06818750632351947,0.06674973774036053,0.07239431069646536,0.07463083960360214,0.07561597733650735,0.07952990292399487,0.08565373207448737,0.09191068794564121,0.08549398000969193,0.08975403507090281,0.0835503298880141,0.089168277499987,0.09302895239920926,0.08887539871452871,0.08892864940279306,0.08698499928111601,0.09018004057702478,0.09177756122497835,0.08919490284411957,0.08581348413928204,0.09595774025379313,0.09675650057777031,0.09587786422139455,0.09917940689383446,0.09390758875558416,0.09236331879589577,0.08482834640637761,0.08940790559717937,0.07598873215436337,0.07545622527171124,0.07186180381381455,0.06445995814495925,0.056845109723042866,0.05018877368990012,0.048671129074343025,0.043772065753950026,0.04052377376977612,0.036476721461624693,0.03360118429530714,0.029740509396083786,0.02550707967900494,0.025693457087932952,0.022684793200952205,0.021007396520599728,0.01938325052851315,0.017093470933111872,0.016321335953267253,0.015123195467301469,0.015256322187964062,0.012966542592563055,0.012167782268585866,0.010330633523438328,0.006736212065540971,0.004606184534935049,0.002582658380859582,0.0013845178948937965,9.851377329052012e-4,5.325068826514507e-4,2.928787854583031e-4,2.1300275306058406e-4,1.0650137653029203e-4,2.6625344132573007e-5
F-05-3255,39.4,50,0.02692245013935501,0.028046482280824278,0.02642102316174743,0.02876937284020786,0.03050347447109911,0.032847645591412344,0.03227936168345762,0.0334368222901001,0.03466531838523811,0.03602752834107076,0.03649970541165078,0.036345098760221926,0.04053619258138729,0.04110865504748946,0.042834399562087254,0.046507352173059326,0.04664942315004801,0.047338885244256945,0.049595306643489774,0.05117062306480544,0.04919834361955081,0.05420425627932796,0.05526978860674306,0.05734653200566633,0.05841624289122816,0.06327590601587038,0.060768771127834305,0.06211844540922676,0.06294997848042577,0.05961131052119177,0.063906868296026,0.06507268601896195,0.06619671816043121,0.06696975141757609,0.06826510444306112,0.07220966333357037,0.06974431402700147,0.0707179180751886,0.072230556124304,0.06927213695642206,0.07342980231241368,0.07396883631334197,0.07525165366438684,0.07613332943334532,0.07637150724770937,0.08251398772339573,0.07561100966500527,0.07511376124554421,0.07133216612275793,0.07584083036307518,0.07463322705867073,0.07303283928847537,0.07123188072723588,0.07135305891349156,0.06881249556028221,0.07174584337928316,0.06744192848815611,0.06302519252706627,0.06505597178637562,0.06291237145710524,0.06083562805818192,0.056410534980799724,0.05417082781415416,0.051049444878550385,0.04835009631576545,0.04804506157105404,0.04069915634911032,0.04208225909567622,0.03973808797536336,0.03944976746323928,0.03906951867188687,0.03847616341505214,0.03794966508856434,0.03823798560068876,0.038701805554975335,0.03911548281150085,0.040068194068954704,0.042420722305561015,0.044397180308962746,0.047819419431131265,0.0519060492986292,0.05464718344288042,0.057066568609835694,0.059920523824049485,0.06071862843007413,0.06038434377833606,0.058290886146825344,0.05331422339407583,0.046958636452905725,0.04034397890663862,0.031740327682529976,0.025276098229544554,0.018987368218722513,0.012940994580410129,0.008545151410054477,0.005085305264565337,0.0031088472611640735,0.0016045663283427477,6.64390745329419e-4,3.4682032617825017e-4
F-06-3345,36.2,1,0.01689635174849288,0.018066586960005692,0.017714939926003988,0.01887364572656625,0.021104586745558658,0.022453527826809882,0.022730233689630643,0.02400999830517625,0.024234821818718544,0.025860468762790533,0.02775705686420785,0.027843527446339337,0.030766233122383108,0.03131964484802518,0.03276658592235876,0.035856468057190616,0.03619658568024114,0.03709011502893253,0.03820846789116711,0.03917117370556435,0.039384467808155355,0.042307173484199295,0.04382905572971348,0.04443434980463429,0.04643470260460939,0.050689055245478634,0.05019329057459099,0.05153646695036676,0.05302952566850426,0.05153070224489179,0.05586576076241709,0.057018701857503094,0.05972234872548095,0.060402583971582526,0.06122693685456938,0.06670340705623033,0.06505470129025603,0.06725681878187126,0.06963764214322551,0.06885364219856668,0.07294081838064773,0.07641693578233422,0.07815211213043942,0.08095375899149894,0.08234881771655433,0.08593446452227263,0.0839514058387246,0.0826831706341287,0.08050411196441591,0.08507552340643394,0.08222199419609409,0.08155328836094464,0.08106905310100758,0.07969128849237991,0.07917246499959099,0.08193375892232246,0.0783769356439813,0.07412258300311139,0.0770856416174844,0.07441658298235912,0.07199540668267679,0.06929175981469955,0.06363658374329963,0.05767587828170292,0.052257055134796296,0.04805458484320552,0.0382776443568723,0.0363522327280775,0.032097880087208576,0.030028350821528285,0.028806233260736322,0.029497997917788486,0.030893056642842896,0.03204599773792968,0.03557399748889442,0.03780493850788649,0.04035870303350346,0.04332752635335085,0.04770293780920456,0.05448223144831327,0.060448701615385986,0.06834634811672739,0.07325787718179716,0.0784115238768339,0.07980658260188857,0.08155905306642007,0.08072317077248091,0.07370752420888091,0.06732023054210161,0.057007172446552734,0.046624937885298666,0.03470929166757892,0.02567599818757669,0.01724223407701883,0.01063011689669767,0.0056724701878255535,0.0033838821140789216,0.0016256469440719863,7.436470063308022e-4,3.055293901979265e-4
F-06-3350,18.2,30,0.021511640002496592,0.022811908377889274,0.022926331994923426,0.023779308049181432,0.026005367507853712,0.029198826637818146,0.030852768011317644,0.03321405538103017,0.034545530197432874,0.03528408263465591,0.03608504795389781,0.03528408263465591,0.03968419081698406,0.04166059874758164,0.04325212723906229,0.04714253021823721,0.046539205692055004,0.048193147065553645,0.048744460856720996,0.05000312064410112,0.04948301329394404,0.0536022635071876,0.055204194145671376,0.056431647492042554,0.05724301495828759,0.06432687706742694,0.0622464476667981,0.06299540225102428,0.06316183660307509,0.06344269457215991,0.06814446501757987,0.06935111406994367,0.06944473339297194,0.07199325940874221,0.07362639648823543,0.07884827428381246,0.07741277799737825,0.07892108931283374,0.08223937420683658,0.0778080595834983,0.08385170699232278,0.0835500447292324,0.08389331558033607,0.08456945513553953,0.0867331017121937,0.09075873260240866,0.08206253770778317,0.08482950881061806,0.07879626354879675,0.08359165331724497,0.08372688122828507,0.08624420080304605,0.08638983086108927,0.08566168057087012,0.08705556826929109,0.09193417521376364,0.08908398693490367,0.08585932136392906,0.08655626521314029,0.08836623879168691,0.08445503151850497,0.0820937441487926,0.07750639732040653,0.071462749911582,0.06472215865354632,0.05921942288888395,0.04735057315830004,0.043626604531175006,0.03876880188070831,0.033963009965256946,0.030925583040339363,0.03068633365926738,0.02846027420059485,0.027856949674412896,0.026161399712900834,0.027274429442236733,0.02704558220816786,0.02836665487756658,0.029115609461793014,0.03236107932677316,0.032257057856741746,0.03248590509081028,0.03379657561320668,0.033130838205005626,0.03321405538103076,0.032184242827719756,0.03142488609648987,0.029084403020783592,0.026150997565897692,0.020117752304075632,0.014750244450454626,0.009861235358977953,0.005970832379803212,0.0037031643331183685,0.002184450870659712,9.98606112301565e-4,6.65737408201055e-4,2.3924938107225415e-4,1.352279110408393e-4,6.24128820188489e-5
F-06-3364,2.5,95,0.03343297671491516,0.03618628067967288,0.031466331025801944,0.03421963499056022,0.03539962240402782,0.03697293895531794,0.043659534298300974,0.04483952171176777,0.0452328508495911,0.039726242920075656,0.041692888609188315,0.0452328508495911,0.043266205160477675,0.04916614222781641,0.059392699811202224,0.05860604153555716,0.05624606670862197,0.05703272498426603,0.07512586532410348,0.057426054122089565,0.06725928256765284,0.0735525487728127,0.07827249842668303,0.07748584015103867,0.07237256135934576,0.0818124606670865,0.07827249842668303,0.06568596601636213,0.07394587791063588,0.07079924480805563,0.0818124606670865,0.07866582756450555,0.07984581497797313,0.09321900566393991,0.07709251101321614,0.09597230962869763,0.08456576463184347,0.0778791692888605,0.08889238514789206,0.09990560100692294,0.09793895531780941,0.10108558842039055,0.10698552548772851,0.10383889238514733,0.10698552548772851,0.11013215859030777,0.10108558842039055,0.10265890497167975,0.08771239773442448,0.0955789804908751,0.08220578980490831,0.08338577721837663,0.08102580239144072,0.07827249842668373,0.07945248584015131,0.09715229704216435,0.08063247325361891,0.08810572687224622,0.08023914411579638,0.07945248584015131,0.070799244808055,0.07197923222152322,0.06843926998111984,0.06843926998112045,0.04641283826305869,0.052706104468218724,0.03618628067967288,0.037759597230962665,0.02753303964757719,0.023599748269351878,0.021633102580239028,0.017306482064191376,0.012979861548143417,0.011406544996853406,0.008259911894273157,0.01219320327249836,0.00904657016991822,0.008653241032095612,0.0035399622404027817,0.002753303964757719,0.004719949653870376,0.005113278791692816,0.005113278791692906,0.001573316551290125,0.002359974826935188,7.866582756450625e-4,0.0011799874134675729,7.866582756450625e-4,0,0.001179987413467594,0,0,0,0,0,0,0,0,0,0
F-06-3365,17.4,95,0.02071525123218922,0.023093046757281434,0.02070232843042205,0.023803800854455735,0.025535456291207674,0.02796494302336711,0.027835715005699053,0.028520623499339242,0.02921845479474724,0.029631984451285016,0.031673787130440285,0.03128610307743612,0.03440049830323564,0.03821272482444387,0.040784362376038164,0.04468704850961343,0.04185695492268302,0.04426059605130806,0.047245763259440916,0.04612147950572884,0.047103612440006055,0.050889993357679623,0.053733009746376806,0.05415946220468186,0.05395269737641297,0.056705254152742544,0.05736431704284912,0.053797623755210834,0.05551635639019644,0.05502528992305783,0.057260934628715184,0.058889207651332154,0.05963873015380687,0.05976795817147545,0.06120238916759086,0.06595798021777528,0.061499613608226845,0.06478200525699541,0.0652859945259014,0.06217159930010127,0.06753456203332496,0.06970559273014888,0.06899483863297458,0.07227723028174254,0.07364704726902456,0.07665806008068957,0.07439656977149928,0.07429318735736418,0.0704551152326236,0.07424149615029761,0.07682605650365804,0.07757557900613343,0.07771772982556761,0.07540454830931011,0.07783403504146955,0.0779374174556033,0.07855771194041065,0.07586976917291444,0.07981122371179078,0.07899708720048204,0.079152160821683,0.08186594919271287,0.08408867109660266,0.08349422221533036,0.08185302639094605,0.08766828718600776,0.0786740171563119,0.07972076409942244,0.0777177298255683,0.07258737752414651,0.07035173281848854,0.06783178647396208,0.060879319123420185,0.057855383509988235,0.057364317042849625,0.05409484819584735,0.05306102405450339,0.05233734715556183,0.051471519437186315,0.05024385326933979,0.04663839157640106,0.04344645953999933,0.0385099492650804,0.03362513019722792,0.02821047625693641,0.025509610687674062,0.02171030696823286,0.018259918896496176,0.015455670913099382,0.011540061977757313,0.008890887615562186,0.005970334416264037,0.003967300142409289,0.002571637551594295,0.0013181257802141614,6.59062890107069e-4,2.584560353361101e-4,1.0338241413444402e-4,5.169120706722201e-5,0
F-06-3377,12.7,40,0.03731918126231812,0.03859414261505212,0.03665513889110184,0.04077220159263937,0.042923698875377995,0.04613766395206162,0.04345493277235049,0.04757199547388652,0.04682826801812587,0.04645640429024512,0.049484437502988365,0.048076667676011244,0.05384055545816191,0.05477021477786474,0.052406223936337114,0.05665609511211712,0.05782480968545661,0.05963100493516205,0.05928570290213099,0.05976381340940624,0.05692171206060336,0.06183562560759844,0.06507615237913066,0.06746670491550749,0.067944815422782745,0.07235405676765448,0.07248686524189697,0.07532896659069982,0.07700235336616386,0.07737421709404461,0.07987101640981537,0.07854293166738341,0.0792866591231449,0.07790545099101712,0.07771951912707674,0.07987101640981537,0.07726797031464942,0.07894135709011278,0.07830387641374649,0.07575395370827849,0.08053505878103027,0.07947259098708599,0.07694922997646661,0.07718828523010356,0.07593988557221887,0.08082723742436514,0.07325715439250774,0.07601957065676405,0.07400088184826924,0.07671017472282898,0.07854293166738341,0.07902104217465936,0.0759664472670668,0.08016319505315024,0.07963196115617774,0.07947259098708528,0.0739743201534206,0.07004318931582348,0.06999006592612686,0.06890103643733324,0.06677610084944265,0.061543446964264115,0.05928570290213046,0.05296401952815824,0.049856301230869114,0.047837612422373194,0.04045346125445587,0.03832852566656553,0.032245897546230744,0.03190059551319862,0.030227208737734976,0.02903193246954712,0.027039805355900004,0.02738510738893237,0.02951004297682237,0.028925685690152362,0.029111617554092997,0.031714663649257964,0.03205996568229037,0.03381303754229962,0.030705319245010496,0.031130306362587942,0.027783532811661744,0.02541954197013412,0.024808622988615747,0.02170090469132662,0.019124420291009657,0.014502685387349248,0.012988668780977623,0.009110661333078373,0.0073841511679177485,0.005365462359422154,0.0030811566024404997,0.0016999484703119998,0.0014077698269771247,7.437274557614866e-4,3.1874033818349995e-4,2.3905525363762496e-4,7.968508454587499e-5,7.968508454587499e-5
F-06-3392,2.5,65,0.025247285052223924,0.02600816213598958,0.0224804592930757,0.026492356643840448,0.027045721795670014,0.030365912706647406,0.03195683751815741,0.03071176592654034,0.03423946876945436,0.03652210002075132,0.03742131839247437,0.03610707615687915,0.04150238638721668,0.04399252957045045,0.04945701044476741,0.04959535173272481,0.05505983260704177,0.05651241613059337,0.05990177768555047,0.05886421802587003,0.06073182541329481,0.05782665836618908,0.06633464757556858,0.06363699246040003,0.06467455212008047,0.06626547693159046,0.07055405685826897,0.0688939614027803,0.06896313204675959,0.06799474303105786,0.07325171197343873,0.07622604966452197,0.07899287542366977,0.08051462959120177,0.08535657466971047,0.09206612713564395,0.08853842429272969,0.09213529777962184,0.09531714740264266,0.09151276198381439,0.10278757695234088,0.10866708169053092,0.10659196237117005,0.10368679532406391,0.09753060800996091,0.10209587051255394,0.10133499342878918,0.09531714740264181,0.09006017846026178,0.09711558414608874,0.10029743376910787,0.10417098983191571,0.10486269627170174,0.10825205782665875,0.10866708169053092,0.11468492771667643,0.11281732032925267,0.10271840630836218,0.10306425952825657,0.0881234004288583,0.07491180742892677,0.06432869890018698,0.05782665836618908,0.0513246178321922,0.048142768209172196,0.037421318392474034,0.03340942104171002,0.029881718198796273,0.028152452099329144,0.02296465380092697,0.020405339973715048,0.018399391298333054,0.016600954554886818,0.013903299439717832,0.014387493947568702,0.01293491042401598,0.011205644324548701,0.010098914020889482,0.009407207581102613,0.008715501141315656,0.009061354361209134,0.009753060800995918,0.008300477277443482,0.009891402088953482,0.009199695649166527,0.007677941481635221,0.006225357958082501,0.0049111157224873934,0.002697655115169132,0.0022826312512969574,0.0013834128795739138,6.225357958082502e-4,7.608770837656526e-4,4.150238638721741e-4,2.7668257591478276e-4,0,0,0,0,0
F-11-12271,33.2,40,0.018088820487638435,0.018272216350227775,0.018298415759168782,0.01985166643211965,0.021090524197774175,0.023512098138494652,0.024223224952616584,0.025570623126741895,0.02695544902792717,0.028385188201582846,0.029773756875473567,0.02879315042652648,0.03270809067690243,0.03408917380538193,0.035503941888213986,0.03824739428164228,0.03743895537716682,0.038374648553642365,0.039714561182357014,0.04137635226377879,0.0390970036858827,0.04331510852543715,0.044254544474619274,0.045122867742389605,0.0473311036388735,0.04949442626288654,0.04923991771888457,0.05028415130383203,0.05236513292831561,0.050336550121715146,0.05485407677774238,0.05581222659045353,0.05659820885869356,0.058259999940115846,0.05994424765777306,0.0640163843617976,0.06262407291520042,0.06448048817732924,0.06551723621686546,0.06426340736038733,0.06891941660653242,0.07170778227243219,0.07317869194585282,0.07488539629974479,0.07711983160517069,0.08137910694448976,0.07925695482024239,0.08088880372001621,0.077580192647997,0.08385307970309362,0.08530527551298397,0.08571698051063427,0.08616237046263618,0.08599768846357714,0.08547370028475046,0.09027193489371975,0.08694460995817108,0.08244205439296674,0.08421612865556641,0.08361728502262161,0.08008036481554076,0.07731071301317184,0.07212697281549289,0.06601502498675083,0.05864176275611815,0.05446108564362187,0.04308679939037734,0.039815616045416086,0.035185806208212066,0.03364752662608515,0.03137192082089468,0.03219158804348814,0.03259955026843148,0.03434742512208937,0.03651823329151422,0.03933279836635436,0.04271626489249275,0.04508918278803606,0.048094629270878105,0.05153798016031062,0.056186503861044526,0.05916949370764968,0.06268021450578955,0.06512424508274545,0.06804360779335128,0.06872479242582598,0.06819331870158626,0.0644056327232117,0.059779565658713237,0.05138078370666262,0.04232701653107864,0.03305616853855158,0.023699236773789895,0.016531827041981993,0.010621988939358137,0.006486225099333095,0.0038063998419052944,0.0018826146710701703,9.356931764762278e-4,3.967339068259206e-4
F-11-12295,10.4,35,0.018365734155207904,0.01741741741741748,0.018334123597281232,0.018997945313734856,0.022569938359412123,0.02427690848743489,0.025509720246562444,0.027121858700805683,0.02908171329223971,0.031104788999525953,0.03123123123123134,0.030915125651967867,0.032811759127548135,0.036162478267741556,0.03783783783783797,0.03884937569148109,0.03875454401770205,0.0403982930298714,0.04346451714872783,0.04371740161213861,0.045297929508455986,0.04956535482851246,0.04807965860597414,0.04874348032242787,0.05301090564248478,0.05601390864548779,0.055571360834518434,0.057057057057056756,0.05964912280701776,0.05803698435277403,0.06287339971550521,0.06568673937094954,0.0640429903587795,0.06789947842579445,0.0711237553342819,0.07479058005373822,0.07422159001106331,0.07485380116959024,0.07899478425794243,0.07953216374269034,0.08342026236763035,0.08108108108108138,0.07921605816342686,0.08484273747431598,0.08519045361150655,0.08816184605658244,0.08591749644381254,0.08430535798956806,0.08300932511458857,0.08740319266635087,0.08721352931879202,0.08828828828828861,0.08844634107791956,0.08964754227912154,0.0909435751541018,0.09894104630946683,0.09758179231863477,0.09498972656867344,0.1017227754069863,0.10361940888256714,0.10254464991307043,0.1017227754069863,0.10033191085822611,0.09669669669669705,0.08519045361150655,0.08120752331278604,0.06584479216058187,0.06432748538011662,0.05373794847479077,0.04779516358463744,0.04526631895052924,0.037300458353090066,0.036352141615299316,0.03104156788367326,0.026489647542279216,0.026015489173383772,0.02579421526789957,0.024276908487434676,0.02073652599968397,0.0241504662557295,0.02238027501185404,0.024814287972182356,0.023676307886834287,0.027121858700806165,0.028133396554449287,0.028923660502607973,0.025762604709972763,0.02212739054844326,0.019250829777145637,0.015204678362573153,0.010874031926663544,0.00787102892366039,0.004868025920657517,0.002528844634107801,0.001959854591433546,9.167061798640616e-4,4.425478109688652e-4,2.212739054844326e-4,1.5805278963173757e-4,3.1610557926347514e-5
F-11-13701,11.5,80,0.024891174150574166,0.026483391276403145,0.026760933711180195,0.027199158608197826,0.029507143065821487,0.029930760466271397,0.02902509567910262,0.032078062461654865,0.034678196850623864,0.03610973151421323,0.0368254988460079,0.03730754623272677,0.039849250635425534,0.04312132986648764,0.044304537088433946,0.0493149084109967,0.046524876566654175,0.04813170118904953,0.05036664816383787,0.0510678079990653,0.04962166583890871,0.05245552017295248,0.05433988723012621,0.05707148908820027,0.056691694177452075,0.0596716234771687,0.05762657395775481,0.05832773379298225,0.05927722106985326,0.058386163779251724,0.06046042829179957,0.06412690993017582,0.06703380174705623,0.07007216103304241,0.07200035057991787,0.07737590931666159,0.07695229191621099,0.07918723889099843,0.08104239095503842,0.07804785415875455,0.08292675801221143,0.08365713284057409,0.08450436764147391,0.08523474246983506,0.08399310526162057,0.08964620643314102,0.08386163779251542,0.0861257997604366,0.08127611090011423,0.0886528966665696,0.08700224955447089,0.08986531888165039,0.094612755266002,0.09373630547196855,0.09411610038271676,0.10128838119722988,0.09617575739869735,0.0894124864880652,0.09214408834613957,0.08602354728446669,0.08171433579713065,0.07934792135323877,0.07429372754097363,0.07162055566916968,0.06373250752286096,0.06158520552747637,0.05391626982967678,0.052134155248473237,0.049125010955622606,0.0441730696193288,0.03907505331736226,0.03461976686435491,0.03162523006807077,0.02849922580268204,0.027900318443425266,0.027710420988050922,0.025519296502965413,0.027199158608197584,0.02626427882789457,0.02937567559671634,0.03234099739986573,0.03590522656227125,0.04056501796722092,0.037716556136609444,0.03273539980718116,0.024803529171170735,0.01882906307516991,0.013920944228578156,0.009611732741242841,0.005813783633760867,0.0044552864530077,0.0028776768237459053,0.0015483946361272661,9.933097665722084e-4,5.25869876420581e-4,1.8989745537409527e-4,1.3146746910514524e-4,7.30374828361918e-5,2.9214993134476717e-5,0
F-11-13716,36.7,5,0.02572253347631323,0.02721145443983223,0.02670701127186357,0.02887937136617865,0.029505857236074625,0.032959665700631,0.03274405692722524,0.03428179497151475,0.0357056264940062,0.0360880269600466,0.037642037364593754,0.036254818652681244,0.03937911182203189,0.0409982116676079,0.042759694665432287,0.04546090646810064,0.04524529769469488,0.046795240009176946,0.048398067494496044,0.05022463993334859,0.049268638768247594,0.05369878884822578,0.05653017953295041,0.05779535554293564,0.06038672891386898,0.06416598458356612,0.06147697705109,0.06305946408608695,0.06499994304673933,0.06142815997031943,0.06398698862073869,0.06427175492523629,0.06397071626048109,0.0645199084191567,0.06523182418040213,0.06887683287797869,0.06611866781441013,0.06789235508242727,0.06679803885514206,0.06371035849636905,0.06809575958564025,0.06888496905810722,0.06869783691515127,0.0702925282203404,0.07027218777001973,0.0742426436727364,0.07084985655914458,0.07200519413739366,0.06870597309527979,0.07246488831465563,0.07325002969705707,0.07031286867066232,0.06882394770714272,0.06719264359137524,0.06774183575005027,0.06864901983437954,0.0651748709195025,0.05967481315262303,0.062343480234777836,0.06027689048213397,0.05860897355578703,0.05687189909834872,0.05343843108411317,0.05065178939009585,0.04778785398485711,0.04833704614353172,0.04235288565900633,0.04182403395065221,0.041571812366668494,0.039985257241607265,0.04008289140314914,0.040831419974973256,0.0418158977705237,0.04415504955747332,0.046689469667507026,0.04844281648520247,0.05199019102123724,0.05468326664377659,0.05912155290388426,0.061989556399187254,0.06357204343418422,0.06561829273650562,0.06724146067214636,0.06494705787590395,0.05899544211189221,0.05385744436073238,0.0481255054601898,0.044000462135031455,0.04064021974195305,0.03599039279850437,0.03133649776499143,0.026755828352634684,0.022455857154712797,0.016923254667319792,0.011858482537316632,0.007782256292928409,0.004511511881263857,0.002627986181511679,0.00159062321512549,8.339584631732108e-4
F-12-4064,18.7,40,0.02324205788152474,0.024612632368641342,0.02412211097325181,0.026459301151282665,0.0282915428340596,0.03244654759500257,0.03098941050869965,0.032114724298121136,0.034509622875609665,0.03544738436679471,0.0370343653518771,0.03733733444902919,0.039948639524482216,0.041564474709294086,0.04270421559858053,0.04874917044175797,0.047133335256946816,0.04853276394379133,0.04898000403958814,0.05024958882765405,0.05111521481951716,0.054520010387511614,0.05427474968981707,0.056900481865135674,0.05666964826730551,0.06023314193380868,0.058444181550624384,0.05967048503909713,0.059295380442623634,0.057881524655913875,0.06200767521712808,0.06321955160573588,0.0649508035894621,0.06730242086735748,0.06822575525867815,0.07359263640822948,0.07144299852843544,0.07353492800877129,0.07301555241365407,0.068370026257322,0.07376576160660145,0.07481893989670223,0.07510748189398994,0.07603081628530993,0.07448711659982137,0.07921920535533905,0.07444383530022822,0.07448711659982071,0.07216435352165533,0.07610295178463253,0.07945003895316921,0.08053207144299881,0.0797530080503213,0.0816285310326921,0.08095045733906599,0.08646160948726042,0.07867097556049311,0.075771128487751,0.07575670138788727,0.07264044781718006,0.06874513085379541,0.06637908647603682,0.0632051245058715,0.05902126554520031,0.056308970770695875,0.05529907378018842,0.04709005395735366,0.04452203018149268,0.042949476296275074,0.040439160919872034,0.03872233603600984,0.037568168046859356,0.03841936693885775,0.03885217993478965,0.039097440632484194,0.039472545228957864,0.03980436852583908,0.04153562050956495,0.0419395793057681,0.046181146665897385,0.05339469659809004,0.06192111261794066,0.0663935135759012,0.06591741928037649,0.06017543353435114,0.05449115618778333,0.044406613382577204,0.03488472747208369,0.025810081657385325,0.018149291629396724,0.012205326485269974,0.008814958017139269,0.006203652941685685,0.0041694318608073554,0.002582450875724971,0.0016879706841330514,9.089072914562747e-4,6.492194938973391e-4,2.1640649796577968e-4,8.656259918631187e-5
F-12-4065,28.9,45,0.02795040715649874,0.029319000429240724,0.029561614691226278,0.03186333974083832,0.033225712135067836,0.03573894705410311,0.034034426341688094,0.03577627232517726,0.03845747096404968,0.03886182806735981,0.0400935620128276,0.03819619406652621,0.042463716726075455,0.04407492426080427,0.04687431959141287,0.05058196318484114,0.04999097972615711,0.05139689826997296,0.05231758828981848,0.054277165021244494,0.053748390347685096,0.057574230632849666,0.058532245923769044,0.06186663680645003,0.063664470696552,0.06621503088666206,0.06533788701640411,0.06512015626846789,0.06642654075608581,0.06305482460233057,0.06684333961642087,0.06859140647842252,0.06747786922469155,0.06912018115198253,0.06937523717099355,0.0724048050065633,0.06911396027346946,0.06910151851644453,0.07093045679910942,0.0673845560470052,0.07299578846524668,0.07248567642722531,0.07303933461483457,0.07430217295286401,0.07681540787189994,0.08020578666119187,0.07726331112479733,0.07758057592893228,0.07478740147683682,0.08001916030581868,0.07940951421159655,0.08104560526037516,0.07887451865952469,0.08095851296120067,0.07977032516532014,0.0821280381215431,0.07759923856447036,0.0733503785404571,0.07403467517682874,0.0725230016983001,0.06916372730156917,0.06786978457097737,0.06628346055029856,0.06043583474858341,0.05678417906176731,0.05682150433284158,0.04739687338645981,0.046538392151739424,0.04315423424095966,0.04143727177151972,0.0388742698243844,0.03756166445825493,0.036802717279734054,0.0369520183640335,0.037319050196268855,0.03888049070289686,0.04126930805168321,0.041151111359946035,0.04364568364344429,0.04508892745833583,0.04412469128890398,0.04321644302608353,0.04228953212772723,0.04061611580787453,0.037760732570653766,0.034737385613596475,0.031259914525128794,0.027203901735003116,0.023645559225873962,0.02003122881013264,0.01472481943900123,0.01100473408854783,0.00816179260835218,0.005045132473607941,0.0031228810132567036,0.0018102756471268617,0.0010202240760440226,4.2924061735998513e-4,1.6174284132405237e-4,7.465054214956263e-5
F-12-4070,21.2,70,0.023559798978387784,0.024935152100301842,0.02331223541644284,0.026970674720734642,0.029267514434331118,0.03339357380007329,0.03240331955229517,0.03509901167124609,0.03552537113904007,0.03636433654340765,0.0376021543531303,0.03692823132339241,0.042690960904211546,0.0429247709349377,0.0429247709349377,0.04626687902118885,0.04485026530561737,0.0466657314265431,0.05033792426205446,0.05013162129376735,0.050049100106452506,0.05505538547021919,0.05233218628882938,0.05626569621750404,0.056554520373105995,0.06058430502031418,0.05769606346429415,0.060556797957875365,0.06187713695491339,0.06187713695491339,0.06583815394602588,0.06608571750796982,0.06823126837815573,0.06872639550204539,0.06941407206300242,0.07310001842973209,0.071958475338542785,0.07399399795897557,0.07663467595305122,0.07246735599365163,0.07741862723254155,0.07733610604522738,0.07640086592232583,0.07851890973007278,0.07711604954572114,0.0828100114704446,0.07785874023155473,0.07748739488863725,0.07125704524636725,0.07862893797982659,0.07816131791837513,0.08071947472513596,0.08126961597390087,0.08065070706904026,0.08311258915726642,0.08952173470538513,0.08576702068256055,0.08155844012950282,0.08278250440800705,0.08465298465381016,0.08115958772414775,0.07960543869638557,0.0765521547657357,0.0714083340897778,0.0683550501591286,0.06674588700648856,0.054904096626809125,0.055605526718984805,0.05200210153957047,0.05013162129376735,0.04688578792604976,0.04337863746516934,0.04039412119061548,0.03776719672775999,0.03580044176342288,0.03536032876441007,0.03474141985954906,0.0323758124898566,0.033833686799085785,0.03534657523319125,0.035814195294642026,0.037093273698021435,0.036584393042913894,0.03669442129266702,0.03438382804785141,0.03318727083178618,0.03075289580599775,0.02684689293976238,0.021414248108201858,0.017398216992212813,0.012350671034788225,0.008527189355866997,0.005680208393505052,0.0032045727740597513,0.001760451996049992,8.527189355866997e-4,3.3008474925937353e-4,2.0630296828710843e-4,6.876765609570282e-5,1.3753531219140562e-5
G-04-5528,44.4,35,0.02119989279256501,0.023004299622131623,0.021917125632768923,0.024329292921666936,0.025522164382217244,0.027926781851744294,0.028689313608172024,0.029308398796558374,0.030176628024174628,0.031290226381333934,0.03223772871234067,0.030961809238714073,0.03438187741358239,0.03488394040172601,0.035623822700042024,0.03931568437225153,0.03906654033302267,0.040455707097207125,0.0405463049296547,0.04360398177473619,0.04119181448583857,0.045687731921013545,0.04663523425202028,0.048571762920572296,0.051085852770972634,0.053973658680216266,0.052456144986730915,0.05326775056906735,0.05459274386860313,0.05281853631651881,0.05545719818653358,0.05651039798872782,0.05927740678804228,0.05878666852895565,0.06003993854447053,0.0636902762101419,0.06167069952851346,0.06353173000335934,0.06427916212104648,0.06150082859267614,0.06647615955788223,0.06641953591260352,0.06592879765351638,0.06737836297266553,0.06759353282472741,0.07153076362647987,0.06771810484434183,0.06810692054192567,0.06499262005156549,0.06939793965429401,0.07035676671435599,0.0722744208344818,0.07167421019452072,0.07262548743521337,0.07347106720471738,0.07875971567380209,0.07468281321369412,0.0699037775521217,0.07240654267346679,0.0697754306228226,0.06635913735763836,0.06381484822975633,0.059220783142762995,0.05541189927031015,0.05018364935618933,0.05051206649880875,0.042237464468662736,0.04272820272774951,0.04175805093863144,0.04141830906695572,0.04159950473184907,0.04296979694760818,0.043366162464562805,0.04548011188832323,0.048171622493932004,0.0515841408494299,0.0535395440664084,0.058311029908609126,0.06127433401155899,0.0658683990985518,0.06845798714265786,0.07146659016182935,0.0740524032962514,0.07826520250503034,0.07977139146945937,0.08102088657528897,0.07578508684179623,0.06781247758647398,0.057661745442740484,0.04845474072032844,0.039579928050221536,0.030542794263646807,0.02227951696255675,0.014707048133873449,0.009731717168666774,0.00634939809065059,0.0036918616722095053,0.001981827584775041,0.0010909488990475942,5.473619043664399e-4
G-04-5535,4.8,35,0.032798204729846486,0.02783531848783024,0.025461764198169843,0.02783531848783024,0.03301398239254284,0.03754531330916637,0.03344553771793556,0.033445537717934966,0.03409287070602464,0.039271534610737235,0.035387536682202785,0.0446659761781462,0.04272397721387821,0.04337131020196805,0.0483341964439843,0.05545485931296412,0.05027619540825152,0.050923528396339686,0.04962886242016244,0.052433972035215104,0.05653374762644591,0.05243397203521463,0.06257552218194339,0.05178663904712603,0.059123079578802216,0.06149663386846216,0.058907301916105326,0.05610219230105269,0.06322285517003302,0.06300707750733667,0.06710685309856748,0.06322285517003245,0.07206973934058307,0.06689107543587113,0.07077507336440557,0.0701277403763165,0.07616951493181384,0.07940617987225919,0.08026929052304535,0.08156395649922349,0.08070084584843733,0.08350595546349072,0.08501639910236523,0.07811151389608105,0.07767995857068904,0.08738995339202438,0.07962195753495627,0.07358018297945756,0.07660107025720725,0.07358018297945823,0.07962195753495555,0.0789746245468672,0.07616951493181384,0.08890039703089968,0.07983773519765262,0.09602105989987865,0.09731572587605766,0.0848006214396681,0.09429483859830864,0.0804850681857417,0.07120662868979764,0.07638529259451089,0.05933885724149804,0.059123079578802216,0.04790264111859158,0.047471085793198434,0.04337131020196805,0.04574486449162758,0.05308130502330418,0.04574486449162799,0.05243397203521463,0.05545485931296412,0.0481184187812875,0.045529086828931635,0.04186086656309354,0.03258242706714983,0.03905575694804088,0.03020887277748991,0.03732953564647001,0.028914206801312032,0.03452442603141735,0.03236664940445319,0.036897980321077294,0.03883997928534452,0.037761090971862726,0.03452442603141735,0.019635767305368267,0.012946659761781507,0.009062661833247054,0.004531330916623527,0.004099775591230811,0.003236664940445319,0.00280510961505266,0.0025893319523563013,0.0012946659761781506,6.473329880890638e-4,4.315553253927169e-4,0,0,0
G-05-1360,4.2,65,0.0427735254389916,0.04827655210365719,0.046775726649656645,0.04927710240632366,0.056030816949322326,0.06903797088398644,0.06303466906798762,0.06253439391665326,0.06553604482465379,0.06453549452198733,0.059782880584321595,0.071289209064986,0.0707889339136515,0.07429085997298542,0.07479113512431865,0.08529691330231658,0.07203962179198585,0.07904347391064973,0.06853769573265321,0.07879333633498452,0.07429085997298542,0.07304017209465168,0.08779828905898197,0.08729801390764952,0.08229526239431717,0.08529691330231658,0.08254539996998306,0.09330131572364751,0.088298564210316,0.09480214117764804,0.09380159087498158,0.10080544299364598,0.10555805693131166,0.0998048926909804,0.11356245935264436,0.11656411026064377,0.11081094602031058,0.09430186602631398,0.0998048926909804,0.09105007754264878,0.08604732602931567,0.08904897693731584,0.08529691330231658,0.09054980239131474,0.088298564210316,0.09004952723998151,0.07729251088098482,0.08304567512131629,0.07604182300265173,0.08054429936465085,0.07879333633498382,0.07754264845665143,0.06928810845965244,0.06728700785432012,0.06003301815998821,0.055280404222321985,0.046275451498324245,0.04102256240932491,0.04452448846865792,0.03752063634999263,0.04052228725799168,0.03051678423132734,0.02401320726399507,0.029015958777327634,0.029015958777327634,0.022262244234328762,0.016008804842663524,0.01650907999399661,0.013757566661663964,0.012506878783330877,0.010505778177997844,0.012757016358997494,0.010755915753664459,0.008504677572664996,0.012006603631997641,0.007253989694331844,0.010755915753664554,0.012506878783330766,0.011006053329331172,0.011756466056331025,0.008504677572664996,0.008004402421331618,0.007504127269998526,0.006753714542998674,0.0060033018159988205,0.004502476361999116,0.004752613937665648,0.004002201210665881,0.002751513332332793,0.0012506878783330878,7.504127269998526e-4,0.0012506878783330655,7.504127269998526e-4,0,0,0,0,0,0,0
G-05-1375,3.3,99,0.031006963859096334,0.03431098459818037,0.033802673715243765,0.02871956488588431,0.033040207390840355,0.040919026076348446,0.035073450922584376,0.03710669445432774,0.045747979464240494,0.04244395872515646,0.043968891373964474,0.04269811416662446,0.049306155644791655,0.05184771005947256,0.05286433182534457,0.06023483962791665,0.055914197122960606,0.055151730798555613,0.05820159609617263,0.060488995069384655,0.056168352564428606,0.06226808315966012,0.07141767905250813,0.058709906979108634,0.06608041478168071,0.06277639404259668,0.06074315051085211,0.06379301580846812,0.0640471712499367,0.0648096375743407,0.06735119198902073,0.07599247699893215,0.06862196919636013,0.07294261170131679,0.06887612463782875,0.08895440451380096,0.08997102627967217,0.09124180348701218,0.09352920246022502,0.092258425252885,0.09607075687490418,0.08844609363086496,0.09124180348701298,0.09607075687490418,0.08793778274792895,0.09683322319930819,0.08844609363086496,0.08641285009912017,0.08641285009912093,0.091750114369949,0.09378335790169218,0.10776190718243317,0.1064911299750922,0.08819193818939695,0.08615869465765293,0.08692116098205617,0.08031311950388886,0.06684288110608413,0.07472169979159281,0.07904234229654886,0.07446754435012415,0.07802572053067684,0.07497585523306015,0.07268845625984878,0.06913028007929675,0.06150561683525612,0.05159355461800456,0.055914197122960106,0.04727291211304851,0.03558176180552038,0.032277741066436064,0.03075280841762833,0.021603212524780042,0.016265948253952174,0.01677425913688818,0.01575763737101603,0.015249326488080165,0.009403751334316018,0.012453616631932134,0.008895440451380096,0.008895440451380096,0.01016621765871993,0.01474101560514416,0.016265948253952174,0.012199461190464132,0.011691150307528127,0.00432064250495597,0.0033040207390840357,0.0012707772073400137,5.083108829360054e-4,7.624663244040083e-4,0,0.0010166217658720109,2.541554414680027e-4,2.541554414680027e-4,2.541554414679982e-4,0,2.541554414680027e-4,0,0
G-05-1431,5.2,45,0.029056398678874638,0.029952279419230485,0.029564064431742424,0.03066898401151516,0.034222644281593356,0.038074931465123495,0.036402620749792586,0.03962779141507292,0.040434084081393894,0.04204666941403442,0.043420353215913386,0.04595868198025495,0.048497010744595656,0.05231943523678147,0.055813370124169266,0.05909826617214071,0.05957606923366383,0.06091989034419651,0.06524998058925086,0.06399574755275267,0.06465272676234696,0.07086416656214686,0.06949048276026791,0.07220798767268127,0.06856473932856749,0.07274551611689478,0.06832583779780532,0.07050581426600452,0.07110306809290906,0.06701187937861736,0.0714912830803966,0.07277537880823932,0.07316359379572686,0.07597068678217582,0.08059940394068103,0.08660180490106521,0.08549688532129224,0.08952834865289351,0.09278338200952055,0.08779631255487301,0.09729264840264412,0.0977704514641681,0.10266793284478007,0.09753154993340567,0.09397788966332835,0.09394802697198232,0.08684070643182677,0.0840037507540325,0.07809093786768466,0.08003201280512233,0.08463086727228158,0.08107720700220415,0.0840634761367229,0.0861240018395421,0.0884234290731221,0.08949848596154832,0.08597468838281612,0.07853887823786189,0.08059940394068103,0.0743282387581901,0.0701773246612074,0.06298041604701604,0.05948648115962771,0.054111196717493155,0.05196108294063913,0.05157286795315113,0.04067298561215545,0.038373558378575104,0.0333566262325827,0.029832828653849706,0.0283695567779349,0.02827996870389957,0.023800565002120123,0.023442212705977995,0.024517269594405013,0.026338893766461667,0.029713377888468926,0.028668183691386847,0.027085461050091773,0.02120251085508838,0.01669324446196395,0.01394587685820577,0.011079058489067308,0.010033864291985486,0.008242102811273792,0.006569792095942878,0.006301027873836011,0.004807893306576379,0.0032550333566262442,0.001821624172056889,7.465672836298725e-4,4.1807767883272114e-4,1.493134567259745e-4,0,0,0,0,0,0,0
G-05-1433,8.5,25,0.027993679364086376,0.03104170175902988,0.027993679364085877,0.030881279527717062,0.031563074010796534,0.03757890768502713,0.03681690208629125,0.04018576894385967,0.04347442468577311,0.041709780141332135,0.041068091216080876,0.042431680182239806,0.05358102525847956,0.05033247507439599,0.05273880854408823,0.061281292361495675,0.05939633114357009,0.06456994810340726,0.0644496314299238,0.06862060944405701,0.06585332595391093,0.06613406485870776,0.06805913163446155,0.06902166502233904,0.07331295970995687,0.0735936986147543,0.07130768181854603,0.06966335394758968,0.07339317082561328,0.07014462064152875,0.07415517642434916,0.07387443751955107,0.07840636555413807,0.08233671022130276,0.08386072141877451,0.09111982738567943,0.08823222722204796,0.09296468304577599,0.09364647752885628,0.09440848312759216,0.09721587217556557,0.10315149473414063,0.10475571704726878,0.09910083339349114,0.09140056629047687,0.08755043273896851,0.07920847671070286,0.07836625999630988,0.07339317082561328,0.07608024320010294,0.07732351549277658,0.07567918762182091,0.079769954520297,0.07684224879883882,0.08333934916700786,0.08710927160285827,0.07688235435666703,0.07118736514506142,0.06741744270921089,0.05967707004836752,0.050212158400910936,0.045920863713293555,0.03830080772593446,0.03477151863705285,0.03084117396988886,0.03023959060246553,0.02410344025475059,0.02282006240424786,0.021456473438089128,0.02125594564894811,0.021697106785058158,0.02298048463556088,0.024865445853486243,0.028876001636306863,0.03316729632392469,0.04006545227037542,0.04924962501303448,0.04423643028450859,0.044236430284508986,0.041589463467847525,0.03773932991633994,0.032726135187813865,0.03116201843251449,0.025627451452222342,0.023501856887327532,0.018207923254004606,0.019330878873193975,0.014237473029012413,0.009705544994425363,0.005293933633322925,0.002286016796207627,0.0012833778505025044,6.416889252512637e-4,4.0105557828203975e-4,3.2084446262563185e-4,0,0,0,0,0
G-05-1439,13.3,25,0.026734509076797128,0.027740646515171212,0.027399278455722376,0.03135196124933534,0.030884826010090228,0.033400169606025445,0.032483865867506186,0.033813404625357056,0.034496140744254354,0.0377840541589411,0.03927529357653126,0.03864645767754746,0.04263507395110111,0.04513245080706612,0.04721659264369815,0.050684173458094554,0.051277075877136424,0.051061474997483924,0.05469075647161993,0.05494229083121345,0.0559663950095585,0.06063774740200907,0.06263205553878626,0.060242479122648365,0.06079944806174831,0.06512943239475107,0.06308122403806041,0.06471619737541828,0.06507553217483816,0.06378192689692863,0.06586606873356067,0.06881261408879845,0.06884854756874037,0.07231612838313739,0.0749392724188984,0.07912552283213344,0.07853262041309086,0.08271887082632585,0.0834555071651362,0.08102999726905581,0.08550371552182554,0.08830652695729696,0.08758785735845832,0.09066016989349268,0.08990556681471291,0.09155850689204095,0.08730038951892288,0.08843229413709294,0.087084788639271285,0.09141477297227404,0.09549322294568244,0.09466675290701886,0.0955650899055663,0.09973337357883122,0.10012864185819247,0.10356028919264601,0.09971540683886025,0.08951029853535088,0.08929469765570008,0.08437181090365545,0.07896382217239403,0.0750470728587242,0.06698000661175994,0.06236255443922233,0.05751153464706156,0.05325341727394219,0.04441378120822748,0.04110790105356941,0.03708335130007343,0.03287913414686743,0.0312261940695383,0.027938280654851835,0.028153881534503176,0.026051772957900426,0.025045635519526342,0.023195061302516657,0.022117056904258914,0.02242249148376513,0.02141635404539125,0.02191942276457829,0.021937389504549255,0.02048208356690066,0.022602158883474992,0.021937389504549255,0.022709959323300784,0.02111091946588483,0.016367700113549565,0.01394219021746947,0.010151208083595683,0.007707731447544333,0.004904920012073667,0.002856711655383513,0.0023895764161384527,0.0013475054978224358,7.546030787805641e-4,3.2340131947737887e-4,8.983369985482906e-5,7.186695988386325e-5,7.186695988386325e-5,0
G-06-1121,4.9,50,0.03067275577670245,0.029309522186626785,0.028968713789107352,0.03646649853452402,0.03237679776429703,0.03885215731715644,0.03476245654692944,0.03987458250971247,0.03885215731715644,0.03714811532956185,0.03919296571467535,0.043282666484902345,0.046349942062571765,0.04941721764024284,0.05793742757821574,0.0572558107831779,0.05521096039806441,0.05691500238565798,0.051121259627837416,0.051802876422875246,0.0593006611682914,0.06066389475836652,0.0678208711062637,0.06543521232363189,0.06509440392611297,0.07361461386408588,0.07872673982686891,0.07225138027400957,0.07974916501942637,0.06475359552859405,0.06884329629882105,0.08008997341694457,0.07872673982686891,0.0804307818144642,0.08792856655988035,0.0930406925226641,0.0886101833549174,0.08281644059709586,0.08383886578965336,0.07259218867152913,0.08758775816236065,0.08963260854747493,0.0889509917524371,0.08929180014995522,0.09576715970281542,0.08963260854747412,0.08520209937972903,0.09235907572762543,0.08486129098221011,0.07940835662190746,0.08486129098220935,0.08179401540453986,0.07838593142934999,0.06850248790130213,0.08724694976484253,0.08656533296980391,0.07293299706904804,0.06850248790130152,0.06679844591370755,0.07463703905664262,0.07225138027400957,0.051462068025356335,0.05350691841046935,0.05623338559062116,0.04907640924272392,0.04941721764024239,0.0381705405221186,0.03851134891963717,0.032717606161815946,0.03408083975189161,0.022834162633767172,0.029309522186626785,0.027605480199031956,0.023856587826324126,0.025901438211437623,0.028627905391588694,0.02453820462136196,0.02556062981391848,0.02794628859655112,0.030331947379183533,0.025560629813918708,0.024538204621361522,0.025901438211437623,0.020789312248653883,0.025560629813918708,0.02010769545361605,0.02147092904369133,0.01840365346602147,0.014313952695794475,0.016699611478426888,0.01397314429827556,0.0068161679503782,0.004430509167745909,0.002726467180151329,0.0020448503851134966,0.00102242519255673,6.816167950378322e-4,0,0,0
G-09-2093,15.9,25,0.027068074822440915,0.026975692314514497,0.026033390733664556,0.02845381244133721,0.031003569660106388,0.03264797830119665,0.03137309969181207,0.03323922635192515,0.03314684384399932,0.0358074600722802,0.037396439208614615,0.03665737914520326,0.03872674732275437,0.03996467292896908,0.042717671665176385,0.0471705085472298,0.04988655428026654,0.049960460286606785,0.05018217830563108,0.054579585682928644,0.05160486892769794,0.056630477358894656,0.05954976460936949,0.0631342059169151,0.062376669351918455,0.06723598926884812,0.0637439304692289,0.06638607019592448,0.06782723731957721,0.0631342059169151,0.06924992794164407,0.07059871255736916,0.07170730265248619,0.07191054416992494,0.07342561729991823,0.07780454817563051,0.07383210033479382,0.07556889148381049,0.07893161477233283,0.07588299201076099,0.08018801688013143,0.08096402994671406,0.08042821140074083,0.08630373890486034,0.08857634859985103,0.09398996356433838,0.0878003355332691,0.08630373890486034,0.07640033405514894,0.08002172836586458,0.08382788769243232,0.08258996208621905,0.08497343079071991,0.0878188120348544,0.08622983289851997,0.08798510054912116,0.08445608874633272,0.07992934585793746,0.08223890855609865,0.07994782235952344,0.07549498547746936,0.07122691361126944,0.06485252056434591,0.05825640949840014,0.051697251435624356,0.048353004648687546,0.04096240401457441,0.03907780085287511,0.03723015069434706,0.03447715195813976,0.03161329421242048,0.03083728114583883,0.03068946913315629,0.030504704117303723,0.031465482199738486,0.03238930727900239,0.03453258146289561,0.0348836349930157,0.03527164152630697,0.03486515849143072,0.0362693726119123,0.03584441307545013,0.03262950179961137,0.03347942087253443,0.0321306362568087,0.030800328142668264,0.03266645480278136,0.028620100955604764,0.027012645317685064,0.022042466391243694,0.01760810601077556,0.011935820024093189,0.00715040611350487,0.003769206323397916,0.0018476501585283902,0.0014411671236521189,6.836305586555044e-4,4.6191253963209756e-4,2.956240253645424e-4,1.293355110969873e-4
G-09-2094,22.8,40,0.024120386868085982,0.025446890408830053,0.025077981140101964,0.027346380686108545,0.02823333275773032,0.031231701707814554,0.031035473373384956,0.03333526945289923,0.03404169145684637,0.0347559625941701,0.03415942845750413,0.03456758339311769,0.036474922803772715,0.03758949974333348,0.04008552415727794,0.04597237419016583,0.04417492264679073,0.047236084663891585,0.049198368008188394,0.05036788888138879,0.04804454540174237,0.05279327109493813,0.05460642090506758,0.056019264912961164,0.05759694072177512,0.06133312820931463,0.05935514659826377,0.061403770409708736,0.06341314855426836,0.059064728663308495,0.06243200688212037,0.06332680808711877,0.0659719660352297,0.06785575804575442,0.06875840838413055,0.07352283234408115,0.07058725646101377,0.07251029413842379,0.07294984560754673,0.07173322993408324,0.07436268961543917,0.07561070182241206,0.07729826549850659,0.07872680777315334,0.07970794944530203,0.08527298500972462,0.07920560490916227,0.08043006971600224,0.07313037567522196,0.07864831643938221,0.07925269970942467,0.07891518697420646,0.0826199779282365,0.08212548252547466,0.08469999827319097,0.0884754314276156,0.08542211854389188,0.08196849985793025,0.08544566594402343,0.08536717461025159,0.08255718486121903,0.08035942751560829,0.07513975381978036,0.07077563566206681,0.06420591102536392,0.06334250635387313,0.05224383175853573,0.05107431088533488,0.048264321136303516,0.04442609491486061,0.043115289640870524,0.040729153094207014,0.03860988708236703,0.035470233731493835,0.035171966663160845,0.035870539533729894,0.03437920419206528,0.03539174239772168,0.03634933666973843,0.036043220468028256,0.03678103900548354,0.03806829687934101,0.03901019288460375,0.03993639062311145,0.03956748135438381,0.03890815415070036,0.03656911240429892,0.03328817465263672,0.028209785357598768,0.022581956726157947,0.016530274892349196,0.012440876402836186,0.007896228177446956,0.005109785828546688,0.003233842951399748,0.0017582058764891518,0.0010046890722795333,6.043832700431567e-4,4.081549356135604e-4,1.5698266754367708e-4
G-09-2099,45.6,55,0.020323886858186903,0.020846742038770964,0.020873728112607192,0.022941536020336786,0.02420988149065683,0.026365394138354994,0.02677355850513352,0.028315137973048608,0.030335720251564287,0.03180983453488838,0.034208221847115916,0.033142271930570344,0.036819124490805995,0.03804361759114223,0.04008106616580528,0.04308664013935624,0.04270883510564388,0.043994046872111024,0.04515782130631504,0.04683770440264318,0.04611245366828464,0.04990062378309647,0.051317392659517784,0.052164080726141454,0.05443091092841558,0.059106248220605964,0.05689339016600453,0.059231058812099696,0.06143379708901243,0.05950766606892534,0.06348811195982336,0.0646147805425007,0.06519498112998752,0.06692546311475986,0.06685462467093879,0.0728421598034337,0.07055171678655192,0.07095988115333045,0.07295347735800965,0.06983321257065316,0.07444783119671054,0.07484250252657143,0.07564871148243975,0.07589495940619803,0.07666068925131213,0.0816396198741635,0.07808757790542217,0.07791216842548361,0.07520006800490633,0.07932219078344648,0.07837430493993533,0.0785767004937105,0.07826973390381851,0.07809432442388133,0.0764245611052419,0.07952121307799068,0.07535861118869634,0.07045051900966469,0.07311876706025881,0.07071363322957212,0.06699630155858034,0.06518486135229937,0.06237830967329276,0.06017894465561068,0.0574027523096708,0.05684953779602006,0.04857493290587409,0.04706371277102426,0.04488458730871949,0.04212863451815705,0.04067475979021005,0.03898138365696396,0.03765231952051124,0.03656950330781813,0.03734197967139071,0.03733523315293123,0.03747691004057369,0.03898475691619319,0.04192623896438258,0.045046503751739075,0.04739429217552299,0.05053816977748561,0.05312208634734064,0.05618163246856479,0.05735552668045675,0.05779067712107187,0.056066941654758264,0.053557236787955764,0.04817351505755472,0.042155620591993646,0.03493347258147445,0.027977812050091155,0.01977741886299582,0.013138844699193027,0.008520852813905414,0.00491483869749009,0.0025704235329358375,0.0014876073202423942,6.409192536191721e-4,3.2045962680958605e-4
G-09-2100,49.9,70,0.017477689339122107,0.019166063675832196,0.019437409551374542,0.021716714905933507,0.022886517124939783,0.02617281717317906,0.02599493487698996,0.027433068017365746,0.028198866377231166,0.029869150988905073,0.030086227689339228,0.030089242643511923,0.03385793535938206,0.034530270139893994,0.03597744814278835,0.039281837916063815,0.03887481910274977,0.040306922334779935,0.041856608779546695,0.04316811384466971,0.04304751567776185,0.047120718765074524,0.04870356970574022,0.05055475156777635,0.05177279305354577,0.056922334780511535,0.05395863482875032,0.0561655812831642,0.05631029908345413,0.05450735648818157,0.05839664737096017,0.05823685479980674,0.05971418234442805,0.060365412445731036,0.06056439942112901,0.06602448142788253,0.06426676314519986,0.06478835021707637,0.06523456343463602,0.06279848046309718,0.06622045344910722,0.06753195851423083,0.06635009647853377,0.06853292329956548,0.06945248432223855,0.07251266280752494,0.07106548480463122,0.06947057404727412,0.06641944042450577,0.07008562469850482,0.07125542691751048,0.0728443077665222,0.07253376748673382,0.07288953207911265,0.07335383502170793,0.07778280270139853,0.07325735648818164,0.06800832127351629,0.07100820067534998,0.0692233478051136,0.06647069464544104,0.06576218041485793,0.06349191992281684,0.061619633381572815,0.05806198745779084,0.05874939700916515,0.05124819102749656,0.051558731307283855,0.05052460202604938,0.049520622286541416,0.048188012542209106,0.048296550892426605,0.04644838398456319,0.04781415822479515,0.04744934876989886,0.0485407621804146,0.0500663289917995,0.05165219488663745,0.05340991316932001,0.05735950313555254,0.0614538109020745,0.06467076700434062,0.07062831644959021,0.0725820067534976,0.07298601061263894,0.07131572600096503,0.06852990834539217,0.06124879401833114,0.05373552821997125,0.04513989387361328,0.036405571635311273,0.029495296671490173,0.021927761698022265,0.014936082971538886,0.010042812349252327,0.0060630728412927265,0.0036058851905451162,0.00199589966232514,9.346357935359416e-4,4.3415340086830833e-4
G-09-2113,34.5,80,0.02324523591666631,0.02506994726848653,0.02447757720644591,0.027238444817026506,0.028275092425596834,0.030438300955725736,0.03061812758170222,0.0318293127978374,0.03356939985508101,0.0340242554384333,0.0357749205324985,0.03484405329214963,0.03814968979906965,0.03932385188632855,0.04077304293096259,0.044686916555156685,0.0435444885783649,0.046474604778098574,0.045157639193742195,0.04764876686535763,0.04608850643409106,0.05020865177631656,0.05038318938388198,0.05284787196344249,0.05360420159622595,0.05800995393264984,0.05595781478915298,0.05683579184539111,0.0575656763861197,0.05688868202950235,0.059612526511204994,0.06126270025545926,0.062436862342717475,0.062796515594671,0.0633677295830669,0.0670065742498852,0.06527706522946371,0.0654568918554402,0.06593290351243736,0.06303981044158037,0.06748258590688118,0.06710177658128452,0.06718640087586168,0.06777877093790127,0.06770472468014685,0.07175611278302821,0.06955588112402245,0.06925440707459066,0.06592232547561522,0.06919622787206947,0.06915391572478026,0.06937605449804596,0.06845576529451862,0.06928085216664663,0.06972512971317678,0.07345388769298267,0.06987322222868683,0.06666278805316485,0.06984677713663145,0.0691909388536584,0.0661444642488797,0.06760952234874754,0.06515012878759796,0.06481163160928986,0.061045850500605806,0.0626484230791604,0.05568278583177768,0.05528082043253563,0.05283729392662034,0.050843333985645785,0.04816709066964236,0.04791321778591128,0.0461361075997903,0.045675962998027356,0.046358246373055786,0.04690830428780697,0.04788677269385592,0.05104960570367718,0.05333446165726122,0.056428537427738984,0.05893024313617656,0.0634629319144651,0.06384903025847456,0.06567903062870585,0.06378556203754168,0.0595331912350389,0.05534428865346802,0.04952636840128858,0.04271940170623749,0.03523015163615797,0.02731249107478153,0.02176431076156545,0.01567665057042069,0.010900666945221675,0.007066128597193672,0.004654336201744253,0.0026127750950701153,0.0012746534370686189,7.669076696056006e-4,2.96185031020094e-4
G-09-2125,41.9,60,0.018551053336722398,0.019500718300509444,0.01837415496111468,0.020552798113332344,0.02162815402820885,0.023736968874265373,0.023932488131515647,0.025761989752928465,0.027400627337502644,0.028555121999361402,0.02957461526930926,0.03010531039613143,0.03348500041431414,0.03533777813778161,0.036874000873319476,0.03995575678521665,0.03930868114812646,0.04077507557750279,0.041920259798540825,0.0428326829990421,0.04219491780277335,0.04580271362108158,0.04635668484995734,0.04912188577392591,0.05156587648955433,0.05439625049927258,0.05295778739235939,0.05262261152278749,0.054740736809665916,0.05255743843703786,0.05668661894134722,0.05762697346431231,0.05823215211770601,0.0601966551310307,0.060769247241549355,0.06423738644753636,0.06392083145960678,0.06438169828026813,0.06481928899887646,0.06308754700608832,0.06818966857623772,0.06946054374836509,0.07019141335284826,0.07115038875745612,0.07191384490481496,0.07725338271591103,0.07386438225690697,0.07466973538796101,0.07223039989274398,0.07568922865790953,0.07563802123339093,0.0772068305118045,0.07648992656855283,0.07643871914403558,0.07519577529437313,0.07852891310844853,0.07430662819592546,0.07161125557811748,0.07284954420736985,0.07169504954551108,0.0692836453727571,0.06842708481718508,0.06526153493789436,0.06141632287863955,0.060857696429353056,0.06033631174335179,0.05209191639596578,0.052394505722662174,0.051207424517928826,0.049852755378409074,0.04846549969601385,0.04809773728356733,0.04699445004622609,0.04772531965070967,0.047366867679084164,0.048567914545049704,0.04975499574978394,0.05045327881139162,0.051752085305983166,0.05365141523355725,0.056616790635186404,0.058874572534384946,0.0619656388871046,0.06487049642339439,0.06602033586484242,0.06824087600075625,0.06637413261605603,0.06232874607914083,0.05690541430065109,0.04836308484697842,0.038349705743517974,0.028345637080878464,0.02006865519061738,0.013239446848089963,0.007820770290010949,0.004301423659505945,0.0025789921075393247,0.0010800111352872262,4.887981431256843e-4,1.9551925725027372e-4
G-10-2019,46,65,0.018749164218884798,0.020049524354085368,0.02078731733859596,0.023245090218248467,0.02369698842126143,0.026924832728496887,0.026938666346956467,0.027150781830002888,0.02751967832225885,0.02825747130676981,0.028437308346744357,0.02744128781765456,0.030563074383366022,0.03198332587855016,0.03256433785385254,0.036091910561045576,0.03700954058553109,0.038480515348399136,0.039190641095991616,0.04171297086178846,0.0404771676127326,0.043336115427712193,0.04440591525525308,0.04675301918722897,0.04862978009157872,0.05182073474958863,0.05101377367277932,0.05126277880505176,0.051631675297307694,0.05097688402355422,0.05457823602919835,0.05637199522279012,0.05624288145050071,0.057824525161046574,0.05837325869327661,0.06255562267422311,0.05978889898230648,0.06056819282219618,0.06184088572047812,0.06048057990528603,0.06332108289565268,0.06492117143081139,0.06645670307982482,0.06665037373825836,0.0683104079534086,0.07151980743603066,0.06918653712251538,0.07037161710388548,0.06813518211958726,0.07167658844523987,0.07293544772506105,0.07286627963276379,0.07351645970036343,0.07391302342953872,0.07447097937407514,0.07786021589667168,0.0737885208634025,0.07128463592221779,0.07347034763883215,0.07311989597118944,0.07132613677759653,0.0705237869069415,0.06714377279665006,0.06629531086446305,0.06332108289565323,0.06477822404006181,0.0569576184042462,0.05888971378243375,0.05747407349340387,0.056109156472058594,0.053766663746235815,0.052839811309444394,0.051562507205009336,0.050640265974371095,0.05031748154364755,0.04873122662694855,0.04939985151916204,0.049736469568344724,0.05223574330337605,0.05473501703840693,0.05920327580085143,0.06283690624956681,0.06780778648271052,0.06981827236550289,0.07230832368822739,0.0719440384021251,0.07014566800237838,0.0647597792154496,0.05647344175816088,0.04762453715018254,0.039347422105200196,0.029677722801952886,0.022728635129090794,0.016143832742330468,0.011311288693783672,0.007562378091237217,0.004929379377763859,0.002785168516528878,0.0014940307936346963,8.115722829620572e-4
G-10-2020,37.5,15,0.02046136691186524,0.02122164387304925,0.02200946710094243,0.02378344667703884,0.025910018467017296,0.02824594188398845,0.027777655349925837,0.0296673292462015,0.030603902314327254,0.03147436434234952,0.033386075251993365,0.033386075251993365,0.03706625648439066,0.03812403312603863,0.03915977275431829,0.0413083815576644,0.041991528972061626,0.04302175934699861,0.04357268468119068,0.045120784870268264,0.04439356342913574,0.04850346642220247,0.049269252636728385,0.04990832602439074,0.05222221242799425,0.05664063360820855,0.055439616379671,0.058023456197028214,0.05875618689150318,0.05659105032813133,0.060739518094591896,0.06100947150834509,0.06313604329832352,0.06411118113984271,0.06517997628817385,0.06925682376118954,0.06925682376118893,0.0694992309082331,0.07116853467083338,0.06819904711954222,0.07336672675425605,0.07469996606299968,0.07391765208844803,0.07550431705091831,0.07619297371865813,0.08055630236545258,0.07700834321326128,0.07597811283832284,0.07245219069949914,0.076391306838967,0.07474954934307623,0.07615440894526473,0.07326756019410162,0.07418760550220177,0.07338325451428246,0.07713505604012458,0.07049089650977808,0.06545543895526892,0.06742775165167439,0.06634793799665943,0.06238678484382335,0.05989109307993728,0.05620540259419691,0.051946749760898595,0.04964388186397892,0.047875411541224384,0.04032773446280387,0.0394793094481489,0.03755107077847967,0.03463667576060764,0.0343722316001955,0.03351278807885737,0.03355135285225046,0.032030798929882746,0.03308857557153006,0.03395352834621011,0.03507190677461878,0.0381736164061155,0.04093375233041431,0.04485634070985644,0.049258234130045,0.05376480336372896,0.06034285185397415,0.0646565972206921,0.07063964635000973,0.07386255955502889,0.07490931768999105,0.07347140256775306,0.06717432599794639,0.06185238726965834,0.0529604523758106,0.04264162086640661,0.031722280742735615,0.02319395656945414,0.015624242477665543,0.010153553909145657,0.005933465849240405,0.002820737711059506,0.0015591186957614064,7.051844277648764e-4
G-10-2021,53,20,0.021678216980671922,0.02327071921101616,0.022642690162429296,0.024852006636921355,0.026736093782680735,0.02985661311784471,0.030277168284308858,0.03130612659159058,0.03225377756669035,0.03402291296694953,0.03476589376103619,0.0340537536791569,0.03832659417043196,0.03929667475440994,0.04031722195836294,0.044071377744332896,0.04318821189475818,0.04525173591154146,0.04588817606345801,0.04667601607530085,0.046460131089849255,0.05027036089801398,0.05098810838211279,0.05277967339125051,0.05458245320482682,0.05811792030423542,0.0566319587160616,0.058235675750844866,0.05908800088821272,0.05736933210792924,0.060702932727435044,0.061406661705984515,0.06304121945297515,0.06392999270476994,0.06644491260022554,0.0686037624547415,0.06728602293315324,0.06749910421749507,0.06753555233192256,0.06436737007789266,0.06920095079111997,0.07010374254846362,0.07065326796597678,0.07050186810604907,0.07103176761579451,0.07611768142890026,0.07202988521086942,0.07243361817067435,0.06972524289864589,0.07274482899385847,0.07238875895291819,0.07173830029545428,0.07221773318522277,0.07160372264218574,0.07070093088484271,0.07390556125329886,0.0693944061676941,0.06472624381994149,0.06578604283943171,0.0630776675674026,0.060857136288471364,0.05909360829043224,0.056132899918524146,0.05304882869778756,0.05025353869135586,0.04796011118357096,0.041082632361327684,0.04033404416502115,0.037939683417285625,0.036574280976832026,0.03603316666264784,0.035853729791623455,0.036408862611355806,0.038023794450578456,0.04024993313172867,0.041822809454304215,0.04485641405506597,0.05007970922255024,0.05409741291283817,0.05969920773014061,0.0643421367679048,0.07015140546732831,0.0737485539911529,0.07699243617514635,0.07773822067034278,0.075941048258986,0.07014019066288926,0.0632851414495249,0.05424040166943598,0.04544799498922554,0.03636400339359995,0.027145434144705355,0.01926983772738724,0.01317739521587662,0.008029799978355456,0.004757880783264304,0.0025990309287484315,0.0012308247871850716,5.971883363790894e-4,2.4392199654920554e-4
G-10-2022,32.5,20,0.02174351331279787,0.023070582200433423,0.022541030673155372,0.024646476504500636,0.0252079287261926,0.029010491500379085,0.028850988028307503,0.031122317470606255,0.03258336927478249,0.03422306496767834,0.03403804094007531,0.03467605482836163,0.03804476815851273,0.038472237463665244,0.038663641630151145,0.04145176232196237,0.04108809440563917,0.043027656626028823,0.04339132454235279,0.044265403569305056,0.04346788620894715,0.04682383926133279,0.04888462412049759,0.05050517939674529,0.05319759800531357,0.05721070536263454,0.056738575085302154,0.057453150640182825,0.06043905563736333,0.055838975502818945,0.06174698410835029,0.062621063135302,0.06315061466257964,0.06517311868844784,0.06551764618812246,0.06909052396252587,0.06699145827006327,0.06856735257413046,0.06946695215661479,0.06637896493730899,0.07145755548806748,0.07083230187754752,0.07094076423855619,0.0707429799331868,0.0712342506271679,0.07594279312272029,0.0722423125706603,0.07240819618161409,0.06961369535092064,0.07189778507098568,0.07266340173692862,0.07214661048741734,0.0728930867367117,0.07233801465390324,0.07414359395775354,0.07409893298557284,0.07001564410054104,0.06641724577060558,0.06772517424159313,0.06494981382754762,0.06281246730178788,0.05835913036154992,0.054065296893382485,0.04979060384186461,0.04414418093053065,0.0429766155149663,0.035594794827493934,0.03486107885596435,0.03425496566209266,0.03303635913546578,0.03321500302418565,0.03372541413481501,0.03359781135715744,0.03459949316176727,0.03721535010374119,0.0403607585729924,0.04381879384750463,0.04619220551192934,0.050537080091159606,0.05652165036328531,0.060171089804283075,0.06563248868801283,0.07141927465477094,0.07410531312445635,0.07771009159327408,0.0787819549255951,0.07668926937201459,0.07296326826442384,0.06618118063194023,0.057574373278957744,0.04780638064929414,0.03702394593725464,0.027153871085465884,0.018387560260411814,0.011650133600108248,0.006380138882863111,0.0036749599965292174,0.0017736786094359766,7.783769437093134e-4,3.7642819408893025e-4
H-04-5452,37.4,0,0.03701136701447127,0.037085274780863604,0.03673215989698848,0.04157722458270868,0.041166625880529065,0.045831027137289586,0.045141221317627815,0.046972491529348105,0.04863952226019821,0.04841779896102121,0.04981383454843193,0.04970707888586523,0.054897046481414705,0.056555865238221356,0.05796011279967567,0.06190186034060005,0.0608671516111074,0.05975853511522136,0.06289550919987474,0.06324041210970563,0.06118741859880751,0.06507168232142617,0.06625420658370347,0.06739567097576342,0.06939939264239998,0.0753694977720917,0.07150986997160261,0.07251994277896448,0.07447439260134013,0.07154271786777762,0.07528737803165578,0.07744712720511991,0.07814514499882527,0.07642884242371513,0.07739785536085905,0.0819226530588785,0.07581294437044503,0.07709401232124545,0.07513956249887112,0.07168232142651869,0.0749835349920422,0.07419518548385798,0.07334935215736796,0.07364498322293664,0.07366140717102447,0.07561585699339882,0.0720929201286983,0.070655824671069,0.06881634248530491,0.07030270978719515,0.0703273457093253,0.07013847030632331,0.06997423082545083,0.06846322760143043,0.0688409784074357,0.0704505253199792,0.06367564673401603,0.06108887491028386,0.060087014076966115,0.05637520180926232,0.05219530702107329,0.04906654491046502,0.04603632648837899,0.04208636697341142,0.038563430108710245,0.03880978933001768,0.03279041235606474,0.03251120523858231,0.03311889131780844,0.031919943107443935,0.031681795860179475,0.032609748927105706,0.033307766720810775,0.03480234599674489,0.03485161784100645,0.037438389664737746,0.03863733787510258,0.03884263722619205,0.03940105146115668,0.041043446269875175,0.04088741876304692,0.04281723266329039,0.04299789609225018,0.041363713257575284,0.03886727314832317,0.03547572786831948,0.03154219230143813,0.026927062888939715,0.02232835742452793,0.017294417335805747,0.014058899562630312,0.010035032281269823,0.0073086568987973,0.005567718401555696,0.0038103559562269068,0.002512864057339252,0.001338551769105573,7.719255600976923e-4,2.299352732205892e-4,1.5602750682825698e-4
H-04-5461,6.6,100,0.024437349730006788,0.022860746521619256,0.023057821922667286,0.02759055614678186,0.02680225454258809,0.028378857750975626,0.028378857750975626,0.032714516574040765,0.03212329037089602,0.03232036577194446,0.03507942138662265,0.03409404438138044,0.03310866737613764,0.039020929407591484,0.034685270584525765,0.0362618737929133,0.03705017539710707,0.045918568444286136,0.04591856844428695,0.0433565882306572,0.04177998502226967,0.03862677860549425,0.0506483780694491,0.050845453470497994,0.046509794647432275,0.04690394544952916,0.05301328288203038,0.0506483780694491,0.056166489298805924,0.05064837806944956,0.050845453470497994,0.04907177486106158,0.05281620748098194,0.05458988609041839,0.052619132079933975,0.061487525127113855,0.057348941705096065,0.05813724330928982,0.060699223522920086,0.062275826731307625,0.06266997753340395,0.05577233849670904,0.05656064010090281,0.058925544913483584,0.06050214812187165,0.0634582791375977,0.06089629892396853,0.05537818769461166,0.05577233849670904,0.06188167592921074,0.06109337432501642,0.05892554491348411,0.06464073154388834,0.06089629892396853,0.06129044972606541,0.06877931496590559,0.06030507272082321,0.056757715501950745,0.05813724330929034,0.061487525127113855,0.07055299357534155,0.0664144101533249,0.06621733475227587,0.0711442197784875,0.07331204919002036,0.07823893421623071,0.08218044223720025,0.08355997004453859,0.07705648180994076,0.07567695400260167,0.08710732726341051,0.07883016041937674,0.07390327539316503,0.0725237475858266,0.07094714437743907,0.06720271175751807,0.06444365614284048,0.058925544913483584,0.06129044972606541,0.0640495053407436,0.05872846951243567,0.059122620314531506,0.06523195774703425,0.0691734657680031,0.052619132079933975,0.05596941389775748,0.05458988609041742,0.04926885026211046,0.041188758819124344,0.03567064758976798,0.028970083954120953,0.0262110283394423,0.015174805880730021,0.0108391470576643,0.008080091442986116,0.0043356588230656435,0.003744432619920395,0.0017736786094359766,0.002561980213629744,1.9707540104844186e-4
H-04-5483,30.3,0,0.029898103895911146,0.029650603035845654,0.03005279193345154,0.03210704907199564,0.03253398805560861,0.035386435467863374,0.03598662505352219,0.0367786278057311,0.03651256438116136,0.0383811958746558,0.03861013417021638,0.037496380299921674,0.04138214380294913,0.04251446023774948,0.04370865188756547,0.04725410170800361,0.04746447743905927,0.04858441883085474,0.05049017545335988,0.05252587002739853,0.05065723853390409,0.05537212991815117,0.05645494618093768,0.05813795202938351,0.06115746252218248,0.0644492239610535,0.06422028566549234,0.06643541836307847,0.0671407958142657,0.06418934805798474,0.06769148522791141,0.06892280200673662,0.0704696823821459,0.07062437041968746,0.07105130940330043,0.07472050965377132,0.07115649726882764,0.07305606636983025,0.07425025801964688,0.07037068203812033,0.07455344657322645,0.07594563891109549,0.07511032350837446,0.07644682815272742,0.07598276404010532,0.08087709354789965,0.07639114045921337,0.07584663856706862,0.07181237454800181,0.07444825870769928,0.0749618229923345,0.07418838280463051,0.07316744175685971,0.07301894124082108,0.07075430837122185,0.07273431525174512,0.066027041943971,0.059462081630733354,0.05971577001230101,0.056535383960459464,0.05292187140350285,0.0496301099646323,0.04680860015988531,0.04180908278656283,0.0399095136855602,0.03922269879887812,0.03369724209791641,0.033907617828971774,0.034223181425555575,0.03392618039347699,0.03480480844670917,0.035906187274000904,0.0376881934664721,0.040658203787258304,0.044735780456837244,0.0477057907776227,0.053212684914080266,0.05731501166966525,0.06261771759656887,0.06676335700266582,0.06725217120129516,0.06878667653369998,0.06780286061494088,0.06354584582181445,0.05972195753380264,0.052055618393274106,0.045088469182429765,0.03766963090196752,0.030776731949143633,0.02343214392670023,0.017925249790243084,0.012795794465385585,0.007969527694108766,0.0050490175453359884,0.0029328851917760517,0.0018562564504911389,9.714408757570467e-4,6.18752150163724e-4,3.0318855358022476e-4,1.54688037540931e-4
H-04-5494,7.5,60,0.02783474948725471,0.03222970993261072,0.029160213748552037,0.035857296331952185,0.034601593347564755,0.03515968356284806,0.03669443165487714,0.04032201805421789,0.03767108953162292,0.042693901469172645,0.03948488273129365,0.03767108953162292,0.04353103679209682,0.04436817211502255,0.0473679070221703,0.05162334491370548,0.0533673768364658,0.05399522832865856,0.05636711174361356,0.05601830535906149,0.054483557267032405,0.059715653035312836,0.05566949897450893,0.059576130481492545,0.06418037475757979,0.06383156837302773,0.06390132964993757,0.06934270924894972,0.06976127691041281,0.06871485775675662,0.07701644970909574,0.07429575990958899,0.07910928801640743,0.07750477864746863,0.08196950036973506,0.086015654430539,0.08176021653900309,0.08448090633850917,0.08357400973867456,0.08071379738534763,0.08503899655379246,0.08538780293834529,0.08231830675428713,0.08071379738534691,0.08238806803119754,0.08713183486110483,0.08085331993916846,0.08322520335412174,0.07806286886275193,0.08064403610843722,0.08608541570744865,0.08336472590794332,0.0823880680311968,0.0821787842004663,0.08531804166143488,0.08280663569265928,0.0795278556778706,0.07729549481673671,0.08462042889233075,0.07227268287918767,0.07017984457187466,0.070807696064069,0.05957613048149201,0.059855175589134196,0.05490212492849488,0.047577190852901116,0.04157772103860604,0.03822917974690588,0.03341565164008774,0.035089922285937644,0.029299736302373123,0.02874164608709008,0.02734642054888158,0.02895092991782132,0.02846260097944843,0.027764988210344052,0.025183820964659025,0.02888116864091065,0.02825331714871719,0.0332063678093565,0.031113529502044115,0.03432254823992249,0.03125305205586494,0.03125305205586494,0.03139257460968577,0.02825331714871719,0.02616047884140434,0.020161009027109305,0.016742706458499075,0.01367321027444091,0.009487533659816142,0.006976127691041158,0.0036973476762518793,0.0016045093689394947,0.0014649868151186691,0.0011859417074769967,3.488063845520641e-4,2.0928383073123843e-4,6.976127691041281e-5,6.976127691041281e-5
H-05-1035,11.7,0,0.038945237311631846,0.038995103172466204,0.03605301738323857,0.04148839621418399,0.04004228624998767,0.04453021372507969,0.04218651826586497,0.04403155511673535,0.04602618955011036,0.04373235995173,0.047322701931803615,0.04921760464350913,0.054603117613618586,0.05300741006692017,0.05664761790782814,0.059140910949545926,0.0584926547586993,0.0593403743928823,0.0610856795220858,0.06552374113634346,0.06088621607874838,0.06452642391965578,0.0685156927864042,0.06896448553391402,0.073252949565668607,0.07918698700495694,0.07724221843241638,0.0774416818757538,0.08083256041249068,0.07679342568490787,0.08108188971666246,0.08387437792338563,0.08322612173253902,0.08696606129511644,0.08896069572849068,0.0923017084043925,0.08975854950183956,0.08173014590750836,0.08766418334679742,0.08028403594331276,0.08621807338260033,0.08267759726336185,0.08751458576429436,0.08821270781597455,0.08676659785177902,0.09524379419361866,0.08472209755757043,0.08676659785177825,0.08821270781597533,0.0856695489134232,0.09230170840439168,0.09629097727114097,0.09923306306036707,0.097836818957006,0.0953435259152882,0.09948239236453885,0.08935962261516552,0.07858859667494397,0.0736020105915091,0.06667065593553365,0.05749533754201168,0.048369885009325084,0.04243584757003637,0.03715006632159504,0.03021871166561959,0.02682783312888316,0.021542051880441688,0.02204071048878505,0.020494868802920216,0.018350636787042917,0.01979674675123906,0.018250905065374207,0.01949755158623293,0.019697015029570525,0.01914849056039261,0.01924822228206115,0.020046076055411016,0.02149218601960714,0.02139245429793862,0.024135076643828187,0.02303802770547236,0.022489503236294048,0.022439637375460092,0.018500234369545985,0.01550828271948464,0.01116995282689569,0.010072903888539684,0.007180683960147229,0.006033769160957047,0.003989268866748461,0.0027924882067239224,0.001595707546699356,0.0011469147991901823,6.981220516809806e-4,4.4879274750920183e-4,3.98926886674839e-4,9.973172166871151e-5,9.973172166871151e-5,0,4.9865860834355754e-5
H-05-1036,8.7,5,0.04302359995176988,0.04691490644422295,0.041982264411535214,0.045599535235506417,0.0492716131931734,0.05403983382477083,0.05245042694757169,0.04976487739644122,0.05129947713994472,0.05584846923675606,0.05420425522586039,0.054094640958467353,0.06489164629668107,0.06110995407162218,0.062425325280338714,0.06861853138804572,0.06319262515209002,0.06697431737714886,0.07157811660765791,0.0722906093457127,0.07245503074680226,0.07497615889684162,0.07601749443707552,0.07979918666213623,0.08204627914369364,0.08917120652424151,0.07979918666213552,0.08522509289809116,0.08637604270571889,0.0819366648763006,0.08697892117638063,0.0868144997752903,0.08807506385031029,0.08555393570027106,0.0827039647480519,0.08928082079163456,0.08369049315458855,0.08758179964704159,0.08023764373170841,0.07355117342073271,0.07974437952843899,0.07623672297186229,0.08188185774260408,0.07656556577404074,0.07738767277948926,0.08116936500454856,0.07705882997731013,0.07629153010555813,0.07541461596641447,0.08434817875894757,0.08758179964704159,0.08626642843832584,0.09004812066338506,0.09202117747646067,0.09070580626774413,0.09470672702758941,0.08029245086540493,0.07223580221201553,0.067193545911936145,0.0554648193008804,0.04823027765293905,0.04143419307457074,0.03661116530927646,0.03151410187550023,0.026307424174330626,0.02466321016343474,0.018689232590514047,0.016880597178528668,0.015236383167633155,0.01611329730677751,0.017428668515493885,0.017593089916583607,0.016770982911135626,0.017264247114404472,0.017538282782887084,0.019511339595961706,0.021539203542733202,0.020552675136195617,0.023018996152539297,0.02285457475144973,0.02285457475144973,0.022744960484056283,0.02181323921121581,0.01693540431222534,0.015236383167633155,0.012879676418682703,0.008549912856657302,0.007234541647940922,0.004713413497900904,0.00460379923050786,0.00306919948700524,0.0018634425456817197,0.0013701783424130535,9.317212728408763e-4,3.2884280217913283e-4,3.8364993587564815e-4,5.480713369652214e-5,2.1922853478608856e-4,0,0
H-06-688,47,20,0.029048048463340886,0.030035536307520167,0.029129786830755657,0.03132125873551198,0.03173436886271898,0.03485147254982628,0.03448033617885957,0.03500169441426457,0.03612614925249171,0.036724827565182055,0.03772998856988356,0.03671820012998622,0.04011144695025257,0.04120939204769647,0.04227640911422576,0.045769067462430334,0.045521643215119194,0.046440647562274034,0.04745685429230275,0.04900546498306266,0.047346397039038854,0.05111519852040273,0.05252684221711538,0.0548442353905925,0.05586265126568568,0.059452511996762485,0.05683246594934223,0.05791273788626318,0.059118931091905504,0.055873696991012065,0.060011425698277825,0.05973307342005227,0.06097903123686907,0.061518062632797445,0.062218361618490585,0.06518082515102842,0.0628744777028776,0.06322131347812625,0.0640077691213658,0.061557827243972456,0.06519849831155007,0.06592972532815769,0.066170522140273,0.06647759330434605,0.06754902866100648,0.07156967267981187,0.0684923336038802,0.0674871725991781,0.06394370391447272,0.0669945332496217,0.06700999726507804,0.06806375946121626,0.06805271373588927,0.06727509467291201,0.06741206166695925,0.06983549380356863,0.06634946289056051,0.06245694928554006,0.06535755675625067,0.06272646498350454,0.058566644825585476,0.055637318469027315,0.05187956271298892,0.04745685429230275,0.04430882257428155,0.04386478441616028,0.03727048639630573,0.0389383909205903,0.03831099372205169,0.03875061359004202,0.040332361456780735,0.04150541748644373,0.04392001304279223,0.04656877797606098,0.050505474482386445,0.05463215746432533,0.0587367489956124,0.06399230510590828,0.06571543825682571,0.06914182225307194,0.0714194508153736,0.07277365674038774,0.0747177043978337,0.07362859588065164,0.07157850926007361,0.06738334278111063,0.06146946144136024,0.05472273241200221,0.04737732506995274,0.040168884721950515,0.03310182965812608,0.025135652552733038,0.0178322189669243,0.012254127677097262,0.008147327000745394,0.005187072613272735,0.0029867641282559036,0.0016060484624571317,8.79239735980658e-4,3.622997907055978e-4
H-09-1980,46.2,65,0.01946123827057781,0.01987364192766507,0.01959368908015293,0.020728551698561297,0.022426330257665068,0.02458166615893865,0.02456962517624997,0.025842959095577343,0.027456450775860817,0.028067530647311288,0.029581684220412702,0.029512448569952797,0.032658155297369665,0.03388031504027118,0.03462986621264147,0.03741434345939854,0.036276470595318355,0.037242759456084205,0.038251191756261745,0.039066968333419765,0.03834751961777118,0.041171130058266094,0.042817734440942966,0.04434091875106127,0.04509348016910372,0.04863954957091975,0.047480604987133954,0.048567303674787246,0.05015972363536551,0.049085065930400885,0.05278164761582541,0.05383523360108436,0.05427171922354898,0.05542765356166267,0.05594541581727588,0.060361446218348984,0.057757583711921585,0.059304849987416856,0.06056313267838436,0.05967511020509427,0.06368174719475171,0.06556014049418625,0.06656255230301879,0.06677928999141441,0.0691935070204952,0.07291116042562426,0.07080097820943387,0.07101771589782947,0.06832354602123812,0.07181242075528294,0.07342892268123746,0.07278171986172162,0.07252584897958653,0.07120134088383247,0.07149634495970511,0.07489792256925631,0.07009959096781831,0.06711944775236961,0.06894967712104945,0.06749572846139143,0.06658061377705121,0.06508452167798341,0.06456675942236963,0.06257096654172162,0.060948444124422095,0.06259203826142626,0.056107969083573045,0.05759503044562442,0.057513753812476344,0.05684246902758248,0.05555107363422113,0.05470820484601409,0.053528188542523045,0.053338543065176824,0.052471592311591916,0.052670268525954654,0.053407778715636726,0.05630363505226358,0.058446929970848986,0.06267933538591974,0.0674897079700471,0.07187262566872506,0.07686361299318387,0.07978355129518859,0.08230312692279472,0.08203521505797161,0.07654753719760468,0.07004540654571925,0.05952459792148578,0.049262670425058906,0.0381066999639976,0.028350493740494746,0.020129512809799504,0.0134497776632547,0.008290216581155651,0.004554501701992839,0.0024352887487853743,0.0012703236736556589,5.418442209905653e-4,2.5286063646226385e-4
H-09-1987,44.7,60,0.021326683255108007,0.021969883525619665,0.02203879784031695,0.02309548399901507,0.024657541798829095,0.02598069664102451,0.02603582809278265,0.028498366271312497,0.029991509756429353,0.03083226439574102,0.03226568214145272,0.03190273341737828,0.036368381009787155,0.037677752989043675,0.038959559242420484,0.04208826912969505,0.04037919412519265,0.041876931897954765,0.04356303546422536,0.04404084137946259,0.04362276120363001,0.047187928417322784,0.04881890053183448,0.05091848998629083,0.05160303884562109,0.055880320644523626,0.05344994247951838,0.054768503034067266,0.056826743899705066,0.0554071090169329,0.05905956769590982,0.06043785398986284,0.06103970567155589,0.062404209102570454,0.06190343174910066,0.06595559345332411,0.06425570702411415,0.06522050742988163,0.06629097645151948,0.0646324386111287,0.06943346920173296,0.06923132054528706,0.07020071523870106,0.07186844165438422,0.07314565362011516,0.07832801008537982,0.07496039724048734,0.0747444657211006,0.07090823553626388,0.07443664844878499,0.07477203144697968,0.07554387177159434,0.07440448843525874,0.07445043131172452,0.0736280538229989,0.07635706068502625,0.07175358446322207,0.06790816570309104,0.06852839453537075,0.06624962786270087,0.06437515850292345,0.06297849505838443,0.06153588873737916,0.05944089357057031,0.057244824075537645,0.05809476729014182,0.0502477239899001,0.05163519885914621,0.05034420403047685,0.04754168856610462,0.047063882650866966,0.04575910495925802,0.04410056711886685,0.044261367186495156,0.0429979380837044,0.04289226946783424,0.04386166416124863,0.045837207849248315,0.047334945622011584,0.05015583823696986,0.05410233132532354,0.058126927303666885,0.06039191111339826,0.06426489559940775,0.0657947933856962,0.06712713680318463,0.06531239318281129,0.06140265439563087,0.05675323529736088,0.04901645490063492,0.04011731972934147,0.03175112192504283,0.02319655832723833,0.016548624102735682,0.01080576454459587,0.006588208485097875,0.0035284129125211002,0.0020214865644652136,8.958860910698107e-4,4.640230522976968e-4
H-09-1988,50.5,70,0.015904764559704403,0.017039752453166877,0.017019840384860214,0.01956858512807449,0.020041496750350524,0.022943680706002376,0.023486284567350663,0.02455655823881703,0.0250294698610935,0.02576621638842879,0.027613060723843605,0.026647325410985186,0.029793432203389404,0.031595474385115445,0.03300425321779035,0.03682737033261132,0.03621507423219077,0.03810174270421763,0.038878313368166315,0.04134740983815485,0.04019250987638602,0.04397580285459388,0.04378663820568347,0.04528999936281398,0.04652454759780825,0.049456599655919635,0.04871487511150733,0.04969554447559551,0.05033770867847603,0.04817724926723606,0.05228909137249923,0.05418073786160287,0.05406624346884131,0.05548497833566988,0.056764328724353455,0.060034885943672955,0.05846183254747006,0.058670909264686835,0.05922346916018882,0.057371646807697414,0.062429312157512094,0.06353443194851559,0.06412183796355318,0.06507263922518125,0.06562519912068329,0.07117568816108029,0.06815900981266751,0.06848755893972183,0.0670389559704348,0.07061815024850286,0.07176309417611788,0.0711358640244682,0.07275371957435925,0.07282341181343215,0.07218622562762865,0.07596454058875964,0.07315693895756366,0.06878126194724062,0.07230072002039022,0.07287319198419805,0.07145445711736932,0.07046880973620517,0.06852738307633455,0.06890073435707939,0.0657695616159044,0.06780557060022903,0.0604032592073406,0.06178714795463202,0.06098070918822502,0.05961673250923941,0.05779975627628363,0.056361109341149684,0.056221724863004675,0.05476316585956436,0.053951749076080226,0.05531572575506534,0.05604749426532453,0.05837720625716804,0.060567533770868064,0.06494321078119049,0.06755169172932354,0.07179794029565337,0.07458065184146834,0.07573057378616059,0.07634286988658114,0.07337099369185703,0.0690251847839929,0.06278772938702712,0.05564427488212075,0.047037283356697,0.03784288581623564,0.028797828788071463,0.02011616700649937,0.014431271505033823,0.008895716515865968,0.005485774818401859,0.003390029629157652,0.0018020421817255066,8.562189371734451e-4,3.68373263667645e-4
H-09-1989,43.6,95,0.013754110671256274,0.01645592923354446,0.017032052309326196,0.018912729936017295,0.020555011807212073,0.023303185099735595,0.02406472709645898,0.025607677402863297,0.02575998580220843,0.027269825587016534,0.029322677926010007,0.027905547601672576,0.0316271702291376,0.0326535963986349,0.03399788357545966,0.035315682335007086,0.03544812442139376,0.03826251875710994,0.03912339231862401,0.04173250142044152,0.04066634262502878,0.04534154827447803,0.04636135233965543,0.0467851670160932,0.04973200343819674,0.05498995426774776,0.051347796892113724,0.0531490092669725,0.053586068152049,0.0515464600216942,0.0545860059042684,0.055897182559495995,0.05504955320662128,0.05620842146250518,0.057724883351632617,0.06181072171666156,0.06001613144612158,0.05998964302884424,0.06014195142818945,0.059135391571650715,0.06141339545750099,0.06294972365958698,0.06521448333679913,0.06561843170027791,0.06496284337266445,0.06919436803271813,0.06545950119661448,0.06725409146715335,0.06425427821049573,0.06986320056897145,0.06948574062276881,0.07147237191856956,0.07287625803426767,0.07244582125351162,0.07369077686554637,0.0765912585574139,0.07375037580442038,0.06992942161216417,0.07333980533662168,0.07455165042705977,0.07294910118178034,0.07306167695520967,0.07361131161371372,0.07182334344749425,0.06973738058690411,0.07326696218910836,0.063347049918747,0.06522110544111788,0.06340664885762101,0.06004261986339944,0.05964529360423889,0.05583096151630315,0.053764864968670535,0.051745123151274205,0.050202172844869435,0.04937440980495227,0.04934792138767538,0.04791092475037952,0.05034785913989478,0.05334105029223365,0.05670507928645521,0.06024128299297839,0.06373113196926836,0.06550585592684982,0.06771101666518797,0.06687000941663257,0.06530057069294931,0.06173787856914889,0.056181933045227846,0.04898370565011202,0.04266621812946759,0.03522297287453579,0.027554576072747885,0.020508657076976737,0.014906356822820354,0.009900045957403835,0.006019492826274412,0.0031057669257675458,0.0017813460619007886,9.00606187429395e-4
H-09-1991,35.8,70,0.013985474255589844,0.014991764055328406,0.015494908955197414,0.016584242087924386,0.017605186593484385,0.019695924624009167,0.01984247168222352,0.020404235405378182,0.02156684206721242,0.023427989706534716,0.0241118759782017,0.02459059636836859,0.026368700674702282,0.027995373020882078,0.027853710864608205,0.03171278339758619,0.03190817947520533,0.03338341986122923,0.034472752993956524,0.03566466906743327,0.03511756005009968,0.038786121407398656,0.04075473688941146,0.042161588648269625,0.04297736727232953,0.04710022451009335,0.04620628745498538,0.04809185960401005,0.04929354548136818,0.0493130850891301,0.05156990978563115,0.05291814272120273,0.05449596604797726,0.05631803447177622,0.057910512504372194,0.06153022484226674,0.059732580928170124,0.062394852485730866,0.06269771640604109,0.061852628370338315,0.06466633188805333,0.06587778756929256,0.06671799070305487,0.06719182619128068,0.06882338343940109,0.07263849185491411,0.07017650127691362,0.07013742206138916,0.06776824462025774,0.07120721558635458,0.0712169853902349,0.0726971106782005,0.07042563127587739,0.07256521832580759,0.07259452773745045,0.07735730712941627,0.07440682635736796,0.07059660284379414,0.07502720890380873,0.07261895224715285,0.07237470715012828,0.0704744802952828,0.0683642026569955,0.06683522834962635,0.06297615581664837,0.0641094530668388,0.053831619384072674,0.055853968787430264,0.05397816644228703,0.052346609194167226,0.0503437993985706,0.05019236743841622,0.04991881292974898,0.05045126724126158,0.05114003841486904,0.05310376899494091,0.05397816644228703,0.05817918211109799,0.06164257758689774,0.0666447171739477,0.06958054324017525,0.07541800105904567,0.08072300456640662,0.08486540141193236,0.08654580767945695,0.08818713473145771,0.08412289631697814,0.07868600045722711,0.06864264206760338,0.056322919373716696,0.04501437138150905,0.03431155122992012,0.02369665931326103,0.016437695029710032,0.010004279174099896,0.006369912130383805,0.003448740769977796,0.0019588456781318643,9.427860745123436e-4,3.859072532977987e-4
H-09-1995,58.7,85,0.01944256661333093,0.020516266174236446,0.020583606216383464,0.022628124718247475,0.02335577128478449,0.026561905513690514,0.026584352194406306,0.02816497262814302,0.029476232893291203,0.03022258502709138,0.031346789619607435,0.03017207999548084,0.03382340672524953,0.03482415457382931,0.035869795783840086,0.03891506213428292,0.038389435694188054,0.03982602325999821,0.04061539819850437,0.042164219167894215,0.04157312324237829,0.04490271421522078,0.04655815691801063,0.048067696196148244,0.04867749768892734,0.051965936413791276,0.0501421436056325,0.05136174659119067,0.05219601489112817,0.05128505376541217,0.054560398593191894,0.055563016998496896,0.056724632725539265,0.05730263475397149,0.05852036718280336,0.06197154434285681,0.060084152606003194,0.06092216201939286,0.06177139477314097,0.05941449329798252,0.06446499645903578,0.06491580063007855,0.06510846797288913,0.06525811251099385,0.06701269472027906,0.07034602680657395,0.06731946602339492,0.06780955188568917,0.06454168928481531,0.06795919642379507,0.06828093218072086,0.06877850026992158,0.06836510723340508,0.0686419496289005,0.06903102542797428,0.07239615697861652,0.06923304555441642,0.0656097771755413,0.0692985150398375,0.06961463912658494,0.06895807371564733,0.06932096172055328,0.06962025079676326,0.069425712897227,0.06841935337846887,0.0708473360092267,0.06304898501721495,0.06553682546321496,0.0634212258057519,0.06116533439381451,0.05994573140825579,0.058084527465571675,0.056187782945086515,0.0540198076992865,0.052695453537054605,0.052216591015117185,0.05251588009132825,0.054257368403528176,0.05687988893382402,0.05980543965378261,0.06329402794836239,0.06756637951126745,0.06901606097416374,0.0706827270173115,0.07082675988523786,0.06860453849437417,0.06469320437964578,0.057989129072529545,0.0502861764735593,0.04229141702528372,0.033404402018555296,0.025742601667563543,0.018069577976214814,0.012080055338550234,0.007886267158149239,0.00480920134335895,0.0029124568228743753,0.0014347170090845509,6.995882156422712e-4,3.04900746389546e-4
H-09-1996,34.2,95,0.01764501684083839,0.019668866094895814,0.019668866094895463,0.021337536506353755,0.02177983468770405,0.02516408592379345,0.024896026419944785,0.02742248724371797,0.029345814183832628,0.029593769224892645,0.03055878343874784,0.02978141087758671,0.03172484228048897,0.033132154675695025,0.03327288591521557,0.03709273384505905,0.03746131566285097,0.03886192657045955,0.04104661152682687,0.041622939460101496,0.040611014833072785,0.04517472788609592,0.04704444292544034,0.047915636312948914,0.05087099234288045,0.05504601911532341,0.05437587035570127,0.05478466109907048,0.05625898837023862,0.0536320052325217,0.05735133084842193,0.0580683900212166,0.05905350869786044,0.06103714902634108,0.06143253679451786,0.0666865030699517,0.06507814604685913,0.06452192257637317,0.06552714571580623,0.0644348032376229,0.068261352655062,0.06716230868928308,0.07007745579363732,0.07047954504940969,0.07083472389200979,0.07660470471235165,0.07190026041980824,0.07217502141125248,0.06722932356524525,0.0704728435618141,0.0723827675267352,0.07214151397327204,0.07212811099807898,0.072851871658471,0.07271784190654666,0.07600827231628837,0.07202088719654014,0.06957484422392046,0.07243637942750557,0.07202758868413635,0.07126361909816703,0.07198067827096284,0.07064708223931511,0.06900521777824266,0.06892479992708805,0.06966866505026749,0.06339607266020933,0.06400590803146448,0.061861432000675724,0.06111756687749568,0.05790755431890741,0.05759258440188573,0.055421302420711055,0.053645408207714136,0.052646886555877855,0.05081738044211027,0.050187440608066354,0.050944708706438385,0.051500932176924814,0.054422780768875266,0.05672809250197378,0.05885916555756963,0.06062165679537565,0.062263521256448726,0.062082581091350876,0.06241095398356549,0.05871173283045287,0.05164836490404158,0.046588741768898025,0.03690509219236499,0.028715874349788267,0.020285402953747384,0.014280870067537641,0.00905370974248867,0.005917413547459285,0.0035785943763796176,0.0026671920632942193,0.0013000885936660265,6.835517348140964e-4,2.680595038486653e-4
H-10-2140,27.9,30,0.023854109035196067,0.024838277226880114,0.02441269098182712,0.02700876707664818,0.028801549133932094,0.03235519428012098,0.03255734774652095,0.034621441035025256,0.037323913691109635,0.03801549133932005,0.04077648210409854,0.03951568285313033,0.04327148146571841,0.043713027194961215,0.0455590075328767,0.048527471592118315,0.04730923096565536,0.04880942247946477,0.05043197003872853,0.05244818487466504,0.05046388900710747,0.055257054092011454,0.05835851385283197,0.0601512959101164,0.06321551687449484,0.06673724305230479,0.06565731795548334,0.06727454568668305,0.07018449163723053,0.06764161382304149,0.07329127122611423,0.0738711324849977,0.07423820062135553,0.07575435161935594,0.07703643018257678,0.08241477635442852,0.07828658977741798,0.07939311401455464,0.0814891262714392,0.07723326382091358,0.08219134357577519,0.08321807039196523,0.08400540494531247,0.08542047921011148,0.08382453079116513,0.0879899561646163,0.08273396603821793,0.08362769715282758,0.07995701578924998,0.08252649274375481,0.0832553091884066,0.08362237732476516,0.08195195131293313,0.08231369962122853,0.07968038472996582,0.0837606928544065,0.07955270885645005,0.07395092990594505,0.07495637740988238,0.07136017363918823,0.06917904413329325,0.06435396008001044,0.06060880112354737,0.055985870536664456,0.05066072264544428,0.04814976379963374,0.0389251819381199,0.03713239988083566,0.034578882410520616,0.03244563135719465,0.031142273481720908,0.030338979444184472,0.029620802655658012,0.029493126782142505,0.029902753543005596,0.03036025875643683,0.03163701749159478,0.03236583393624701,0.03383410648167863,0.035579010086394136,0.03697280503894127,0.03872302847171924,0.04004766565944603,0.039393326807677716,0.03952632250925664,0.03722815678597281,0.0349246712346252,0.03211048218921576,0.027976975784142755,0.022960377920585688,0.01732136017363925,0.012873983912839754,0.008862833553219592,0.005612418606630654,0.003633442567136243,0.0018140613695365108,9.256500829893211e-4,4.575052134315035e-4,2.2343277865259474e-4,1.1703621738945439e-4
H-10-2156,44.8,75,0.02003367354748047,0.02115032734305978,0.020948564351957848,0.022767909944132605,0.02391935046231563,0.026138743364432757,0.026420515817522864,0.027478032184675365,0.028796448971356716,0.03065405995839519,0.032278599903988764,0.03275169933139931,0.03616427681882328,0.0364982293558196,0.03753139501714999,0.04060654129531855,0.03911766956787947,0.04052305316106891,0.04137880653712106,0.043236417524159534,0.041921479409739046,0.04553581988826481,0.0477447767736008,0.048057857277034675,0.050092880549352105,0.053439363263829656,0.05182178066275637,0.053415012558006576,0.054622111832356025,0.05222182797269957,0.05733199752318556,0.05777726757251262,0.05772160881634667,0.05954791175304232,0.060341049028407055,0.06367013838158275,0.062685674131897,0.06410497241412864,0.06493985375661841,0.06327704841616075,0.0686237676803514,0.06992131243347065,0.0702830943485493,0.07225898019243977,0.07254075264553052,0.0781553296737697,0.0754176146048579,0.07613422109049378,0.0736852358191928,0.07784572784259731,0.07710477065113747,0.07803705481691776,0.07595680880521483,0.07558459087335573,0.0747288374973043,0.07692040102133776,0.07316691365239741,0.06833155921048019,0.07040136920540194,0.07038049717183971,0.06979955890435702,0.06832460186596005,0.06825850709301239,0.06674876333201168,0.06544078256211193,0.067225341431682,0.05982620553387205,0.06161076440344217,0.05986447092873614,0.058024253302999526,0.05588834853513082,0.053936813397062806,0.05265666200524556,0.05071208421169826,0.04892404666986722,0.04695163949823607,0.046889023397549794,0.047209061245503565,0.04717775319516064,0.04893100401438797,0.050802529690467925,0.05366199828849249,0.05669540049953754,0.05820862293279922,0.06026799691093925,0.058960016141039504,0.057060661086875554,0.053540244759380434,0.04794306109244241,0.04043260768229997,0.03237948139953954,0.025133407081184896,0.017887332762831148,0.012119694155134912,0.007580026855349878,0.004383127048068231,0.0024524639435620304,0.0011827485685263692,4.904927887124061e-4,2.7481510856936224e-4
H-10-2161,20.5,75,0.019078504369093665,0.02076577169260783,0.02113728009411516,0.022445299257757255,0.02414804609800091,0.025897231488433023,0.02567277849585545,0.02855970836590441,0.02849779029898697,0.02962005526187483,0.03171752977872042,0.03165561171180247,0.03521590055958403,0.03500692708373657,0.036926387158193054,0.04057181334798742,0.041593461452133614,0.042135244537664936,0.04385347089463883,0.044906078032243994,0.0443952539801709,0.04893075238191038,0.048412188571472545,0.050354867921023685,0.05177898346013656,0.057552843200235494,0.05704975890652664,0.057676679334070884,0.05812558531922654,0.057026539631432914,0.0599521682933061,0.06243663072838833,0.06336540173215759,0.06474307872108256,0.06681733396283392,0.07070269266193535,0.06959590721577635,0.06922439881426866,0.07213454795941297,0.06876775307074938,0.07151536729023282,0.07435585861009446,0.07554004163990027,0.07565613801537076,0.07785422939095869,0.08109718814578566,0.07920868710478887,0.07968855212340228,0.07608956448379708,0.08127520258817549,0.08194082180754274,0.08105074959559792,0.08122102427962156,0.08307856628716082,0.0830243879786076,0.08865893206814036,0.08512960225381794,0.08153061461421131,0.0873276936294052,0.08742057072978213,0.08578748171482041,0.08356617106413967,0.08122102427962156,0.07799354504152409,0.07393017190003355,0.07189461545010527,0.06037785500336701,0.05839647686199206,0.054998722939870015,0.0500220583113397,0.04723574530003148,0.043528401043319585,0.04081174585729412,0.03873749061554312,0.037886117195421294,0.03685672933291003,0.03757652686083154,0.03878392916573124,0.040215784463209205,0.042545451730997115,0.04335812635929522,0.0450299141660791,0.045865808069472234,0.04587354782783698,0.04385347089463883,0.04390764920319203,0.04105941812496556,0.03564158726964557,0.031756228570544144,0.025502503811831088,0.019171381469470592,0.013970263848362455,0.008978119703102902,0.005711941673180984,0.0032893973050161494,0.0017259661153378547,0.0010603468959699117,3.7150840150770625e-4,2.7089154276603583e-4,1.238361338359021e-4
H-10-2172,50.6,35,0.018933222136943137,0.019761299368410288,0.0196862632438757,0.02135313715317239,0.022829740889542618,0.024949511407634906,0.02528181424485797,0.026466313067862294,0.02768297022995366,0.0286316412329937,0.030019809536877145,0.02960979071352933,0.032498681508097003,0.03363762268406373,0.0349400354170509,0.038622165242409696,0.03808887278589849,0.03955207721431547,0.04113319555271624,0.04183263942783898,0.04146013866675828,0.04373802101869019,0.045847072090420424,0.0468359410173185,0.048591250359101626,0.05216886558243058,0.05017236869750124,0.0517883252365779,0.05244221146466246,0.0507699778321851,0.055733081497806994,0.05617525866024041,0.056973857414211966,0.058311108347876256,0.059045390423675605,0.06359847526594968,0.06179492841553686,0.06267124315563316,0.06465702059420057,0.06208167360572183,0.06693222308454176,0.06823999554071056,0.06871969076541158,0.06998458543613102,0.07014001740838113,0.07437419872138404,0.07118516342867949,0.071702376715647,0.0684758233606753,0.07201324066014664,0.07234554349736906,0.07245541782258055,0.07209631636945175,0.07358095969059415,0.07338264993289652,0.07707281934302615,0.07408477366960978,0.0704776799687846,0.07421072716436368,0.07419196813323012,0.07295119221682399,0.07199448162901308,0.07069742861920629,0.06912702972716889,0.066039829174903,0.06510187761822442,0.05590191277800904,0.05565536551168175,0.05155249741661361,0.04986686447618371,0.047564863369936414,0.04631336800716933,0.04547189146774923,0.04594086724608863,0.04568628039499032,0.04660279305894384,0.04834470309277483,0.05032512080816023,0.05458610073706932,0.05844778128899219,0.06406477118269818,0.06799612813597306,0.07152014612749305,0.07373103193966264,0.07448139318500505,0.07310394432748363,0.0700515819758931,0.06358507595799714,0.05529090433537308,0.044483022540851964,0.03455949507119868,0.02604825465974296,0.018110504628657,0.011933423662534718,0.007391058266622672,0.004644200136351292,0.002535149064621119,0.0012997328713966626,6.378070585410427e-4,3.269431140420471e-4
H-10-2174,7.2,65,0.018043435470113573,0.017387310543927625,0.017715373007020283,0.022636309953415208,0.027885309362902795,0.029853684141460637,0.029197559215274692,0.024604684731972616,0.025260809658159,0.031165933993832533,0.040023620497342836,0.03379043369857632,0.03772718325569135,0.03871137064497094,0.04396037005445852,0.05248999409487585,0.040023620497342836,0.04035168296043509,0.04396037005445852,0.049865494390132055,0.05117774424250395,0.048881307000852706,0.052489994094875383,0.06397218030312994,0.06298799291385102,0.05675480611508451,0.06987730463880286,0.06889311724952395,0.06561249261859481,0.06101961813529317,0.0695492421757105,0.07151761695426771,0.0774227412899412,0.08365592808870838,0.08201561577324351,0.08956105242438192,0.09152942720293895,0.09054523981366004,0.08037530345777864,0.08693655271963813,0.09120136473984598,0.09087330227675382,0.0934978019814976,0.1046519257266578,0.08759267764582407,0.11121317498851722,0.10727642543140252,0.09940292631717026,0.09415392690768355,0.09218555212912571,0.08923298996128816,0.08824880257201002,0.079719178531592,0.08693655271963813,0.07873499114231378,0.0921855521291249,0.08628042779345217,0.07414211665901148,0.08496817794108028,0.09185748966603273,0.08365592808870764,0.09218555212912571,0.09251361459221787,0.0859523653303592,0.07775080375303485,0.079719178531592,0.0695492421757105,0.061019618135292636,0.05609868118889856,0.053802243947247745,0.04560068236992299,0.037727183255692014,0.03313430877239009,0.026901121973623873,0.022308247490322234,0.0170592480808345,0.016731185617741676,0.012138311134439934,0.017387310543927625,0.009841873892789222,0.011154123745161117,0.013778623449904666,0.011810248671347065,0.007873499114231377,0.009513811429696248,0.010826061282068143,0.009841873892789047,0.007873499114231377,0.004920936946394611,0.0016403123154648703,0.0016403123154648703,0.0019683747785578095,9.841873892789221e-4,3.280624630929741e-4,9.841873892789221e-4,0,0,0,0,0
H-10-2181,5.8,85,0.03110773899848266,0.031411229135053224,0.031183611532624746,0.035128983308042615,0.03657056145675279,0.04028831562974218,0.042336874051593476,0.04415781487101606,0.04597875569044023,0.04916540212443113,0.0502276176024281,0.04734446130500776,0.049544764795143456,0.05106221547799715,0.05386949924127485,0.05766312594840688,0.05698027314112312,0.058649468892260165,0.06122913505311099,0.06426403641881662,0.06009104704097138,0.0687405159332318,0.06805766312594803,0.06919575113808826,0.07109256449165427,0.07731411229135081,0.07731411229135011,0.07268588770864907,0.08232169954476509,0.07162367223065276,0.07837632776934778,0.08323216995447603,0.0793626707132014,0.08907435508346011,0.08672230652503825,0.08596358118361185,0.08808801213960499,0.09028831562974154,0.08786039453717785,0.08968133535660124,0.08899848254931667,0.09233687405159366,0.08823975720789105,0.09028831562974154,0.08725341426403674,0.09279210925644867,0.08505311077390015,0.08816388467374763,0.07776934749620665,0.08186646433990925,0.08490136570561412,0.08232169954476509,0.08171471927162323,0.07359635811836142,0.07928679817905947,0.07883156297420292,0.07458270106221575,0.06737481031866428,0.06669195751138111,0.06949924127465883,0.0660849772382394,0.0567526555386952,0.05834597875569013,0.052731411229135244,0.04681335356600927,0.045068285280728135,0.035356600910470534,0.0351289833080423,0.03406676783004565,0.031411229135053224,0.026327769347496064,0.024658573596358205,0.024203338391502145,0.024203338391502363,0.019726858877086566,0.01995447647951431,0.01691957511380886,0.01919575113808791,0.01684370257966622,0.018512898330804314,0.018512898330804314,0.017830045523520233,0.01911987860394544,0.01934749620637336,0.018512898330804314,0.017754172989377908,0.016540212443095365,0.015705614567526612,0.012063732928679861,0.010394537177541767,0.00477996965098636,0.005235204855842111,0.0022761760242792192,0.0011380880121396096,9.863429438543283e-4,5.31107738998475e-4,1.5174506828528127e-4,0,0,0
H-10-2301,3.8,30,0.023681094592816816,0.02390036398719475,0.02258474762092675,0.025435249747840286,0.022804017015305083,0.029162829452265154,0.02433890277595062,0.030478445818532214,0.03003990702977689,0.03354821733982383,0.03332894794544589,0.03508310310046936,0.0333289479454453,0.0379336052273825,0.041222646143051496,0.04538876463623223,0.041661184931807364,0.03946849098802733,0.04495022584747637,0.05766785072139651,0.04429241766434257,0.05218611586194771,0.048239266763144946,0.05021269131254677,0.06051835284830964,0.05613296496075097,0.060956891637064976,0.05613296496075048,0.05613296496075097,0.050431960706924704,0.05657150374950684,0.05986054466517532,0.06556154891900154,0.061176161031443445,0.06775424286278145,0.06687716528526971,0.07126255317282776,0.07257816953909535,0.07477086348287532,0.07674428803227673,0.08639214138490504,0.0831031004692368,0.08990045169495274,0.0874884883567947,0.08354163925799266,0.07674428803227605,0.07016620620093872,0.07170109196158363,0.06490374073586831,0.07893698197605606,0.0820067534973464,0.085734333201772,0.08178748410296847,0.0909967986668424,0.085734333201772,0.11073104416085544,0.11423935447090336,0.09910976625882507,0.10217953778011701,0.09867122747007008,0.07674428803227605,0.07674428803227673,0.07213963075033948,0.07652501863789879,0.06293031618646691,0.06490374073586774,0.06139543042582138,0.05613296496075048,0.04955488312941297,0.0425382625093191,0.0458273034249877,0.041661184931807364,0.042538262509318726,0.035960180677981096,0.032890409156690024,0.028943560057886966,0.028066482480375486,0.028285751874753174,0.02762794369161962,0.02433890277595062,0.027408674297241687,0.03135552339604394,0.03223260097355622,0.034863833706091425,0.0451694952418543,0.04692365039687777,0.048239266763144516,0.049116344340657106,0.029162829452265154,0.018418629127746413,0.014691049423321544,0.0070166206200937475,0.003946849098802803,0.0028505021269131354,0.0019734245494014016,6.578081831337888e-4,8.770775775117339e-4,2.1926939437793349e-4,2.1926939437793349e-4,4.3853878875586697e-4
H-12-8427,11.6,95,0.02518653779554837,0.02812496720502901,0.02518653779554792,0.02959418190976933,0.029279350187324978,0.03185047592062054,0.032480139365509246,0.030853508799546202,0.03447407360765683,0.034369129700175374,0.03594328831239715,0.03657295175728586,0.03631059198858159,0.03809463841576691,0.04045587633409956,0.04617531929183867,0.04349924965106166,0.042712170344950014,0.04706734250543101,0.04575554366191287,0.04538823998572779,0.050005771914911214,0.049008804793837436,0.05409858430668826,0.051107682943466896,0.054360944075391895,0.0518422902958366,0.06044769070931555,0.060657578524278985,0.05714195762365036,0.06343859207253745,0.06375342379498124,0.06312376035009254,0.06228420909024148,0.06595724585209228,0.06816106790920277,0.06732151664935057,0.06412072747116632,0.06585230194461084,0.0625465688589451,0.07230635225471947,0.06826601181668422,0.06837095572416567,0.06763634837179491,0.07293601569960881,0.0742478145431263,0.07246376811594228,0.0734082632832747,0.06690174101942535,0.07078466559623905,0.07172916076357148,0.0686333154928693,0.07618927683153313,0.07818321107368138,0.07744860372131122,0.0777634354437549,0.07907523428727373,0.07765849153627345,0.08185624783553219,0.08243343932668018,0.08332546254027179,0.08306310277156889,0.08741827493204836,0.08327299058653179,0.08747074688578985,0.08783805056197416,0.08259085518790235,0.08642130781097458,0.08678861148716041,0.08621141999601244,0.07723871590634765,0.07157174490234994,0.06942039479897957,0.06464544700857414,0.05556779901142858,0.04596543147687537,0.04182014713135843,0.03694025543347061,0.032899914995435056,0.03179800396687981,0.02739035985265885,0.02466181825814067,0.0272854159451774,0.024819234119363286,0.024504402396918933,0.02177586080240119,0.02083136563506776,0.01658113738206934,0.013170460388922167,0.01275068475899636,0.009340007765849185,0.008343040644775248,0.005194723420331851,0.003358205039406449,0.0020988781496290307,0.0014167427509995704,0.0010494390748145154,2.0988781496290306e-4,5.2471953740725765e-5,0
H-12-8431,30.2,40,0.03051428456930518,0.032078724465142774,0.03066456327851071,0.032656719500550754,0.03406317408671016,0.03702636196823506,0.036914616261389525,0.037450224994200254,0.03890291918319297,0.04089122210499641,0.04132664503167042,0.03977761833677704,0.044509471026649566,0.045865832709741074,0.047414859404634455,0.05110246773053735,0.0499464776597214,0.05075952400952772,0.05272470712991575,0.054670623749122606,0.05301755794785579,0.05822336656676313,0.06090526353105612,0.0627047547412935,0.06278952734648667,0.06655034837687458,0.06578354162989941,0.0672400891191275,0.06752523333659603,0.06401487682155158,0.07024951660348563,0.0709585238469188,0.07170991739294916,0.07198735500994562,0.07399492443292933,0.07677315390312368,0.07336298319421596,0.07474246467872299,0.07413364324142725,0.07214919361985986,0.07527807341153438,0.0743764011562986,0.07480026418226444,0.07570578973773627,0.07626451827196466,0.08017947131179398,0.07730490933569902,0.07757849365245811,0.07465383877329443,0.0774706012458493,0.07738197534041939,0.07938569146316773,0.07902348124097804,0.07811410238527018,0.07851869891005578,0.08272264946758906,0.0787884299265795,0.07515091450374461,0.07769023935930433,0.07560945723183561,0.07321270448500988,0.06997978558696191,0.065899140636981,0.06152179156882517,0.05643928855747102,0.05451649173967999,0.0451067325632386,0.043149256043323196,0.04091048860617667,0.03751573109821382,0.03621331561842752,0.03459492951928551,0.03376261666829772,0.03445621071078759,0.0353193499636635,0.036375154228341755,0.039114850696175894,0.04090278200570421,0.04220519748549054,0.043222468747808586,0.04387752978793763,0.043357334256069684,0.041415270937099645,0.03816693883810681,0.03474906152872763,0.03024840685301751,0.026487585822629132,0.02216803625801398,0.018102804508977867,0.014261064173632841,0.010511803043953091,0.007275030845668286,0.004701026287984887,0.0028552954749154107,0.0016607724017389232,9.209387564166952e-4,4.2386302596585047e-4,1.926650118026593e-4,7.321270448501053e-5,5.779950354079779e-5
H-12-8456,21.5,20,0.028295179866344475,0.031805417318356434,0.02996587515995976,0.03363607279965887,0.03439144035262347,0.03758175742926218,0.03629318925067551,0.037110763543295365,0.03834601165932048,0.038114958054884254,0.03968789990046936,0.0392879994312528,0.043926844874164026,0.0461840608559649,0.04661062135646255,0.04965875159960205,0.04831686335845318,0.04942769799516494,0.051142826674250144,0.05220034124840058,0.0508229062988769,0.05590608559647347,0.056359306128252226,0.05892755580833235,0.061460258780037184,0.06449950234608298,0.06259775344803038,0.06288212711502882,0.06426844874164675,0.06361972131380657,0.06651677804635314,0.06766315939143999,0.06816081330868726,0.07011588226930211,0.07197319778188564,0.07800725152850874,0.07665647661026548,0.07575892222380168,0.07549232191099131,0.07223091141760299,0.07501244134793078,0.07687864353760869,0.07646985639129843,0.07714524385041904,0.07957130669700013,0.08287715057585623,0.07957130669700013,0.07894035262334666,0.0739104933883125,0.07937579980093872,0.08035333428124514,0.07818498507038275,0.07546566187970954,0.07374164652353218,0.06920944120574458,0.07215093132375903,0.06688113180719489,0.060989264894070486,0.06357528792833805,0.06255332006256242,0.06127363856106892,0.057718967723589,0.05355111616664268,0.05051187260059736,0.04611296743921529,0.046050760699558976,0.038488198492819696,0.039287999431252454,0.03597326887530227,0.036426489407081035,0.03427591355040505,0.03278295179866356,0.034240366842030245,0.03238305132944701,0.033129532205317905,0.03402708659178142,0.034764680790558916,0.03670197639698544,0.03918135930612839,0.045819707095123154,0.05420873027157704,0.06931608133086778,0.08181074932461282,0.08137530214702147,0.07153775060429429,0.05757678089008978,0.04448670553106719,0.0323475046210722,0.023087587089435598,0.015569458268164423,0.01015747191810042,0.00686940139343087,0.004150078202758439,0.002479382909142622,0.0017417887103654262,9.064410635575017e-4,5.243139485283681e-4,2.6660031281103465e-4,1.0664012512441385e-4,1.777335418740231e-5
H-12-8462,23.6,25,0.030032569584558296,0.03140959246109922,0.030601339903129,0.03265190657797853,0.03498685841211314,0.03834709358367224,0.03757626012560857,0.03956695624060724,0.04067456159782565,0.040936495297167676,0.04387763654977954,0.04226113143384019,0.04498524190699643,0.046766391062523,0.046990905661959015,0.05199009740940107,0.050111658594119694,0.050455914313254024,0.05271602794757753,0.05406311554419365,0.05299292928688196,0.0581792165338535,0.059922946589473246,0.06150203260550712,0.06362743748016811,0.06750405623043006,0.06516910439629486,0.06857424248774115,0.07027306962347431,0.06754895915031726,0.07376052973471382,0.07467355577241963,0.07480078071210004,0.07718811928610372,0.07714321636621652,0.08143892903542571,0.07908900956132799,0.07864746418243715,0.07934345944068952,0.07381291647458223,0.0792985565208016,0.07792901746424259,0.07641728582804005,0.0755117436103141,0.07539200249061556,0.0766492842474566,0.07380543265460102,0.07251073179785265,0.06830482496841853,0.07066971208247794,0.07049758422290969,0.07156028666024082,0.07071461500236452,0.06828237350847492,0.06811772946888851,0.07138067498069137,0.06605219515407713,0.060903327007010524,0.062504864482988,0.059249402791165716,0.05524555910122286,0.05078520239242776,0.04740999958090583,0.044940338987110036,0.04062965867793845,0.03926760344135957,0.03406634855442546,0.03389422069485754,0.03277913151765894,0.031768815820196854,0.031484430660910945,0.031581720320666834,0.03167900998042216,0.03363228699551582,0.03554814491070319,0.038227352463972686,0.04058475575805124,0.043495961730737914,0.046482005903237374,0.05213228998904388,0.055739491219982604,0.05994539804941631,0.05960114233028215,0.05829895765355323,0.05581432941979461,0.05151113293060422,0.046990905661958175,0.04001598543947999,0.0323226184988057,0.024823830877642627,0.019450448131140545,0.013448424506217367,0.009526902836068454,0.0060169912648853395,0.003973908410017556,0.002394822393984172,0.001159992097086104,7.858010980260705e-4,4.0412627898483625e-4,1.9457931951121746e-4
H-12-8471,22.7,95,0.026556413290821035,0.027295013535471997,0.028008717142662315,0.02989256271048043,0.03167682172845747,0.03725366851952988,0.03605033104228956,0.03566028372207999,0.03749433601497795,0.038506799271690505,0.039643745715703775,0.041062854050932025,0.044556682174504876,0.045511053277144546,0.046863770579145744,0.05088872696853581,0.05078084153954185,0.0486563284762753,0.05165222385064691,0.05288875684450077,0.0524240196119114,0.05417508311327444,0.05727886391663912,0.05834941932742584,0.059951103004028485,0.06369389750220358,0.06228308804612816,0.0616357754721644,0.06432461231786057,0.06232458244189562,0.06590139935700308,0.06806740681603507,0.06874791490661235,0.07010893108776753,0.07005083893369386,0.07627499829873004,0.0721836508761123,0.0748226944468876,0.0761173195948158,0.07385172558594262,0.07844100575776194,0.07990990736791118,0.07768580775480491,0.08042443787542013,0.07951156116854885,0.08408424358206136,0.07817544162485442,0.07582685882444677,0.07128737192754772,0.07551980029577232,0.07307163094552412,0.07264008922954891,0.0712790730483937,0.06959440058025787,0.06912966334766851,0.07287245784584295,0.06805080905772891,0.06600098590684307,0.06799271690365523,0.0677354516499004,0.06738689872545778,0.06829977543233035,0.06955290618449035,0.06883920257730015,0.06939522748057672,0.0711462909819396,0.06290550398263232,0.06382667956865712,0.061478096768250695,0.05835771820657922,0.05462322258755704,0.04971858500790901,0.045942594993119985,0.04290520522298274,0.03885535219613253,0.03645697612080493,0.03433246305753957,0.03293825135977117,0.03283866480993089,0.03313742445945262,0.034905085719122896,0.03579306578853409,0.03674743689117361,0.0360752276797497,0.03405860004547798,0.03248181300633548,0.029261847894822907,0.026382136828600022,0.021245130632656827,0.017942176729610963,0.013245011128796991,0.009900562829984041,0.007286415896669021,0.004066450785156971,0.0023070884046400776,0.0014440049726883683,6.722092114239075e-4,2.9875964952173664e-4,1.7427646222101305e-4,7.468991238043416e-5
H-12-8474,13.7,100,0.02341927071418776,0.02178935810037982,0.02376241021183111,0.0250491833279957,0.025335132909365513,0.028709337969529316,0.0319691631971452,0.03256965731802122,0.033484695978405206,0.032798416983117654,0.035657912796815794,0.035343368257309,0.038603193484924185,0.03983277668481508,0.043349956535663786,0.0473246557167042,0.04234913300086944,0.04729606075856638,0.046981516219060424,0.04895456833051214,0.04918332799560799,0.05367273642311359,0.056903966692592456,0.05578876332525069,0.05530264903692201,0.06528228942672852,0.05947751292492076,0.061564944868920383,0.06451022555703002,0.06388113647801642,0.06682641716612552,0.0659399734638785,0.07031500205883662,0.06877087431944025,0.070686736514618,0.07440408107242558,0.07254540879352114,0.07123004071922001,0.07185912979823424,0.06937136844031686,0.0738321819096853,0.07260259870979575,0.07428970123987766,0.07177334492382265,0.07506176510957616,0.08103811136020454,0.07463284073752142,0.07809283067209548,0.07054376172393309,0.07600539872809654,0.07343185249576756,0.07809283067209617,0.07574804410486302,0.07534771469094596,0.07417532140732973,0.07669167772338341,0.07431829619801464,0.06968591297982303,0.07371780207713803,0.07062954659834404,0.06779864574278227,0.06765567095209797,0.06765567095209736,0.06779864574278288,0.06459601043144096,0.0673125314544536,0.059506107883058275,0.060564121334126045,0.060907260831770366,0.06087866587363338,0.05272910280459321,0.05044150615363517,0.04872580866541586,0.043006817038020013,0.0416342590474449,0.03863178844306151,0.03846021869423997,0.039918561559225664,0.04169144896371887,0.04312119687056794,0.04701011117719741,0.048010934711990895,0.05061307590245706,0.04826828933522459,0.046752756553964575,0.042091778377636606,0.0382886489454174,0.031082719494898773,0.024277119458297202,0.018186393375120166,0.013525415198792199,0.010065425264217269,0.007005764743560441,0.004460813469369097,0.002687926064876251,0.0016871025300818718,6.57684037150572e-4,2.859495813698139e-4,1.1437983254792556e-4,8.578487441094417e-5
H-12-8475,23.8,75,0.029603005110212903,0.030747082602395046,0.029900941957134806,0.03203416978109995,0.03429848981771044,0.03615761574250642,0.036574727328197824,0.03700375638776547,0.03811208145831758,0.03783797955914894,0.03968518801006802,0.039184654107238336,0.04329618259476714,0.04485737167264145,0.046418560750515,0.049445599115246916,0.04974353596216935,0.05086377850659679,0.05241305011059434,0.05281824422240885,0.05198402105102604,0.05554734574021784,0.05831219967965799,0.05993297612691654,0.05805001525436677,0.06357972313324711,0.06120814583174401,0.06201853405537302,0.06402066966669231,0.06213770879414254,0.06595130043474969,0.06541501411028873,0.06837054763175923,0.0684897223705288,0.068120280680345,0.0707421249332624,0.06991981923575587,0.0701939211349245,0.07344739150331808,0.06922860575089644,0.07455571657386888,0.07363807108534844,0.0734116390816874,0.07384066814125505,0.07446037678285436,0.07892942948669014,0.0742816146747009,0.0714929257875063,0.06959804744108025,0.07245824117153561,0.07127841125772215,0.07089705209366207,0.06834671268400544,0.0685016398444057,0.06661867897185593,0.06959804744107964,0.06518858210662826,0.06278125238349444,0.06317452902143261,0.0614345778354056,0.06105321867134435,0.05826452978415092,0.05763290366867485,0.05404574403172927,0.05222237052856399,0.05541625352757197,0.04738387613454368,0.04811084204103399,0.043713294180459314,0.04250962931889268,0.03968518801006767,0.039101231790100055,0.03923232400274558,0.038564945465639676,0.03701567386164303,0.03799290671954827,0.03832659598810173,0.03941108611089904,0.04217594005033956,0.042867153535199605,0.046358973381130514,0.05013681260010607,0.052484554953855726,0.05402190908397548,0.05591678743040215,0.054224506139882736,0.052663317062008254,0.049338341850354836,0.04190183815117092,0.035108878041339456,0.029817519639997056,0.021582545191060634,0.015528468461597188,0.009963008161086147,0.006530775684539723,0.003467984898177054,0.0022166501411028986,9.533979101517843e-4,5.601212722141733e-4,3.456067424300218e-4
H-12-8476,31.2,95,0.023134683517529564,0.023590032843906334,0.02321547130124116,0.02538939711749197,0.027269549174789607,0.029583017526542563,0.03040558405161028,0.0328145288750223,0.03378398227956698,0.035539280489309696,0.03596525243979119,0.03514268591472348,0.03951257057914503,0.042039024906139436,0.0426486054559664,0.04462423398492369,0.044638922672871326,0.046856914552963806,0.046658617265671526,0.04919241593663905,0.0471139665920483,0.05258550285254291,0.05319508340236988,0.054619886133291225,0.0572124395560493,0.06022362058531505,0.05807172780098559,0.057961562641378306,0.06079647941527293,0.05771185494626899,0.06353591971750738,0.06393251429209303,0.0648211799129251,0.06580532200541742,0.06563640209401958,0.06975657906333199,0.06768547406271445,0.06952156005616916,0.07033678223726368,0.06750920980734341,0.07343609539421461,0.07234178814211625,0.07330389720268653,0.0744055487987587,0.07653540855116685,0.07829070676090887,0.0741044306958328,0.07523545966780022,0.07236382117403771,0.07486089812513613,0.07458915739810416,0.07554392211470129,0.07314232163526185,0.0727457270606763,0.07070399943595464,0.07466994518181617,0.0700283197903633,0.06718605867249478,0.06940405055258869,0.06736966727184085,0.06560702471812373,0.06689962925751644,0.06434379755462688,0.06490931204061151,0.06489462335266388,0.06672336500214418,0.05877678482247273,0.059988601578152306,0.05855645450325816,0.05672771285377725,0.055031169395824586,0.052776455795862674,0.050433610068213994,0.04743711772689633,0.04410278556278255,0.04249437423251583,0.040393891856004,0.04026169366447489,0.040533434391506556,0.04220794481753727,0.04288362446312861,0.04480784258426836,0.04693770233667664,0.04886926480179102,0.04868565620244555,0.0479291887731422,0.04623998965916303,0.042758770615573684,0.038609216270366,0.03166881121510713,0.025337986709675235,0.018838242292845166,0.012713059418680532,0.008225665250677177,0.005067597341935047,0.0033196434761660876,0.0020784493445907513,9.988307804393716e-4,4.1862760650767777e-4,2.1298597524074835e-4
H-12-8477,17.4,100,0.030071697704047166,0.03166422704724741,0.03081713697107652,0.034747634924507456,0.034561275107749985,0.03600132823723957,0.037712450191103655,0.03898308530535848,0.039101677916023016,0.039101677916023016,0.040745032663793486,0.040914450679027554,0.04340489550296759,0.04438751999132596,0.0452346100674963,0.04999525629557362,0.04836884334932657,0.04958865305901098,0.051824970860101564,0.051892738066195196,0.051841912661624974,0.054755902523650465,0.05719552194302103,0.05973679217153257,0.059821501179149604,0.06373505733105658,0.06171898294977062,0.06480239082703064,0.06322680328535438,0.06012645360657092,0.06595443333062288,0.06512428505597537,0.06573418991081802,0.06546312108644409,0.06614079314738036,0.0694783280474915,0.06558171369710734,0.06703870862812032,0.06864817977284457,0.06512428505597595,0.0715282860318231,0.0711894500013556,0.06966468786424898,0.07242620151256365,0.07335800059635168,0.07932151473259019,0.07517077335935621,0.07403567265728729,0.07142663522268329,0.07622116505380744,0.07761039277872611,0.07776286899243746,0.07703437152693028,0.07495052993955192,0.07569596920658182,0.07679718630560259,0.0716977040470578,0.06632715296413724,0.06996964029167031,0.069207259223117,0.06841099455151627,0.06805521671952533,0.066598221788511755,0.06692011601745708,0.06807215852104874,0.06969857146729518,0.06317597788078416,0.0636842319264858,0.062006993575669085,0.05653479168360867,0.05287536255455232,0.04963947846358208,0.04508213385378524,0.04298135046488319,0.04165988994605745,0.03752609037434585,0.03984711718305292,0.039389688541920584,0.03818682063375905,0.041270228511019094,0.039728524572389075,0.04081279986988639,0.04223591119785329,0.03784798460329091,0.03600132823723957,0.032951803963026334,0.031240682009161684,0.026734162803936017,0.021448320728633077,0.01702651053102389,0.01228280610446997,0.009504350654631077,0.006200699357566909,0.00479452983112414,0.003134233281830268,0.0021516087934726324,0.0011689843051150728,9.487408853107838e-4,2.5412702285110283e-4,1.5247621371066168e-4
H-12-8478,26.5,60,0.02108459138061912,0.022096651766888836,0.023256304292822473,0.025449101796407275,0.026914480897360305,0.03088892637260701,0.030488319136375244,0.03136332967867038,0.03263894745719839,0.03305009698912047,0.03514801383149207,0.034146495740912663,0.03539048663236856,0.036708273593657886,0.036971830985915624,0.03876402125326825,0.04034536560681468,0.041178206966348406,0.043349919878552905,0.04500506030193151,0.04392974614151993,0.04759846504174724,0.04771443029434064,0.04971746647549988,0.05038163110398938,0.05517837564308023,0.05324913553175311,0.05406089229990694,0.05588470945433097,0.054545837901661655,0.05677026229231698,0.05701273509319359,0.06013325461752519,0.059838070338197054,0.06086067302015708,0.06676435860673044,0.06159863371847821,0.06411824238846217,0.06447668044193326,0.0625368980349163,0.06690140845070387,0.06879902167496019,0.06749177700936179,0.07030656995867382,0.07064392342076435,0.07593615585729908,0.070802057856119,0.07191954119929117,0.06830353377751563,0.07196171038205305,0.07227797925276169,0.07137134182339572,0.07259424812347098,0.07357468162267042,0.07454457282617889,0.0778443113772451,0.07364847769250257,0.072731297967445,0.0737749852407863,0.07403854263304403,0.07514548368052587,0.07278400944589719,0.07316353209074769,0.07178249135531779,0.06830353377751563,0.06937884793792659,0.05910010963987539,0.057792864974276485,0.05675971999662666,0.053491608332630704,0.051098507210929976,0.049074386438390995,0.048631610019397566,0.04793581850383757,0.0469870118917097,0.045953866914058956,0.04768280340727014,0.04820991819178518,0.05141477608163972,0.05263768238171563,0.054208484439571755,0.056285316690561735,0.058815467656237026,0.060660369402041205,0.06188327570211711,0.05928987096230096,0.05566332124483348,0.04994939698068669,0.04313907396474671,0.03473686429957,0.02772623766551414,0.020589103483174203,0.01338871552669314,0.009983554018723152,0.0066732731719659506,0.003911191701104777,0.002719912288099866,0.001602428944927053,9.171797250569317e-4,4.5331871468331104e-4
H-12-8479,35,25,0.03146925239791798,0.032217971799771816,0.03193576217907249,0.0332776977223957,0.034573558225604255,0.036635416270709424,0.03531651824744383,0.037441729472705194,0.039348084257425996,0.04043084770010692,0.04092039500131905,0.04012560055935113,0.044744623330787055,0.04648395609509444,0.048200251339344,0.050941716226131875,0.04946731494248125,0.0507631754456889,0.05221453920928339,0.05335489645210691,0.05159828554775754,0.05577383605809572,0.05607908319885151,0.05827340698428517,0.061158856371429544,0.06603705124350798,0.06386000559811704,0.0646029656199566,0.06362387101753293,0.061239487691629194,0.0659621793033226,0.0658469917030368,0.06736170864678723,0.06649204226463454,0.0670046270859037,0.07123201201637072,0.06857693782979614,0.06950995739210629,0.06960786685234933,0.06510979106121208,0.06909528203107955,0.06996494841323346,0.06983248267290548,0.06922198839139328,0.06845023146948302,0.07294830726061963,0.07072518657511581,0.06945812297197794,0.06609464504365058,0.07084613355541527,0.06929686033157866,0.07069063029503025,0.0705639239347159,0.0701031735335757,0.07182522815783952,0.0739792362831722,0.06938901041180744,0.0642113277789869,0.06749417438711582,0.06593914178326556,0.06350868341724716,0.06031798688934755,0.05725399672176059,0.054996319756171086,0.05169619500799996,0.05122968522684443,0.04382888190852047,0.04475038271080171,0.042279608684684465,0.04181309890352938,0.041369626642430976,0.040897357481262005,0.04125443904214577,0.04259637458546878,0.043443003447565035,0.0449980360514149,0.04729602867710514,0.05075165668566083,0.05387324065339034,0.056395849099636325,0.05962686128763632,0.06073266225037321,0.060243114949162166,0.06077297791047411,0.05627490211933686,0.05116057266667376,0.042815231026009905,0.036024921989197836,0.027840842988934026,0.021488246833204976,0.016080188999814605,0.011852804069347375,0.008374138540734396,0.005402298453376111,0.0035823343688698725,0.0019985048649482696,0.0012497854630944734,5.816973814402848e-4,2.82209620698752e-4,1.2094698029946516e-4
H-12-8498,18.7,0,0.04589105124500739,0.04708854500645118,0.047243060330507604,0.05037199564266804,0.05095142810788278,0.05829090600060282,0.0555868878296007,0.05238069485541154,0.05500745536438596,0.05674575276003018,0.05585728964670091,0.052766983165555635,0.05520059951945656,0.05956565742407525,0.05709341223915902,0.0640466018217359,0.062462819750148946,0.06493506493506401,0.06756182544403866,0.07038173010808373,0.06763908310606728,0.07331752126517108,0.07578976645008728,0.07633057008428838,0.08104328746803494,0.08343827499092253,0.077837094493846,0.07563525112603002,0.07706451787356039,0.07327889243415742,0.07899595942427619,0.0772962908596456,0.07814612514196054,0.07598291060515953,0.07536484930893049,0.07822338280398987,0.07903458825528979,0.07621468359124475,0.07320163477212879,0.07200414101068499,0.07617605476023044,0.07482404567473006,0.07602153943617386,0.07304711944807087,0.07803023864891828,0.07702588904254538,0.07092253374228415,0.0743604997025576,0.07011132829098352,0.07343340775821469,0.07644645657733064,0.07436049970255827,0.0772962908596456,0.07505581866081595,0.07038173010808373,0.07656234307037359,0.07053624543214099,0.06659610466868016,0.06957052465678308,0.06512820909013675,0.06439426130086416,0.0640466018217359,0.05686163925307262,0.04990844967049625,0.043959609694291586,0.03994221126880237,0.033027650517240166,0.03055540533232367,0.025610914962491498,0.021748031861059898,0.023331813932646644,0.019468930831215255,0.02055053809961592,0.020164249789472944,0.021052712902802213,0.021052712902802022,0.020705053423673368,0.02213432017120286,0.022250206664246007,0.02460656535611928,0.024297534708004755,0.022636494974388764,0.022250206664246007,0.021941176016131478,0.02116859939584516,0.019777961479329784,0.01962344615527217,0.018039664083685566,0.016610397336155873,0.014485811630368495,0.01058429969792258,0.00788028152692032,0.005562551666061502,0.0043264290736033904,0.0020473280437587472,0.00131338025448672,5.794324652147397e-4,2.704018171002119e-4,3.8628831014315985e-5,3.8628831014315985e-5
K-04-4340,39.7,15,0.026732459874518288,0.03054287731765675,0.030584553758440533,0.032555254029814254,0.03416277388863829,0.03781839312314925,0.03638948658197233,0.035966768396873516,0.038961518356090796,0.040116551143542144,0.04075955908707176,0.03904487123765945,0.04381384681883665,0.04566547154511253,0.04728489895844638,0.05111913151060446,0.05042849334903561,0.05167878657256449,0.05286358824629128,0.05445324677335061,0.05391740682040927,0.0583470170980572,0.06149061148864641,0.0626277829443336,0.06404478193100072,0.0672717292031586,0.06600357464786348,0.06810525801884453,0.06861728286276687,0.06672398169570745,0.06954011833727697,0.06971873165492345,0.07136197417727691,0.07127266751845399,0.07184423013492476,0.07513666895688659,0.07440435435453274,0.07491042542119956,0.07582135334120053,0.07245746919217985,0.07645840750747455,0.07677991147924006,0.07600592043610255,0.07592852133178811,0.07651199150276938,0.0795067414619853,0.07435077035923927,0.0743448165819837,0.07188590657570909,0.07400545127845486,0.07351128776629717,0.07381493040629793,0.07121908352315921,0.07040341603923803,0.07004023562668889,0.06951034945100182,0.06434842457100082,0.058436323756880765,0.05864470596080292,0.055382036025115614,0.05173832434511399,0.04821368821021138,0.04426038011295482,0.041170369717660124,0.03705035585726666,0.03590127684706989,0.031602649669029634,0.0316800487733431,0.03116207015216675,0.03078698218510781,0.031906292309029444,0.03275172867922608,0.035246361349030475,0.03791365355922772,0.040086782257267625,0.04257546114981705,0.044159165899621856,0.04686813455060269,0.04878525082668215,0.05170260168158503,0.05345896597178167,0.05506053205334982,0.05622747239531196,0.0553641746933509,0.05441752410982119,0.052119366089428305,0.050208203590603274,0.04690385721413253,0.041063201727071855,0.035978675951383966,0.028447147723930595,0.022034929620398755,0.016164505247063952,0.0117527563011802,0.008537716583532121,0.005382214638432984,0.0030066575137264445,0.0016849189631377897,6.608692752943274e-4,3.1555019450990406e-4
K-04-4355,20.2,15,0.01937843417592888,0.018563113128707228,0.019756976090710008,0.02188263453525252,0.02355695454293984,0.025537019943335276,0.024881851244675023,0.025551579247749496,0.028536236652757778,0.030385268313421164,0.0345783479848468,0.03251092675796333,0.03673312503821765,0.03719902277948782,0.040489425577203766,0.04375070976609037,0.04086796749198525,0.043474082982210824,0.04389630281023709,0.04618211360334065,0.04485721690160547,0.050244159535033785,0.05191847954272109,0.052588207545796475,0.05542727190665758,0.059460199229521817,0.058047946701298085,0.06114907854162327,0.06282339854931113,0.0618916030667721,0.0643084475996077,0.0667398514368574,0.07033599962728143,0.07045247406259943,0.0732041825969725,0.07640722956820042,0.07662561913441983,0.0766401784388345,0.07744094018164216,0.0733060977278752,0.07860568453481524,0.08038191967340597,0.08022176732484457,0.08064398715286936,0.08303171307687633,0.08978723032528349,0.08396350855941537,0.08434205047419609,0.08033824176016195,0.08329378055634043,0.0840217457770733,0.0857834216112494,0.0841818981256347,0.08326466194751109,0.08425469464770881,0.08739950440127725,0.08432749116978216,0.07907158227608475,0.07942100558203759,0.0742087746015849,0.07295667442192243,0.06579349664990429,0.06017360514584023,0.05522344164485217,0.04932692335690987,0.044566030813311626,0.03770859843400135,0.036543854080827234,0.032525486062378,0.032641960497695376,0.031462656840106636,0.03229253719174324,0.03286035006391517,0.03610707494838739,0.035189838770263035,0.03834920782824659,0.04258596541291658,0.042323897933452106,0.045235758816386945,0.04849704300527355,0.05018592231737554,0.05356368094157857,0.053694714681311574,0.05566022077729234,0.05373839259455559,0.054641069468265274,0.049734583880519816,0.045221199511972274,0.03722814138831716,0.030385268313421164,0.02411020811069739,0.017966181647705342,0.012986899537887724,0.007643634817702976,0.004440587846475062,0.0021838956622008115,0.0010919478311004253,6.697280030749274e-4,2.475081750494297e-4,1.1647443531737868e-4
K-05-194,47.7,20,0.020920309712541225,0.02201230390083321,0.02127664465819402,0.021713442333511194,0.023541095764441994,0.025271044452209825,0.024862983466058607,0.02613314512717672,0.0281504607066008,0.0276389476394535,0.029690747245875813,0.029972366799698485,0.03246671141927013,0.03375986243172174,0.03532313832232922,0.03783472495540079,0.03735769591525218,0.039122128630018016,0.03954168429183616,0.042122238978905116,0.04115093888510856,0.044811993084802874,0.046731603921063514,0.04795578687951758,0.05007080720210416,0.05374910341529822,0.05365139867213478,0.054996275725083844,0.05663426700752231,0.055260653265407654,0.05929528442425489,0.06069763485553459,0.06130685266584485,0.06268621374579317,0.06328393688043721,0.06816917403858556,0.06632427859415484,0.06786456513342982,0.06865195041656728,0.06757719824177465,0.07141641991429531,0.07230150994059577,0.07293946444007161,0.07357167160171368,0.07502574807349262,0.07934774612399494,0.0786408235705224,0.0781982785573718,0.0724566880620899,0.07783044893605309,0.07793390101704849,0.07822701524653808,0.07645683519393776,0.07570968127563339,0.07465791845217322,0.0781235631655413,0.0745774557225096,0.06977268129402424,0.0713646938737979,0.06875540249756337,0.06597369098633478,0.06235286815147246,0.05903090688393105,0.05391002887462546,0.05026046935059698,0.04832936383866967,0.0399210085888218,0.04032332223713954,0.03871981498170061,0.0371795284424256,0.037012855645264915,0.03762207345557551,0.03924857006234691,0.04068540452062619,0.042691225424383576,0.04534074816544952,0.04841557390616683,0.05079497176907629,0.05416865907711567,0.0584216890736213,0.062329878800139994,0.06627829989148931,0.06998533279385014,0.07155435602229072,0.0726808342375814,0.07262910819708336,0.06890483328122315,0.06553114597318545,0.06002519632906059,0.0521341014841927,0.04288663491070951,0.03423114413403663,0.024104334872087334,0.01660980633770443,0.010270492707777794,0.006195630184098637,0.003293224578375308,0.001752938039100295,8.21869310135548e-4,4.885237158148363e-4
K-05-232,3.3,25,0.04377841387438978,0.04462030644889728,0.03704327327832916,0.046725037885166014,0.04083178986361354,0.05346017848122598,0.06103721165179345,0.05640680249200122,0.055143963630240975,0.05556490991749472,0.057669641353763464,0.055143963630240975,0.057248695066508704,0.06272099680080843,0.05851153392827096,0.05809058764101721,0.07240276140764464,0.07156086883313588,0.07450749284391338,0.07619127799292837,0.07324465398215213,0.08797777403603253,0.09345007577033121,0.09429196834483952,0.09723859235561576,0.11028792726048195,0.10776224953695851,0.10355278666442107,0.11996969186731815,0.08545209631251083,0.08671493517427206,0.09808048493012239,0.09513386091934618,0.10102710894089949,0.0993433237918845,0.10734130324970571,0.1191277992928096,0.09892237750462989,0.09976427007913825,0.0993433237918845,0.09345007577033121,0.08629398888701832,0.09345007577033203,0.09471291463209244,0.100185216366392,0.09765953864286865,0.07703317056743586,0.09471291463209244,0.0791379020037046,0.08166357972722708,0.08250547230173386,0.08545209631251083,0.07156086883313652,0.06987708368412215,0.06693045967334592,0.06945613739686779,0.05388112476847973,0.04504125273615063,0.04335746758713603,0.03872705842734481,0.03830611214009072,0.03199191783128484,0.020626368075433464,0.02188920693719489,0.01810069035191116,0.011365549755851093,0.010523657181343698,0.008418925745074884,0.009681764606836202,0.009681764606836202,0.008839872032328628,0.007577033170567462,0.005893248021552419,0.002946624010776235,0.010523657181343698,0.007577033170567396,0.008418925745074957,0.008418925745074884,0.007156086883313714,0.010102710894089949,0.010102710894089949,0.00883987203232855,0.007156086883313714,0.013470281192119932,0.010523657181343698,0.006314194308806218,0.00841892574507481,0.006735140596059966,0.0046304091597912265,0.004209462872537479,0.005472301734298722,0.004209462872537405,0.003367570298029983,0.002946624010776235,0.002946624010776235,0,0,8.418925745074957e-4,0,0
K-05-265,2.2,30,0.04200064772083247,0.04301271152133446,0.04736458586349216,0.04695976034329221,0.04817423690389459,0.05809246214881407,0.0556635090276093,0.06325398753137307,0.06244433649097261,0.06467087685207698,0.06568294065257897,0.06467087685207698,0.06932637033438489,0.07519634037729765,0.08015545299975739,0.08177475508056058,0.0870374868431709,0.08804955064367131,0.09280625050603224,0.09169298032548004,0.1029268885110521,0.11092219253501683,0.10879685855396266,0.11578009877742734,0.12256092624079065,0.14067686826977624,0.13794429600841965,0.13723585134806826,0.1495830297141937,0.14017083636952524,0.14573718727228616,0.15140474455509595,0.1398672172293734,0.13177070682535874,0.12195368796048947,0.11426200307667436,0.10687393733300891,0.09978949072949506,0.10100396729009833,0.08865678892397408,0.09068091652497726,0.08511456562221713,0.08400129544166494,0.08207837422071045,0.08177475508056058,0.0793458019593551,0.07782770625860282,0.07286859363614244,0.060521415270018836,0.06983240223463712,0.06173589183062068,0.05515747712735831,0.04938871346449654,0.04422718808193684,0.03562464577766995,0.03137397781556133,0.023479880171646105,0.017812322888834817,0.01649663994818239,0.01649663994818239,0.012448384746174334,0.012043559225973648,0.00981701886486919,0.006780827463363314,0.007185652983564109,0.0075904785037648375,0.0031373977815561606,0.0026313658813051435,0.0020241276010039746,0.0021253339810541733,0.0010120638005019784,7.084446603513911e-4,3.036191401505935e-4,2.0241276010039746e-4,0,0,0,0,0,0,0,0,0,0,1.0120638005019873e-4,1.0120638005019873e-4,0,0,0,0,0,0,0,0,0,0,0,0,0,0
K-05-267,5.6,2.5,0.022305188588933645,0.02364541451273223,0.022943391409789706,0.027825642989342113,0.027857553130384936,0.029772161592954347,0.02980407173399717,0.029835981875039465,0.0335056480949647,0.03548407683961976,0.036792392622375526,0.03765396643053176,0.04020677771395693,0.04502520901142399,0.04904588678281976,0.05338566596464375,0.05909758121130917,0.060629267981363616,0.06557533984300234,0.06800051056225694,0.06624545280490164,0.064809496457974,0.06918118578084079,0.06729848745931481,0.07010657987108328,0.07307422298806587,0.07706299061841812,0.07396770693726427,0.07671197906694775,0.07642478779756234,0.08006254387644422,0.07987108303018657,0.08303018699342607,0.08727423575212234,0.09186929606228893,0.0990171676558814,0.09317761184504386,0.09812368370668145,0.09844278511711058,0.0961771651030701,0.1002297530155078,0.09751739102686868,0.09703873891122634,0.0943263769225855,0.08800816899610728,0.0847214244686957,0.07939243091454493,0.07779692386240306,0.07275512157763764,0.07288276214180893,0.07527602272002001,0.07687152977216187,0.07795647456761717,0.07463781989916422,0.07613759652817693,0.06969174803752595,0.057725445146467755,0.04824813325674874,0.040047227008743524,0.033856659646435756,0.02926159933626891,0.02517710128278776,0.025272831705916005,0.023294402961261174,0.022783840704575998,0.024379347756716956,0.02198608717850541,0.023677324653774843,0.0221137277426767,0.02437934775671717,0.02690024889909999,0.030378454272767995,0.03411194077477804,0.03650520135299011,0.038611270661816466,0.040142957431871636,0.03963239517518682,0.04384453379283913,0.04390835407492517,0.04697172761503623,0.04821622311570634,0.04776948114110597,0.051120045950603286,0.05533218456825599,0.05370476737507199,0.057853085710639046,0.0539281383623708,0.04486565830620987,0.025847214244687056,0.011838662326887527,0.004212138617652705,0.002106069308826315,0.001531686770055529,0.0010211245133703527,7.020231029421176e-4,6.062926798136362e-4,3.829216925138823e-4,1.276405641712941e-4,3.191014104282352e-5,3.191014104282352e-5
K-05-269,6.6,40,0.02739154539915365,0.027995367041219164,0.028544295806732758,0.030218528541551274,0.03222211853567774,0.03628419140048209,0.03587249482634652,0.03729970961668252,0.03823288851805715,0.04114221097528189,0.044271104938712266,0.04561598041422181,0.04954082108764676,0.054398840662447434,0.05728071668139646,0.061699593243784975,0.05879027078656024,0.06021748557689584,0.06101343228689235,0.06510295158997241,0.06307191515757023,0.06661250569513559,0.07276050786889346,0.07031777486235637,0.07223902554165572,0.08159826099367115,0.07775575963507174,0.07860659922161858,0.08365674386434903,0.08113167154298416,0.08631904837709242,0.08684053070433004,0.08944794234052199,0.08980474603810697,0.09128685370499504,0.09845037409495405,0.09276896137188227,0.09318065794601785,0.08985963891465837,0.07783809894989956,0.0769049200485249,0.07501111580750193,0.07300752581337547,0.07083925718959412,0.06784759541754291,0.06943948883753318,0.06658505925686048,0.0660910233678972,0.06362084392308433,0.07141563239338457,0.07243115060958501,0.06968650678201516,0.06452657638618202,0.06257787926860754,0.05686902010726089,0.05313630450176452,0.04597278411180598,0.03611951277082753,0.03768395975254305,0.031426171825682296,0.030932135936719327,0.03161829689361223,0.028708974436387237,0.025497741158130003,0.0271170810163966,0.025552634034681183,0.026321134306401154,0.02928534964017704,0.02901088525742025,0.02923045676362589,0.031234046757752078,0.030300867856378387,0.030300867856378116,0.03644887003013632,0.03224956497395345,0.037327156054958545,0.03718992386358036,0.04081285371597306,0.04512194452525912,0.05110526806936282,0.06008025338551838,0.07534047306680905,0.0910947286370651,0.09694081998979028,0.08535842303744275,0.06556954104065939,0.04149901467286531,0.022423740071251034,0.011774522020277471,0.008041806414781583,0.005599073408243832,0.004309090809285618,0.002936768895500442,0.002305500815159225,0.0011527504075796126,0.0010704110927524783,7.410538334440366e-4,3.019108210327557e-4,1.6467862965423036e-4,5.4892876551410126e-5
K-05-275,3.7,20,0.03515376939127292,0.03719495600108876,0.036287761952281075,0.039689739635308134,0.03538056790347468,0.046040097976957434,0.04558650095255391,0.046266896489158375,0.05080286673319441,0.05034926970879089,0.05738002358704547,0.05397804590401906,0.06327678490429013,0.06463757597750182,0.07280232241676521,0.07665789712419514,0.06758595663612471,0.0739363149777727,0.06985394175814232,0.07189512836795817,0.07189512836795817,0.07438991200217687,0.07348271795336983,0.08482264356345852,0.09230699446611663,0.09208019595391487,0.08550303910006304,0.09139980041730877,0.09480177810033599,0.09026580785630078,0.10183253197859059,0.09616256917354571,0.10546130817381782,0.10818289032023988,0.10591490519822228,0.12201759956454729,0.11748162932051104,0.10840968883244068,0.11612083824730152,0.10931688288124869,0.09003900934409823,0.09434818107593247,0.09729656173455536,0.08777102422208063,0.08799782273428318,0.09117300190510702,0.08028667331942331,0.09253379297831757,0.08119386736823035,0.0768846956363969,0.08709062868547536,0.08799782273428318,0.07756509117300149,0.07711149414859866,0.06554477002630886,0.05692642656264145,0.048308083098975045,0.044452508391544715,0.046266896489159194,0.046493695001360955,0.04694729202576406,0.03719495600108876,0.03651456046448316,0.026308627415404247,0.025855030391000726,0.022906649732377635,0.019277873537149666,0.018824276512745975,0.013381112219903886,0.01769028395173734,0.013154313707702007,0.013154313707702123,0.011566724122289696,0.012473918171096842,0.011113127097886278,0.008845141975868592,0.011566724122289799,0.014741903293114318,0.012020321146693321,0.012700716683298603,0.009752336024675713,0.014741903293114188,0.012247119658895082,0.008391544951465149,0.004535970244035215,0.0029483806586228897,0.0029483806586228377,0.0013607910732105646,0.0013607910732105646,4.5359702440352155e-4,4.5359702440352155e-4,4.5359702440351347e-4,0,0,2.2679851220176077e-4,0,0,0,0,0
L-04-14886,6.8,30,0.029146309909745476,0.02874044310508409,0.026711109081776707,0.031023443881304364,0.03180981081533579,0.034828445175004816,0.036020678913697625,0.039546646779192673,0.04142378075075227,0.042996514618815124,0.04421411503279927,0.046344915757271524,0.05086018395912849,0.05182411762020018,0.05334611813768036,0.05781065298895556,0.05294025133301898,0.054386151824624175,0.05786138633953823,0.05834335317007362,0.0572779528078375,0.06006828708988396,0.059865353687553274,0.06260495461901813,0.06407622178591564,0.07135645759452917,0.06661288931504869,0.07120425754278052,0.07044325728404106,0.07006275715467102,0.07889036015605608,0.08097042752994493,0.08490226220010204,0.08855506344205523,0.08814919663739385,0.10024910075136129,0.0918273645546368,0.0927405648651249,0.09469379886255862,0.0872106296516144,0.09185273122992814,0.09200493128167697,0.0886057967926379,0.09167516450288879,0.09114246432177153,0.09525186571896718,0.09431329873318858,0.10004616734902971,0.09847343348096774,0.10595660269191197,0.1060834360683677,0.10846790354575427,0.1012384010877225,0.10212623472292018,0.09464306551197595,0.09444013210964443,0.0844963953954414,0.07396922514953616,0.07419752522715885,0.06511625547286043,0.05720185278196298,0.050505050505050685,0.04441704843512957,0.03868417981928794,0.034650878447965466,0.03284984450228029,0.025113008538422993,0.024047608176186654,0.018999639793210933,0.017376172574565404,0.01699567244519521,0.01691957241932135,0.015752705355919737,0.015017071772471123,0.015625871979463198,0.017477639275730594,0.016488338939368633,0.01828937288505335,0.021967540802297285,0.028537509702753403,0.0377456128335085,0.039977880259145386,0.034929911876170165,0.029755110116737548,0.020242606882486414,0.013977038085526333,0.010552536921195736,0.006037268719338053,0.004718201604188563,0.0029932676843776903,0.0021561673997635904,0.0018264006209761851,9.132003104881088e-4,5.073335058267272e-4,3.5513345407870903e-4,2.2830007762202314e-4,5.073335058267271e-5,0,2.5366675291336356e-5,5.073335058267271e-5
L-04-14887,5.3,0,0.023951919827193597,0.025274418467958887,0.022629421186427905,0.022776365479846673,0.021527338985790564,0.027845943602780285,0.0303439965908925,0.029021497950126696,0.03445843680660674,0.03328288245925981,0.03607482403420876,0.03945454278283117,0.036883017648009116,0.04452412090576478,0.045258842372856614,0.044009815878800505,0.046654813160331085,0.049079394001733244,0.051577446989846336,0.049446754735280034,0.04922633829515249,0.052973417777320335,0.05554494291214171,0.056573552966070764,0.05481022144505038,0.05804299590025442,0.05554494291214171,0.05921855024760082,0.05863077307392788,0.06098188176862174,0.06223090826267784,0.06017368815482019,0.06450854481066193,0.06421465622382577,0.06788826355928491,0.07170881518816243,0.06935770649346795,0.07273742524209033,0.07516200608349402,0.06950465078688695,0.07685186545780454,0.07170881518816243,0.06685965350535636,0.07097409372106996,0.06847604073295838,0.07325173026905461,0.0662718763316829,0.06744743067902922,0.056867441552907495,0.06605145989155535,0.06325951831660584,0.06722701423890227,0.06017368815482019,0.06333299046331559,0.058851189514055435,0.05877771736734572,0.052385640603647345,0.04672828530703985,0.049740643322116765,0.04569967525311171,0.04107093001043283,0.039821903516377086,0.037617739115101266,0.037838155555229146,0.03401760392635164,0.04092398571701446,0.03328288245925981,0.044744537345891934,0.045552730959693345,0.04503842593272906,0.04709564604058576,0.046360924573494354,0.05253258489706524,0.05025494834908104,0.052091752016810614,0.04915286614844286,0.0542959164180861,0.05275300133719279,0.05539799861872384,0.058410356633800335,0.06208396396925948,0.07214964806841624,0.09081157333254995,0.12402098364510059,0.13342541842387598,0.1166737689741823,0.08970949113191062,0.055618415058851386,0.038278988435484246,0.02586219564163235,0.021380394692372198,0.013959707874744487,0.010800405566249874,0.009330962632066217,0.004922633829515248,0.0034531908953315308,0.00235110869469385,0.0017633315210203876,8.081936138010109e-4,2.9388858683673124e-4
L-04-14889,31.7,0,0.04305727586575756,0.04384788651171747,0.04193336857493147,0.044227689665168796,0.04545236105793022,0.04893259811710666,0.04683980523074221,0.04790945492821652,0.04964569791542344,0.04983172394976695,0.051389691987393814,0.04958368923730894,0.053668510908100826,0.053963052129145664,0.0556837929468231,0.05910977241264936,0.05794710969800244,0.058652458411553865,0.05933455387081443,0.06200092702973803,0.059156278921235234,0.062341974759367244,0.06479131754489006,0.06576020314042974,0.06771347650103655,0.0743484050592883,0.07062013328765324,0.07289120112359686,0.07413137468588755,0.0716820319003647,0.07598388394455831,0.07575135140162825,0.07527853523100518,0.07485222556896864,0.07537929933294191,0.07920058412174812,0.07538705041770556,0.0730307206493545,0.07463519519556788,0.06958148792923594,0.07130997983167707,0.07088367016964049,0.07041860508378173,0.07122471789926962,0.06967450094640769,0.0729144543778898,0.0669538701941339,0.06886838813091856,0.064403763306675,0.0684033230450604,0.06881413053756837,0.06982177155692963,0.06996904216745096,0.07079065715246874,0.06796926229825888,0.06966674986164277,0.06417898184850993,0.059249291938406466,0.0595593353289795,0.05728826749303585,0.05435835745212514,0.051095150766349934,0.048436528692190214,0.04531284153217259,0.04185585772728908,0.04131328179378682,0.035895273543532544,0.03615881042551886,0.036019290899761545,0.03502715204992951,0.03476361516794257,0.035685994254896096,0.037073438427707765,0.03858489995674908,0.041259024200437,0.0445299819709766,0.046638277026870074,0.04869231448941254,0.04935890777914387,0.05050606832426216,0.050250282527039836,0.04825825374261059,0.0441114233937041,0.03927474650077292,0.03268632445110705,0.02764811935430373,0.022803691376607833,0.018974655503037716,0.015130117459938572,0.012494748640072223,0.009394314734347105,0.006681435066837509,0.004487878078537107,0.0030539273971392404,0.002007530953957013,0.001100654036532397,7.751084764312792e-4,2.3253254292938377e-4,1.3951952575763028e-4,3.875542382156396e-5
L-05-14656,40.8,0,0.03162443381007416,0.03403911883146071,0.03219424342827312,0.034772398422094536,0.036855472927971526,0.04033504805550147,0.039017947134745164,0.03989134384460768,0.03978859129050683,0.04089084596177806,0.041703525253308546,0.04040510661511616,0.043982763726105906,0.04479544301763717,0.04659361271441439,0.04958744849528243,0.049218473414645025,0.04935859053387355,0.05113340737744674,0.05353408068691035,0.05117077194257458,0.054711064488436774,0.05741999546020503,0.057681547416100404,0.060806159174915886,0.06417364060706232,0.06268839914323018,0.06375795982001455,0.06565421150025291,0.06236612976900314,0.06714412353472546,0.06692460671459882,0.06853128301509585,0.07057232238520462,0.0713196136877614,0.07548109212887438,0.07429943775670585,0.07538301014541314,0.0751541521840058,0.0712729079813516,0.07612563087732893,0.0761022780241247,0.07643388853963426,0.07661137022399082,0.07734464981462533,0.07960520600485883,0.074481590011704707,0.07329059449825422,0.0690310340736813,0.07328592392761389,0.07143170738314428,0.07291694884697648,0.06943737371944593,0.06869008241688977,0.06926456260573029,0.07118416713917235,0.06712077068152056,0.06174961444439326,0.0630433625119452,0.06108172284273369,0.05792908766007182,0.05352473954562839,0.049353919963233,0.04522046494596633,0.041016951369084516,0.03939626335666418,0.033291827528903944,0.03195137375494246,0.031255458729436754,0.03047547343239313,0.030699660823159888,0.032637947639166776,0.032245619705324184,0.03401576597825581,0.03573920654477735,0.038350055533084716,0.04029768349037363,0.04463197304520248,0.047924725347093626,0.051086701671036946,0.055108062992920544,0.0578169939646878,0.05999815045402638,0.06167021474349715,0.06072208890337825,0.0590220011900616,0.05575727231201575,0.049928400152073955,0.04323080185290894,0.03351134434902999,0.025211740320008908,0.018430071749305926,0.01290945725166814,0.008178169192355613,0.005866236725070616,0.0032553877367628562,0.0019382868160066128,0.0010041726878106548,6.632210310191302e-4,2.6622252653584806e-4
L-05-14660,24.2,0,0.02784983976804527,0.030407333932437046,0.029983439872040083,0.03187683334181133,0.03481583216055989,0.038093946227625596,0.03881456613029952,0.04063731059000343,0.04200790138528594,0.04298285772419772,0.043816516042977365,0.04244592524769558,0.0462609717912626,0.048592389123443776,0.05021731635496341,0.05414540131463697,0.052760680717341975,0.05390519468041137,0.056406169636751255,0.05983971152596231,0.059218000237380886,0.06578835817352492,0.06629703104600064,0.066876352928543,0.06889691461643264,0.072217418089538,0.06930667887481524,0.06978709214326452,0.0720337306633662,0.0697447027372255,0.07306520621033084,0.07450644601567803,0.07558031096868231,0.07665417592168726,0.07782694948878405,0.08328105306588474,0.08141591920013974,0.08362016831420115,0.08288541860951475,0.07806715612300869,0.0847788120792847,0.08388863455245295,0.08545704257591973,0.0859798452504079,0.08749173406582259,0.09003509842820034,0.08557008099202544,0.08438317762291471,0.07953665553238297,0.08583854723027652,0.08670046515308182,0.08702545059938652,0.08674285455912147,0.08578202802222366,0.08321040405581867,0.08340822128400292,0.07713458919013655,0.06689048273055563,0.06701765094867515,0.05886475518705053,0.052025931012654375,0.04710875991205628,0.04083512781818879,0.035183207012903464,0.030477982942503118,0.028740017294877514,0.024698893919098495,0.02505213896942863,0.02654989798282956,0.024995619761375994,0.025857537684181833,0.026465119170750274,0.028400902046560376,0.030138867694185976,0.03138229027134883,0.03198987175791676,0.033572409583397037,0.03395391423775352,0.03608751434174917,0.03550819245920739,0.03870152771419381,0.039196070784655604,0.043717607428884864,0.04496103000604772,0.040524272173898444,0.03507016859679775,0.029983439872040083,0.027044441053292057,0.023865235600318852,0.019004583707773155,0.01462434508367674,0.01048431309380478,0.006457319520038908,0.0037302677314885596,0.002175989510034993,0.0013564609932685428,7.630093087135691e-4,4.804132684492842e-4,1.4129802013214241e-4,2.8259604026428482e-5
L-05-14669,34.7,0,0.029229220382947674,0.03146246418748749,0.03001145283854799,0.033683765511789136,0.035421396386444454,0.03760089902991246,0.03761881275026974,0.037469531747291805,0.03915342146087598,0.03976845919314229,0.04133889534446308,0.03994162515659591,0.043954298516623906,0.046038261318187244,0.0470653146186708,0.050982448136794124,0.05079733969310232,0.05257676924859034,0.05151985974751226,0.05502497769741835,0.05335900170419212,0.055520590627302364,0.05728210646243403,0.05809419511863083,0.06038118008424247,0.06268010753009229,0.060584202248291,0.06296075581568898,0.06445953708558123,0.06273981993128319,0.06725407746131555,0.06834084316298941,0.0700187616364538,0.07207883947754062,0.07216840807932698,0.07775748883079563,0.07462855900839158,0.07605568539685419,0.07720813473983931,0.07351193710612233,0.07810382075770218,0.07747684054519838,0.07624676508066575,0.07609748407768782,0.075404820223874,0.07684388909257411,0.0735955344677896,0.07208481071765908,0.06634047772309472,0.07092639013455618,0.06894990965513663,0.06900962205632814,0.06978588327180928,0.07006056031728806,0.07038897852383803,0.07273567589063994,0.06852595160668182,0.06416694631974523,0.0656657275896375,0.06406543523772126,0.05998707823638197,0.05784937427374812,0.05215281120013539,0.04576358427270909,0.04267645313113933,0.04079551249362548,0.03328369242381008,0.03425103332310243,0.03252534492868559,0.031020592418674803,0.03162368767070266,0.03276419453344921,0.033265778703452514,0.03364793807107459,0.03738593438562521,0.038986226737541096,0.04108213201934219,0.045011208017703294,0.04801474179760618,0.05126309642239137,0.055640015429684664,0.056726781131358116,0.061157441299724224,0.06108578641829514,0.06180233523258599,0.059252615701734374,0.05411137795919655,0.046742867652239915,0.0389503992968269,0.030895196376173904,0.02314452670159452,0.015525224309634853,0.010801973375434594,0.006980379699216718,0.0042813791653878415,0.0024183522482315828,0.001456982589058066,8.240311364344798e-4,4.95612929884506e-4,1.3733852273907997e-4
L-05-14670,36.4,0,0.026946618451222024,0.028881188764839916,0.029127302739648774,0.031697190523123954,0.03331696389221822,0.03688275473654943,0.03714603945378737,0.03726051106997711,0.03862272330264363,0.04056301719707105,0.044054401490878484,0.04264640061173647,0.046612842112733276,0.04826123338587598,0.049978307628732094,0.053051870523444546,0.05268556135163524,0.05480328625115681,0.0563486530697283,0.05851216661572701,0.05782533691858456,0.06053259064148717,0.061728819030676924,0.06325129152600989,0.065386187167961,0.06968459635591082,0.06756114787557815,0.06860283958291086,0.06994215749233923,0.06800758717872134,0.0720083701645761,0.07236323217476573,0.07505903873604981,0.07590612869585948,0.07671315359000186,0.0846059715263305,0.07885377281276179,0.07843022783285729,0.07883087848952441,0.07568290904428819,0.07926014705023775,0.08035907456566636,0.07928304137347653,0.07903120381785693,0.07843022783285798,0.08166405099023628,0.07823562608533428,0.07745149551442931,0.07388570467009879,0.07704512127695405,0.07794944704485758,0.07513344528657423,0.07367393218014588,0.07109259723505283,0.06894625443148268,0.07060609286624298,0.063142543490629,0.054980717256252434,0.054385464852062804,0.0488851036941137,0.0440830193949257,0.039263764353309916,0.03567507918574031,0.03211501192221894,0.0303635961945057,0.030289189643981668,0.02775936692617392,0.0291730913861252,0.029688213658982294,0.0312621983816004,0.03328262240736081,0.03494246084212202,0.036796901024406296,0.036190201458597464,0.03784431631254886,0.03929810583816669,0.04091215562645179,0.042692189258212256,0.045926012415591654,0.051180259598731376,0.055913660928204746,0.05744185700434567,0.054923481448157715,0.0580600037317749,0.060378053959630654,0.06433877187981876,0.055965173155489434,0.04281238445521256,0.03128509270483849,0.02344378699579554,0.017537051600370494,0.01267773149308745,0.008808590865851888,0.0065992886733770165,0.003977888662616675,0.0026214000107602944,0.0012935292629516093,7.440655052376514e-4,4.6361004557115204e-4,1.6026026266657107e-4
L-05-14672,26.4,0,0.02002297331319242,0.024212455941591226,0.023288016112789196,0.02928704053373626,0.031450623111782594,0.03461732124874131,0.035266396022155214,0.034636990181268396,0.039691905840886346,0.04116707578046339,0.04073435926485412,0.03949521651560941,0.04372403700906283,0.043547016616314355,0.047244775931520815,0.04978206822759333,0.046989079808660794,0.04929034491440011,0.05047048086606262,0.05401088872104753,0.05141458962739193,0.05717758685800574,0.056371160624370295,0.0586330878650556,0.06014759566968803,0.06378634818731141,0.06419939577039241,0.06404204431017087,0.06384535498489449,0.060462298590131136,0.06626463368580085,0.0679954997482373,0.0689986153071497,0.07037544058408887,0.06949033862034265,0.077436587361531,0.07653181646525639,0.07552870090634402,0.07425022029204457,0.07430922708962766,0.07692519511581027,0.07924612915407883,0.07908877769385729,0.07794797960725035,0.07716122230614328,0.08465508559919392,0.08019023791540815,0.08144904959717983,0.08137037386706977,0.08587455941591168,0.08239315835850913,0.08565820115810706,0.08742840508559874,0.08656297205438097,0.08819549345417957,0.0932110712487407,0.08744807401812721,0.08144904959717983,0.08512713997985932,0.08255050981873141,0.07659082326283947,0.07214564451158133,0.06852656092648504,0.05973454808660646,0.05001809541792566,0.04498284869083562,0.03512871349446135,0.03270943479355471,0.030270487160120953,0.028303593907351564,0.026376038519637324,0.024763186052366656,0.02553027442094649,0.02594332200402829,0.02718246475327301,0.027752863796575888,0.03038850075528712,0.03204069108761312,0.033732219284995084,0.03512871349446135,0.03611216012084605,0.03880680387713943,0.03894448640483398,0.039770581570997124,0.04018362915407869,0.042327542799597336,0.039554223313191784,0.03737097180261846,0.033181489174219654,0.030368831822759425,0.02503855110775437,0.018095417925478093,0.012470103222557951,0.00715949144008059,0.004504185548841909,0.0025766301611278588,0.0012391427492447174,6.687437059415936e-4,1.7702039274924535e-4,7.867573011077571e-5
L-05-14675,6.2,0,0.03445492922771306,0.034144524459895825,0.03569654829898136,0.03849019120933711,0.03786938167370264,0.04562950086913351,0.04842314377948863,0.04997516761857391,0.051837596225478205,0.053700024832381614,0.05059597715420927,0.053700024832381614,0.060528929724359706,0.06270176309908143,0.06704742984852272,0.06704742984852272,0.06425378693816759,0.0658058107772526,0.07263471566923294,0.06890985845542612,0.06890985845542612,0.07604916811522185,0.07698038241867354,0.08101564440029828,0.08939657313136362,0.08443009684628786,0.0881549540600939,0.0940526446486213,0.10057114477278407,0.09156940650608426,0.10274397814750472,0.10740004966476228,0.09591507325552469,0.10398559721877365,0.09839831139806342,0.11329774025329069,0.10057114477278317,0.1018127638440521,0.09187981127390149,0.09715669232679448,0.09467345418425577,0.0946734541842566,0.09063819220263256,0.08939657313136282,0.09870871616588066,0.09467345418425577,0.09156940650608426,0.09591507325552469,0.09343183511298767,0.08380928731065339,0.091569406506083445,0.08349888254283616,0.07977402532902862,0.06735783461633994,0.056804072510553964,0.06177054879562917,0.04656071517258522,0.0465607151725848,0.038800595977154344,0.030419667246089008,0.028557238639185346,0.027936429103551128,0.02607400049664749,0.027626024335733895,0.0214179289793892,0.017693071765582224,0.016141047926496208,0.020486714675937313,0.014899428855227268,0.018624286069034088,0.013657809783958209,0.018624286069034088,0.01893469083685115,0.018003476533399617,0.016451452694313442,0.016141047926496066,0.015830643158678975,0.020176309908120083,0.023901167121927077,0.02328035758629261,0.026384405264464957,0.023901167121926654,0.023901167121927077,0.011484976409237686,0.009622547802334278,0.00776011919543087,0.007760119195430732,0.006208095356344695,0.006208095356344695,0.005587285820710226,0.0034144524459895826,6.208095356344585e-4,0.002793642910355113,3.104047678172348e-4,0.0012416190712689391,0,0,0,0,0
L-05-14676,7.7,20,0.03172881995191186,0.03370892461458689,0.03253029088680355,0.03705624440148993,0.03493470369148096,0.04294941304040372,0.04049785488661558,0.042053651407288076,0.04210079675640013,0.047758238649757374,0.0474282212059782,0.05294422705200151,0.05346282589222497,0.05963886662580758,0.056480128235349786,0.06341049455471241,0.061477535241148684,0.0625147329215964,0.06647494224694758,0.06572061666116662,0.06331620385648978,0.06760643062561843,0.07118947715807798,0.07364103531186675,0.06920937249540358,0.07538541322898523,0.07618688416387683,0.07637546556032207,0.07882702371411089,0.08019423883833889,0.08203290745367998,0.08523879119324833,0.08943472726415491,0.09480929706284509,0.09169770402149861,0.09876950638819516,0.09556362264862521,0.08759605864881383,0.09245202960727958,0.08410730281457765,0.09000047145349063,0.09018905284993668,0.08396586676724371,0.08429588421102213,0.08236292489745917,0.08811465748903824,0.08269294234123833,0.08580453538258405,0.08335297722879668,0.08915185516948786,0.08877469237659658,0.09084908773749502,0.08321154118146201,0.08363584932346455,0.07642261090943406,0.06878506435340118,0.059544575927584956,0.05341568054311414,0.05171844797510744,0.04728678515864427,0.04191221535995452,0.04181792466173227,0.037904860685493175,0.03729197114704648,0.03705624440148993,0.035547593229927676,0.03314318042525117,0.031021639715241925,0.03144594785724399,0.029465843194568964,0.027061430389891894,0.02522276177455103,0.0237612559521002,0.022629767573428963,0.02385554665032303,0.02352552920654365,0.02493988967988317,0.026967139691669275,0.03187025599924579,0.03917778511149889,0.04181792466173227,0.03908349441327558,0.0373862618452691,0.028381500165008823,0.0196124652303051,0.010607703550044827,0.007920418650699996,0.005327424449578068,0.004054500023572689,0.002640139550233379,0.0018386686153411033,0.001414360473339285,6.600348875583447e-4,5.65744189335724e-4,3.771627928904827e-4,2.82872094667857e-4,2.357267455565517e-4,4.714534911131034e-5,4.714534911131034e-5,0
L-05-14677,10.6,0,0.04025185624068367,0.04149797094906932,0.039687577882168715,0.04446043233126917,0.04389615397275491,0.04944489116481177,0.047752056089269,0.04890412440456808,0.05003268112159746,0.051466888616154526,0.05306567729861159,0.05123177263344025,0.05576951109982475,0.05760341576499707,0.062000084641753994,0.06696103187702517,0.06823065818368225,0.0680190537992382,0.07166335153131065,0.07142823554859637,0.07201602550538205,0.07483741729795268,0.0770239959371954,0.07817606425249603,0.08130310682259587,0.08678130921983845,0.08142066481395228,0.08153822280530942,0.08102096764333874,0.0763421595873247,0.08285487230851007,0.08080936325889518,0.08163226919839513,0.08125608362605302,0.08179685038629585,0.0878628427403241,0.08487686975985208,0.08544114811836633,0.08569977569935279,0.08127959522432444,0.08727505278353764,0.08882681826945263,0.08833307470575266,0.08753368036452334,0.08715749479218128,0.09200088403609451,0.08645214684403847,0.08391289423072357,0.08182036198456727,0.08539412492182423,0.08372480144455215,0.08497091615293854,0.08405396382035213,0.08280784911196722,0.07916355137989597,0.0802215733021095,0.07526062606683903,0.06794851900442452,0.06855982055948223,0.062117642633111134,0.055675464706739536,0.04831633444778326,0.04029887943722617,0.033833189912583994,0.028660638292869973,0.025510084124498476,0.018950348206770468,0.018950348206770298,0.01772774509665624,0.01730453632777055,0.01596437522629905,0.016998885550241993,0.015870328833213338,0.016904839157156286,0.015447120064327786,0.017304536327770396,0.017798279891470526,0.016740257969256142,0.017868814686284807,0.017774768293199097,0.01812744226727051,0.0185741626344273,0.020196462915156116,0.021983344383784596,0.02259464593884171,0.021089903649470356,0.016904839157155988,0.012508170280399364,0.010157010453256628,0.007664781036485325,0.004326134081942637,0.0029389497839283703,0.0017398582720856259,8.229059394999582e-4,6.113015550571118e-4,3.5267397407140444e-4,2.5862758098570116e-4,1.1755799135713688e-4,1.4106958962856425e-4,1.1755799135713688e-4
L-05-14683,8.7,0,0.02277043433894886,0.024329405984561542,0.02253422651385563,0.02470733850471007,0.02541596197998856,0.030659775697049398,0.02943149500656668,0.03103770821719738,0.031084949782216494,0.03335254490310766,0.03727359479964865,0.035525656893961706,0.036848420714480905,0.03906877427035416,0.03911601583537273,0.04591880119804625,0.044029138597303605,0.04776122223376948,0.04620225058815765,0.052485378735626934,0.048186396318937424,0.05352469316603492,0.054800215421536194,0.055367114201759465,0.06169748391424733,0.06533508442067691,0.06519335972562064,0.07010648248755148,0.07038993187766349,0.0693978590122736,0.07473615585937157,0.07497236368446374,0.07298821795368399,0.07837375636580116,0.07955479549126532,0.08295618817260207,0.0783265148007819,0.07780685758557768,0.08234204782736071,0.0774761666304484,0.08432619355813975,0.08579068207371604,0.08357032851784343,0.08853069284479209,0.09032587231549838,0.10043556722947064,0.09897107871389597,0.0992545281040065,0.09783728115345039,0.10605731346668089,0.10265592078534323,0.09845142149869175,0.104640066516123,0.10619903816173659,0.10643524598682942,0.11583631742552306,0.1082776670225535,0.10024660096939639,0.1063407628567923,0.10071901661958292,0.09547520290252125,0.08914483319003423,0.08210584000226716,0.06689405606628959,0.05834333279792913,0.05092640709001381,0.03618703880422163,0.029289770311510723,0.024754580069728634,0.02130594582337331,0.02045559765303894,0.01610937367133104,0.01587316584623807,0.017999036272073683,0.018707659747352175,0.017243171231776475,0.01695972184166523,0.021778361473558782,0.021258704258354744,0.024518372244635805,0.02362078250928305,0.02064456391311302,0.0224397433838189,0.018471451922259345,0.01913283383251927,0.01587316584623821,0.01445591889568097,0.010723835259214505,0.00930658830865752,0.006094161887395027,0.005338296847097969,0.0038738083315223515,0.002456561380965437,0.0012755222555012847,0.0012755222555012847,5.668987802227831e-4,5.668987802227932e-4,3.779325201485288e-4,9.44831300371322e-5,9.44831300371322e-5
L-06-15016,34.4,0,0.03719489063006674,0.039452016471720364,0.038434720317734955,0.04117930056650694,0.04322448970941374,0.047251286985603304,0.046043247802746434,0.04719830281091576,0.04818380846008931,0.04876663438164306,0.04999586723437461,0.04742083634460076,0.05118271274735589,0.05160658614485044,0.051988072202594715,0.0569791814580823,0.055951288469160226,0.05596188530409658,0.056608292235275366,0.059045564270863785,0.058706465552868875,0.062351776771313615,0.06443935325396977,0.0651811316995842,0.06616663734875691,0.07089282573081097,0.0681058581422897,0.06899599227702634,0.07222802693291593,0.06668588226068661,0.07440037809507083,0.07220683326304062,0.07242936679672478,0.07463350846369232,0.0755342394333663,0.08058892969847795,0.07696481214990666,0.0786073215651945,0.07772778426539588,0.07349964712539685,0.07667869760659846,0.07712376467396745,0.07624422737416815,0.07721913618840284,0.07287443386409373,0.07275786867978234,0.06791511511341816,0.06829660117116183,0.06510695385502281,0.06598649115482211,0.06430159439978433,0.06377175265291785,0.061938500208757324,0.06071986419096366,0.05926809780454795,0.05996748891041192,0.05594069163422289,0.051744344999035415,0.052507317114524416,0.05009123874881068,0.04514251683307206,0.043605975767158016,0.04162436763387489,0.0400560360631488,0.036251772320643395,0.03663325837838735,0.03181169848189754,0.0325216864226991,0.0315679712783387,0.031684536462649446,0.03202363518064408,0.033390626887561344,0.03411121166330022,0.03676042039763577,0.03896456206460268,0.044358351047708834,0.04889379640089116,0.05067406467036399,0.05523070369342104,0.05641754920640323,0.05895019275642772,0.058833627572115924,0.0582719953204379,0.054796233460990065,0.0527616411530206,0.04906334575988861,0.04502595164876091,0.03793666907568061,0.029798299843802757,0.02158575276736352,0.014401098679846354,0.009621926123105414,0.005287820633733135,0.003549939704009219,0.001759074599598598,0.0010384898238593948,4.980512420550248e-4,3.8148605774427426e-4,1.4835568912277333e-4,9.537151443606856e-5
L-06-15017,20.9,0,0.04334152593884632,0.048494939084014026,0.04426649752900384,0.04585216311213315,0.048715170415004096,0.05109366878969688,0.05171031651646909,0.05060915986151782,0.052371010509439306,0.05087343745870681,0.054132861157359886,0.04862707788260807,0.05510187901371523,0.05699586846023083,0.05571852674048841,0.061752865209616405,0.05880176537434943,0.06153263387862524,0.06170881894341839,0.0626778367997747,0.061268356281438244,0.06465991877868478,0.06628963062801131,0.07161922883797167,0.07065021098161535,0.07316084815490217,0.07003356325484252,0.07324894068729755,0.0708263960464074,0.06844789767171462,0.07937137168882223,0.07549530026339626,0.07567148532818832,0.07672859571694135,0.08051657460997061,0.08426050723680184,0.08263079538747456,0.08474501616497924,0.08518547882696015,0.08227842525789118,0.08892941145379059,0.08936987411577153,0.08822467119462316,0.0868151906762859,0.07967969555220833,0.08236651779028648,0.07721310464511952,0.07915114035783144,0.07254420042812997,0.07183946016896174,0.06549679783644706,0.06417540985050721,0.06329448452654635,0.0611362174828442,0.06285402186456676,0.06355876212373443,0.06100407868425016,0.0544411850207455,0.05783274751799311,0.055982804337676495,0.0491556330769838,0.04875921668120211,0.042945109543063804,0.038936899319044864,0.032946607116114884,0.033519208576688775,0.02515041799906631,0.025238510531462113,0.02396116881171992,0.024313538941304034,0.02330047481874949,0.022551688293383453,0.022639780825779277,0.02369689121453183,0.02678012984839285,0.029466952086471473,0.029422905820273723,0.03290256084991658,0.03523701295841164,0.04030233357118332,0.04290106327686617,0.04219632301769719,0.04193204542050986,0.04157967529092574,0.038848806786648836,0.036514354678154066,0.03466441149783684,0.03065620127381813,0.024313538941304034,0.0184553855369681,0.011628214276275842,0.008324744311424603,0.0040963027564153535,0.0022904058422967568,0.0016297118493265384,8.368790577622617e-4,2.6427759718808733e-4,1.3213879859404366e-4,1.3213879859404366e-4,0
L-06-15063,6.2,0,0.035637129087652694,0.03757593662869079,0.03480621157006432,0.03942242000110803,0.04200749672249216,0.03923777166386631,0.04089960669904182,0.04468489761249636,0.04200749672249216,0.04726997433388129,0.04671602932215612,0.05437893531768766,0.054009638643203246,0.056502391195967484,0.06074930295252713,0.06555015972081195,0.06859685728530039,0.06961242314012864,0.07182820318703055,0.07524419742600244,0.07690603246117796,0.08318407592739582,0.0841996417822253,0.08936979522499432,0.08493823513119295,0.09269346529534535,0.08106062004911603,0.08678471850360941,0.08900049855051087,0.08706169100947277,0.09315508613844965,0.08346104843325841,0.0901083885739604,0.09703270122052586,0.09333973447569138,0.0966634045460424,0.09758664623225016,0.09343205864431141,0.0981405912439762,0.09841756374983879,0.10220285466329321,0.10561884890226601,0.10331074468674446,0.10986576065882468,0.10921949147847962,0.11180456819986276,0.09721734955776758,0.1029414480122601,0.0881695810329231,0.09020071274258207,0.07939878501394053,0.07598279077496935,0.07035101648909614,0.06471924220322418,0.06721199475598746,0.06176486880735606,0.057333308713555235,0.046069760141809676,0.04376165592628854,0.03812988164041596,0.034713887401443766,0.030097678970400978,0.02483520135901163,0.021603855457281683,0.020034344590727032,0.01800321288106791,0.016710674520376004,0.01818786121830963,0.01791088871244721,0.021234558782798237,0.019203427073139104,0.018095537049688932,0.018557157892793077,0.021603855457281683,0.023450338829698922,0.02400428384142388,0.01901877873589755,0.019111102904518243,0.01791088871244721,0.01560278449692566,0.01800321288106807,0.01449489447347506,0.014310246136233594,0.012094466089332909,0.015141163653821352,0.011355872740366013,0.009971010211052907,0.010801927728640841,0.009140092693465328,0.0081245268386358465,0.004339235925180509,0.0017541592037963447,0.0012002141920712047,1.846483372417238e-4,3.692966744834476e-4,0,1.846483372417238e-4,0,9.23241686208619e-5,0
L-06-15065,22.1,0,0.03349538081157399,0.034393324312133634,0.032973320636829416,0.03508244374279569,0.03491538448687762,0.039885397350440346,0.03907098347783973,0.041096576955845655,0.042683639887068095,0.043727760236556064,0.04642159073823502,0.047382181459763945,0.05187189896256128,0.0532083730099068,0.05247748876526523,0.05876309326918279,0.057656325698725544,0.0597028015837209,0.057865149768623135,0.061415158956882224,0.05863779882724423,0.0636495765047859,0.06415075427254013,0.06477722648223348,0.06684458477421966,0.07120900783507936,0.07039459396247812,0.07384019111578838,0.07665931605940654,0.0714387143119667,0.07876843916537224,0.0793531465610848,0.08096109189929626,0.08173374095791806,0.08386374647087352,0.09000317412586277,0.0865158121585722,0.08858317045055834,0.09094288244040194,0.08749728528709164,0.0931564175813156,0.0898778796839242,0.0900867037538218,0.08885464174142521,0.08791493342688683,0.09054611670759571,0.08655757697255247,0.0841561001687294,0.07937402896807526,0.07939491137506502,0.07916520489817697,0.07718137623415053,0.07429960406956308,0.07066606525334561,0.06753370420488171,0.07104194857916066,0.06358692928381719,0.057635443291735276,0.05751014884979723,0.054628376685210436,0.048781302728077396,0.04462570373711571,0.040198633455286376,0.03508244374279569,0.03245126046208602,0.029820077181376078,0.02543477171352688,0.024474180991997732,0.02382682637531541,0.023680649526387095,0.021738585676339284,0.022970647688735277,0.024202709701130865,0.024641240247916023,0.02601947910924014,0.028379191099082695,0.03080155030989503,0.03278537897392188,0.03568803354549872,0.03994804457140962,0.04218246211931387,0.04362334820160649,0.04731953423879467,0.04399923152742293,0.04399923152742293,0.03982275012947106,0.03648156501110892,0.03078066790290527,0.021780350490318994,0.01495180340466769,0.009313553517432667,0.0062438396899379325,0.0031323610484639015,0.0020464758849964154,9.397083145391704e-4,5.429425817337333e-4,8.352962795903737e-5,8.352962795903737e-5,4.1764813979518684e-5,0
L-06-15070,40.7,0,0.03177301166019647,0.032109888310465635,0.03133805699782308,0.033726043379478446,0.03504796441218022,0.038450845006038334,0.03748285766918897,0.040028621722488125,0.03971306637919873,0.0414187709375236,0.042702313617663065,0.04036123411136218,0.044855765622547415,0.04546981926354516,0.04665528393158094,0.050079485832418114,0.04816483246569845,0.04975540196633551,0.050740446348769,0.05222867357590745,0.050842788622268494,0.05415185546541825,0.05543539814555771,0.05620296519680439,0.057469450831360604,0.0626889067798347,0.06012608568095105,0.06063353278705269,0.06193839677417176,0.060838217334052216,0.06557154748340373,0.0664329282853572,0.06767809261293434,0.06841154557301463,0.06940085421684306,0.07463310294950459,0.0727994705493047,0.07471412391602435,0.07427064073086055,0.07166944127941513,0.07513202153281394,0.07417682698015268,0.07446679675506791,0.07361820873730063,0.07308091180142896,0.07631748620084972,0.07209160315760053,0.07060337593046145,0.06572932515504878,0.06887208580376235,0.06818980398043178,0.06753737198687314,0.06851815210790932,0.0679424768194753,0.06743929397476946,0.07101274502445942,0.06751178641849827,0.06300019786172843,0.06509821446846857,0.06235203012956554,0.05920074095805982,0.05655263463126099,0.052134859825199116,0.04784501286101254,0.04432273294807169,0.042301473046456345,0.03533366992569963,0.0350095860596176,0.03388808531251931,0.03383264991437375,0.03210562404906953,0.03320580348918936,0.034378475373037405,0.03536351975547032,0.03812249687856079,0.04174285480360495,0.04394747794524022,0.048689336617382915,0.05245041516848968,0.05674026213267672,0.06269743530262632,0.06523893509452922,0.0687185723935131,0.06930704046613519,0.06810878301391197,0.06421124809813965,0.056454556619156306,0.04876182906111216,0.038830364270265615,0.02966646653066526,0.021257343058123664,0.014652002156010353,0.009701194675472685,0.006136272148573711,0.003837835256230952,0.0022557942783845977,0.0011769361452441587,6.268464251843889e-4,3.2408386608172486e-4,1.663061944366746e-4
M-04-15549,40.6,0,0.0240663300582329,0.023481434069858538,0.02351472083342414,0.024722554825677305,0.026291787965218277,0.028911931783057898,0.028807316240421835,0.029767877131897904,0.030823543062135084,0.03157487286833955,0.03232144742260601,0.03212172684120989,0.034732360155172885,0.03559781600789004,0.036544111143552625,0.03958747238387451,0.038874184593174065,0.03923082848852359,0.040752509108685234,0.04132789459318359,0.04041013096914902,0.044803983759863344,0.046007062500178074,0.04743839333351737,0.04868426934127414,0.05248371563973849,0.050476999321900806,0.052312526569969924,0.05377238891493729,0.05284035953508871,0.05747673017464158,0.05983057988395251,0.06081491703511911,0.0631545009886171,0.06611702294599293,0.06986416147313926,0.06962164362430048,0.07156178641500567,0.07296458573671717,0.07181857001965847,0.07723480197704313,0.07876123784914277,0.07954109916697524,0.08055872308170717,0.08049690480651384,0.08556124812048621,0.0806062756010879,0.07976935125999868,0.07489997327548437,0.07776263494216214,0.07657857720959874,0.0744624900971881,0.07235591348865215,0.07067255430259975,0.06909381065918278,0.07213241664756602,0.06781940313979799,0.06462862908939744,0.06639282755839711,0.06423869843048177,0.06390107554288299,0.06081491703511965,0.05712959678316686,0.051423294457563835,0.047153078217237195,0.04345349220947052,0.03500340951563967,0.033186903275322255,0.031922006259813764,0.029648995833448356,0.029829695407092204,0.030951934864461163,0.03254969951562987,0.03341515536834669,0.03556452924432402,0.038061036511775226,0.04225992397303217,0.04698188914746867,0.05295924083353879,0.0579807868800699,0.06508037802350829,0.07206584312043333,0.07975508550418538,0.0846434844964524,0.08871398015538293,0.09026419228717189,0.08483844982590902,0.07675452153130552,0.06355869740334735,0.05113797934128366,0.03705767835285694,0.025150527500097126,0.016643381783010305,0.0100145605814342,0.00545902922482738,0.002815109147297693,0.0014170650775248773,7.703508139564769e-4,3.566438953502208e-4,2.377625969001472e-4
M-04-15550,49.4,0,0.02141162114073836,0.023955626808189225,0.023428398269461567,0.025957047765881956,0.02746707125058619,0.030461524601609842,0.030144163733638107,0.031080890166521876,0.030292606720270048,0.03265233833535022,0.03166954338937323,0.03163371232363449,0.03369655796545019,0.034085580964900004,0.03496088271366077,0.03738715773654147,0.037566313065235196,0.038236865866916735,0.038897181221245705,0.040760396639660426,0.039521665509835255,0.041917228190653806,0.04334535209652662,0.044686457699891435,0.0463193305528428,0.05037335970499789,0.04861251876012202,0.05020956054733462,0.051340798479943994,0.05039383459970575,0.05421752118639749,0.05424823352845879,0.056157517459966166,0.057462791997592355,0.05853260524607773,0.06215666160936789,0.06146051518930031,0.06317528762108307,0.06476721068461928,0.063850959146442815,0.06927168752034656,0.06974772882230477,0.07061791184738857,0.06997295266409055,0.07078682972872836,0.0750097767622226,0.07156487572762682,0.07123727741230053,0.06919490666519272,0.07186688042456767,0.07198972979281416,0.07138060167525613,0.07140619529364033,0.071539282109242,0.07228149704240171,0.07733367731156401,0.07359189030370437,0.0719129489376597,0.07739510199568826,0.07731320241685684,0.07612565852380064,0.07559842998507407,0.07043363779501727,0.06491053494757426,0.05613192384158184,0.0508289261122472,0.040719446850244714,0.03782736797276,0.035165631660739306,0.033440621781602606,0.03277518770359706,0.03409069968857697,0.03494040781895261,0.03693671005296868,0.039521665509835255,0.04463527046312141,0.04822861448435018,0.05207277596574932,0.060057984901812855,0.06500779069743656,0.07125775230700901,0.07708285985139211,0.08286189888268529,0.08857951322985352,0.09090341377919496,0.09031476055634416,0.08379862531556813,0.0739809133031536,0.06231534204335376,0.04809552766874913,0.03458721588524243,0.024206444268360005,0.01543295188604498,0.010001986064786698,0.006183418201771919,0.003496088271366015,0.0019553524446000604,9.111328144995047e-4,4.965161966654604e-4,1.7915532869372284e-4
M-05-15736,54.1,0,0.027698539567550872,0.02902296536736546,0.027474135196153233,0.029836981224394356,0.031733418166986,0.03514568463793687,0.03551089175217146,0.037886938037552435,0.03988017686584549,0.041338805279927,0.043013037893978326,0.04260382992260704,0.04631090213637296,0.047309721593376805,0.048722149107464786,0.05141060147851698,0.04976496942160451,0.05047998335007495,0.05102559397857088,0.051894610907020654,0.051003593550002536,0.054532462292365164,0.055295877163686856,0.057121912734860274,0.05887974697747133,0.0625890192340949,0.05952655957738025,0.06047257800581923,0.06222821220557398,0.060276774191561466,0.06368024049108499,0.06516306937659111,0.06602988626218403,0.06679990126207681,0.06835973164757274,0.07258821401840933,0.07115818616146605,0.07215040548989855,0.07283021873266117,0.07030236949015792,0.07520186493232849,0.07587507804652062,0.07745250877487121,0.07719950384633452,0.07779131537482377,0.08202199778851649,0.07806192064621446,0.07785731666052813,0.07510726308948525,0.0800463593030795,0.07882753556039229,0.07900133894608295,0.07758011126056694,0.07765051263198634,0.07673969488925671,0.07902113933179376,0.07492465953236796,0.06926174921887442,0.07070717737581553,0.06751491519054816,0.06328423277685416,0.05847493909181371,0.053245437221116784,0.048299740878952495,0.043510247579623004,0.04079099460857476,0.03356165378101577,0.03244183196688654,0.03099420376708949,0.03101620419565784,0.0313594108813238,0.03201282360980403,0.03347805215245575,0.03482227833798215,0.03591569963782907,0.03796613958039882,0.03969317322301452,0.04186021543699649,0.04443646562235048,0.04779153097902364,0.051005793592859366,0.05392305042102144,0.056158293963566606,0.05800192987759422,0.05832313613469211,0.05674130532062784,0.05280982873546302,0.0472019194933919,0.03974157416586489,0.03174001829555651,0.022876045625368862,0.01617251504059276,0.010426003098540396,0.00601271712772967,0.003535468870933618,0.001907437156875789,9.19617914156971e-4,0.00041800814279862317,1.5620304283527498e-4,7.700149998922006e-5
M-06-15812,22.8,0,0.044345854205843936,0.04756562001232614,0.044543385850412606,0.04835574659060399,0.0487903162086568,0.05224711998862236,0.05066686683206668,0.0554273794661897,0.05600022123544211,0.058706404766043725,0.05775825287211032,0.05455824023008505,0.059832335140088594,0.06040517690934109,0.06024715159368552,0.06747680978492779,0.0656002591615179,0.067694094593953,0.06830644269211952,0.06804965155417922,0.0653829743524915,0.07008422749324404,0.07071632875586631,0.07255337305036293,0.07685956290197717,0.07903241099224123,0.07822253124950575,0.07824228441396269,0.0776891958091689,0.07616820214598406,0.08122501224696226,0.08298304388362972,0.08144229705598793,0.08013858820183022,0.07917068314343986,0.08414848058659027,0.0813830375626171,0.08009908187291562,0.08134353123370393,0.078755866689844,0.08242995527883523,0.08256822743003459,0.08160032237164423,0.07770894897362515,0.07847932238744675,0.08241020211437829,0.07555585404781873,0.07585215151467224,0.06795088573189449,0.07243485406362125,0.0693336072438801,0.06751631611384168,0.06583729713500067,0.06200518323035372,0.06390148701822054,0.06589655662837152,0.061491600954473126,0.056395284524580536,0.054577993394542,0.05212860100188069,0.049975506076073116,0.04557055040217459,0.042271771937864216,0.039210031447037955,0.032810006162987425,0.03462729729302615,0.029590240356505218,0.02773344289755204,0.025876645438599355,0.025540841642831272,0.025501335313917153,0.025580347971745163,0.026291461892194987,0.026311215056652168,0.026884056825903606,0.028326037831260416,0.030084069467928867,0.0315458036377426,0.033619885905722215,0.032810006162987425,0.035476683364675146,0.034666803621939746,0.03437050615508617,0.03186185426905402,0.02846430998245929,0.024316145446500615,0.020405018884024934,0.016276607512523564,0.014498822711398417,0.011101278424803693,0.007723487302665914,0.0051160695943489425,0.0034568037799655627,0.0014419810053570633,0.0012642025252445487,6.716075915361545e-4,2.3703797348335288e-4,1.3827215119862252e-4,5.925949337083822e-5,0
M-06-15813,7.9,50,0.02348734487835667,0.025824394119984197,0.025006426885414122,0.027927738437448973,0.0278108859753676,0.02839514828577448,0.02547383673374007,0.032368131996540705,0.029329967982425494,0.03271868938278541,0.032835541844866784,0.03809390263852873,0.03505573862441232,0.03891186987309836,0.04043095188015625,0.04323541097010929,0.04230059127345828,0.041015214190562414,0.040197246955993506,0.04031409941807488,0.03727593540395909,0.04171632896305103,0.04884432915001494,0.04487134543924856,0.0456893126738182,0.047325247142957466,0.045689312673817796,0.049078034074177684,0.05457009979200281,0.04884432915001536,0.05550491948865382,0.05772511626819947,0.056790296571548465,0.059594755661502,0.06485311645516394,0.06917665755217486,0.0713968543317204,0.06847554277968601,0.07759003482203397,0.06870924770384935,0.07595410035289404,0.06730701815887284,0.06461941153100119,0.06052957535815248,0.0625160672135364,0.06707331323470951,0.06368459183435017,0.057608263806118096,0.05784196873028135,0.06859239524176798,0.06824183785552326,0.06765757554511698,0.06602164107597712,0.06239921475145503,0.06929351001425624,0.061347542592722105,0.05457009979200281,0.049194886536259065,0.046857837294631964,0.04288485358386516,0.04288485358386479,0.041015214190563136,0.04335226343219029,0.04533875528757407,0.036457968169389454,0.044988197901329546,0.04043095188015625,0.04428708312884129,0.049078034074178115,0.04627357498422508,0.03926242725934215,0.045455607749655444,0.04206688634929516,0.041482624038888645,0.04697468975671334,0.05036341115707282,0.04720839468087609,0.057608263806118096,0.05971160812358337,0.06508682137932668,0.06905980509009349,0.09196288765804166,0.12351305242001492,0.1767977751291226,0.17305849634251855,0.1236299048820963,0.0907943630372279,0.05784196873028135,0.04802636191544572,0.03447147631400606,0.02734347612704209,0.016593049615555164,0.0079459674215336,0.005024655869499188,0.0026876066278716587,0.0018696393933019903,5.842623104068823e-4,7.011147724882588e-4,0,1.1685246208137646e-4
M-06-15815,18.6,0,0.046421927158696745,0.04521245013656111,0.04494856424082163,0.044706668836395305,0.04844505235935999,0.05194154047789754,0.052447321778063355,0.05323897946527846,0.05176561654740509,0.053392912904460306,0.05213945489970156,0.05117187328199305,0.05482229483971053,0.05594380989660091,0.055679924000862226,0.06267290023793734,0.0609576419156359,0.06188124255072019,0.06119953732006302,0.06117754682875147,0.06291479564236446,0.06381640578613773,0.0663233217956552,0.07164502069305258,0.07349222196322337,0.07925373068685129,0.07566928060306682,0.07813221562996119,0.0776704153124192,0.07608709993798708,0.08305808568375064,0.08303609519243835,0.08464140105818199,0.08582888758900682,0.0837397909144089,0.09284385431739349,0.08362983845785038,0.08783002229835772,0.08508121088441388,0.08125486539620297,0.08481732498867445,0.08143078932669542,0.08094699851784118,0.0789898447911119,0.0775604628558614,0.08101296999177512,0.07555932814650972,0.07252464034551422,0.06975383844025869,0.07287648820649976,0.07190890658879062,0.07171099216698726,0.06493792084302713,0.06757677980041454,0.06603744540860555,0.0669830365350019,0.060517832089404755,0.05482229483971102,0.05620769579233959,0.05458039943528438,0.049588557907560504,0.044904583258199314,0.03962686534342529,0.03626232017275743,0.032875784510777654,0.029775125235847858,0.024893236164682482,0.025135131569109383,0.02410157847746643,0.02388167356435086,0.02207845327680299,0.02438745486451667,0.02454138830369735,0.02770801905256177,0.03003901113158681,0.03107256422322971,0.03549265297685294,0.03648222508587267,0.038549331269159354,0.042133781352943135,0.04167198103540044,0.041715962018022815,0.03876923618227492,0.03419521398947108,0.034415118902586646,0.029709153761913455,0.024893236164682038,0.0175264215753109,0.013084342330376392,0.009104063402984582,0.005673546758381696,0.003430516644602825,0.002287011096401924,0.0015393343918089872,8.136481785276076e-4,3.5184786098490514e-4,2.199049131155696e-4,1.099524565577848e-4,6.597147393467088e-5,2.199049131155696e-5
M-06-15822,17.8,0,0.03831614943298292,0.03926890314872242,0.03857365043723616,0.041303161082328364,0.04333741901593431,0.0486676898039904,0.04660768176995907,0.046375930866129726,0.05162895135291046,0.052324204064396036,0.054281211696725805,0.054126711094173455,0.05616096902777842,0.05641847003203332,0.05683047163883959,0.06326799674518753,0.059534232183505724,0.06313924624305946,0.06352549774944144,0.06638375889665993,0.06509625387539034,0.07099302687280443,0.0750615427400163,0.07343928641321727,0.07462379103278528,0.08057206423105079,0.08088106543615477,0.08129306704296103,0.08162781834849184,0.07670954916724201,0.08188531935274576,0.0840998279893287,0.0844603293952842,0.08943009877738554,0.08845159496122065,0.09259736112970873,0.09043435269397503,0.08881209636717535,0.08706108953824951,0.08345607547869466,0.08585083481825534,0.08670058813229402,0.0902026017901473,0.08896659696972771,0.08528433260889748,0.09349861464459662,0.08621133622421158,0.08958459937993711,0.08605683562165922,0.0914386066105661,0.09339561424289505,0.0911296054054614,0.08984210038419102,0.08224582075870125,0.08077806503445392,0.08000556202169146,0.06908751944132606,0.06174874082008887,0.060847487305200704,0.05340570828226249,0.04717418397931727,0.041148660479776014,0.03368113135641211,0.03002461709600678,0.026857354743683594,0.024282344701144206,0.020059328231380173,0.019338325419469032,0.020703080742014966,0.01869457290883441,0.01877182321011042,0.01799932019734883,0.01856582240670729,0.020085078331805565,0.018797573310535977,0.019570076323297558,0.01985332742797704,0.020883331444992524,0.022428337470516212,0.023020589780300225,0.02678010444240742,0.028144859764952686,0.026857354743683594,0.026574103639004285,0.01972457692585008,0.016583064673952288,0.014239805535241387,0.011381544388023152,0.010197039768455133,0.007647779826341349,0.004738018478272082,0.0038882651642340857,0.0019312575319043812,9.785038161648865e-4,6.437525106347937e-4,2.832511046793042e-4,5.15002008507835e-5,5.15002008507835e-5,0,2.575010042539175e-5
M-06-15858,4.7,75,0.05225250670809226,0.04783928823612501,0.049074989408274976,0.0550769665301513,0.04889846066939715,0.06125547239090545,0.05136986301369881,0.057724897613330634,0.05807795509108903,0.059666713740997246,0.06460951842960057,0.06196158734642022,0.06143200112978306,0.06761050699053829,0.07008190933483996,0.07043496681259734,0.07343595537353508,0.07414207032904852,0.07378901285129245,0.07873181753989578,0.07414207032904983,0.07590735771783606,0.08120321988419671,0.08137974862307612,0.085439909617286,0.09179494421691883,0.07696653015110819,0.07484818528456393,0.08049710492868267,0.06814009320717436,0.07926140375653185,0.07731958762886557,0.07555430024007868,0.07608388645671542,0.07484818528456459,0.08049710492868267,0.07926140375653114,0.07767264510662295,0.07979098997316791,0.06955232311820389,0.08332156475074097,0.08914701313373849,0.07378901285129245,0.07696653015110819,0.07184719672362685,0.08261544979522623,0.06972885185708258,0.06478604716847869,0.06090241491314807,0.06549216212399402,0.06249117356305573,0.057195311396695585,0.0568422539189377,0.05172292049145619,0.05578308148566606,0.05207597796921311,0.043426069764157756,0.040778138680977044,0.04589747210845942,0.04219036859200693,0.038306736336675404,0.03865979381443312,0.04007202372546229,0.035305747775738014,0.031598644259285526,0.02630278209292459,0.0248905521818953,0.024184437226380327,0.02930377065386255,0.02930377065386255,0.02877418443722623,0.030009885609377313,0.030362943087134425,0.03142211552040683,0.02912724191498386,0.03336393164807213,0.030009885609377313,0.03177517299816393,0.02542013839853137,0.03071600056489207,0.02930377065386255,0.03124558678152759,0.03089252930377076,0.027361954526196962,0.030009885609377313,0.02753848326507565,0.027538483265075166,0.02824459822059041,0.024537494704137918,0.0213599774043215,0.02524360965965268,0.013592712893658895,0.007590735771783673,0.004236689733088561,0.003177517299816421,0.0015887586499081826,0.0015887586499082106,0.0012357011721508306,1.7652873887869007e-4,0
M-06-15864,7.6,5,0.04296052821266918,0.04411383098347909,0.04728541360320551,0.0426722025199667,0.049592019144826166,0.045267133754289,0.05016867053023112,0.05074532191563518,0.044690482368884045,0.0478620649886113,0.04714125075685511,0.048871204913069975,0.05680016146238711,0.056367672923334396,0.05449355592076829,0.06141337254562775,0.05925092985035917,0.058674278464953177,0.059971744082115364,0.06732404924602854,0.06588242078251616,0.06804486347778414,0.06040423262116855,0.06559409508981368,0.06242251247008643,0.06472911801170625,0.058385952772251226,0.06141337254562722,0.06371997808724758,0.06069255831387156,0.06098088400657404,0.06069255831387103,0.055214370152524,0.05982758123576413,0.059683418389412886,0.06285500100914014,0.06271083816278836,0.05925092985035865,0.05795346423319802,0.061557535391978994,0.05925092985035865,0.05838595277225174,0.05665599861603687,0.05809762707954875,0.06299916385549138,0.06732404924602796,0.05622351007698315,0.0632874895481933,0.05953925554306165,0.05535853299887572,0.055214370152524,0.053340253149958376,0.05233111322549925,0.05175446184009475,0.0478620649886113,0.04843871637401583,0.04915953060577245,0.04512297090793737,0.04915953060577245,0.040221434131995644,0.04079808551740024,0.04310469105902042,0.03632903728051187,0.039788945592941924,0.04670876221780139,0.046564599371449744,0.04108641121010308,0.04642043652509851,0.048871204913069975,0.05607934723063192,0.05334025314995791,0.05189862468644599,0.04930369345212326,0.04310469105902042,0.049592019144826166,0.04555545944699108,0.0459879479860452,0.041086411210102716,0.0459879479860452,0.046564599371450154,0.04973618199117741,0.0468529250641518,0.05161029899374351,0.06242251247008643,0.08548856788628464,0.11302367153937126,0.10091399244586542,0.06847735201683845,0.03921229420753697,0.026670126574979188,0.023642706801603172,0.017155378715797122,0.014560447481475124,0.010812213476342914,0.006054839546752032,0.00273909408067349,0.003027419773376016,0.0012974656171611497,5.766513854049554e-4,1.4416284635123885e-4
M-06-15876,7,15,0.035281571901801645,0.038231156691019785,0.03323955166311157,0.04038662249852535,0.03732359214049113,0.04050006806734144,0.041407632617870095,0.04719335662748946,0.04378998956300783,0.04628579207696164,0.04390343513182391,0.04730680219630638,0.050142941416707554,0.05729001225212164,0.05604211099514473,0.06057993374778803,0.05899169578436288,0.06035304261015479,0.0555883287198804,0.060012705903707615,0.058537913509098545,0.06511775650043075,0.06330262739937345,0.0679538957208334,0.06636565775740823,0.07226482733584452,0.07430684757453335,0.07044969823478657,0.07600853110677525,0.07158415392294802,0.07589508553795916,0.07884467032717661,0.0910967917593134,0.08258837409810803,0.09257158415392328,0.0872396424195674,0.08633207786903797,0.0874665335571988,0.08814720697009606,0.08122702727231504,0.07963878930888918,0.07963878930888989,0.08111358170349896,0.07634886781322281,0.07612197667559133,0.0715841539229474,0.06761355901438514,0.06477741979398251,0.06772700458320122,0.06523120206924742,0.06307573626174129,0.06670599446385649,0.06398330081226994,0.06194128057358102,0.05331941734355875,0.06296229069292521,0.04707991105867422,0.05445387303171909,0.04492444525116865,0.046172346508145556,0.04344965285655919,0.03936561237918061,0.03664291872759431,0.035395017470617726,0.03403367064482474,0.03221854154376713,0.028021055497572365,0.03142442256205456,0.031197531424422675,0.02870172891046886,0.035168126332985244,0.03097064028679051,0.03380677950719227,0.03721014657167505,0.038231156691019785,0.03755048327812296,0.03789081998457154,0.04084040477378932,0.042882425012479165,0.05002949584789236,0.045945455370513394,0.05343286291237389,0.05184462494894968,0.05150428824250143,0.05729001225212164,0.04730680219630638,0.04152107818668544,0.0361891364523303,0.027680718791124118,0.021441212506239583,0.016336161909515874,0.011571448019240205,0.009075645505286596,0.005899169578436288,0.004991605027907628,0.002836139220402011,0.002268911376321649,0.0013613468257929894,6.806734128964947e-4,2.268911376321649e-4
